original_size,cleaned_size,word_count,formula_count,section_count,figure_count,table_count,citation_count,filename
31435,9443,1833,552,2,0,0,0,00-5-2001.tex
31435,9443,1833,552,2,0,0,0,00-5.TEX
20523,15000,2141,344,2,0,0,0,00-7-2003.tex
20523,15000,2141,344,2,0,0,0,00-7.TEX
9138,3881,609,114,0,0,0,0,01-01-2000.tex
25498,7550,1157,200,0,0,0,0,01-01-2005.tex
25498,7550,1157,200,0,0,0,0,01-01.TEX
14405,6700,1059,243,0,0,0,0,01-02-2000.tex
14405,6700,1059,243,0,0,0,0,01-02.TEX
13711,1714,423,116,0,0,0,2,01-03-2000.tex
13711,1714,423,116,0,0,0,2,01-03.TEX
21870,4777,750,261,0,0,0,0,01-1-1998.tex
7618,2470,415,100,0,0,0,6,01-1-1999.tex
26747,6722,1294,385,3,0,0,23,01-1-2001.tex
17177,3784,703,269,0,0,0,0,01-1-2002.tex
36671,12546,1997,248,3,0,0,0,01-1-2003.tex
24337,6933,1316,384,5,0,0,22,01-1-2004.tex
24337,6933,1316,384,5,0,0,22,01-1.TEX
38070,6744,1055,669,2,0,0,17,01-10-1997.tex
13076,3034,476,194,0,0,0,5,01-10-1998.tex
24196,11450,1988,438,0,0,0,0,01-10-1999.tex
36285,12443,2522,600,3,0,0,0,01-10-2000.tex
29436,6282,1166,384,2,0,0,10,01-10-2001.tex
24232,4802,877,349,0,0,0,0,01-10-2002.tex
20366,4822,862,256,0,0,0,0,01-10-2003.tex
55786,10965,2451,917,5,0,0,34,01-10-2004.tex
49359,18946,3795,798,0,0,0,0,01-10-2005.tex
49359,18946,3795,798,0,0,0,0,01-10.TEX
21085,4754,846,258,2,0,0,14,01-11-1997.tex
11941,2642,484,174,2,0,0,0,01-11-1998.tex
32689,7019,1394,385,0,0,0,0,01-11-1999.tex
34348,8244,1336,229,0,0,0,0,01-11-2000.tex
33234,6543,1037,298,0,0,0,0,01-11-2001.tex
20686,18405,2564,21,0,0,0,0,01-11-2002.tex
45385,11481,2209,580,4,0,0,34,01-11-2003.tex
46596,17498,2765,743,4,0,0,44,01-11-2004.tex
11347,2908,524,227,0,0,0,0,01-11-2005.tex
11347,2908,524,227,0,0,0,0,01-11.TEX
41793,8503,1438,474,6,0,0,15,01-12-1997.tex
24963,7831,1121,254,6,0,0,0,01-12-1998.tex
53234,12701,2192,589,4,0,0,0,01-12-1999.tex
17637,4067,655,221,3,0,0,0,01-12-2000.tex
22866,6215,887,284,4,0,0,0,01-12-2001.tex
32012,16158,2547,533,0,0,0,0,01-12-2002.tex
44267,9016,1944,485,4,0,0,22,01-12-2003.tex
63803,20347,3825,787,5,0,0,0,01-12-2004.tex
63803,20347,3825,787,5,0,0,0,01-12.TEX
12213,3168,480,124,0,0,0,0,01-2-1998.tex
26985,8621,1406,539,0,0,0,15,01-2-1999.tex
29663,8256,1189,306,4,0,0,0,01-2-2001.tex
27995,7047,1161,221,7,0,0,0,01-2-2002.tex
43627,12556,2329,533,4,0,0,0,01-2-2003.tex
21897,4541,795,293,0,0,0,0,01-2-2004.tex
35045,8311,1490,450,0,0,0,0,01-2-2005.tex
35045,8311,1490,450,0,0,0,0,01-2.TEX
21154,5190,1068,340,3,0,0,0,01-3-1998.tex
49852,16483,2745,892,0,0,0,22,01-3-1999.tex
19312,2701,597,152,4,0,0,13,01-3-2001.tex
39925,8882,1424,298,6,0,0,0,01-3-2002.tex
36108,5162,959,339,3,0,0,26,01-3-2003.tex
13966,11832,1664,271,0,0,0,0,01-3-2004.tex
35472,7922,1872,490,3,0,0,0,01-3-2005.tex
35472,7922,1872,490,3,0,0,0,01-3.TEX
70605,19223,4154,959,5,0,0,31,01-4-1997.tex
46755,6772,1572,563,0,0,0,25,01-4-1998.tex
20494,5176,1023,276,2,0,0,0,01-4-1999.tex
50592,10606,2101,899,0,0,0,31,01-4-2000.tex
26155,6394,1072,249,4,0,0,0,01-4-2001.tex
33739,4085,704,314,0,0,0,0,01-4-2002.tex
13761,4246,714,170,4,0,0,0,01-4-2003.tex
29147,3592,607,286,0,0,0,0,01-4-2004.tex
17292,4464,779,269,0,0,0,15,01-4-2005.tex
17292,4464,779,269,0,0,0,15,01-4.TEX
8682,3611,552,87,2,0,0,8,01-5-1997.tex
10980,2689,476,138,0,0,0,10,01-5-1998.tex
36469,10158,1666,238,0,0,0,0,01-5-1999.tex
39895,10694,2148,794,3,0,0,0,01-5-2000.tex
31362,6201,1306,366,0,0,0,0,01-5-2001.tex
38460,8956,1517,301,4,0,0,0,01-5-2002.tex
20071,4665,742,110,0,0,0,0,01-5-2003.tex
31575,5524,1261,443,0,0,0,0,01-5-2004.tex
40457,4699,939,334,4,0,0,15,01-5-2005.tex
40457,4699,939,334,4,0,0,15,01-5.TEX
55893,19720,3821,766,3,0,0,63,01-6-1997.tex
20366,4562,628,182,0,0,0,23,01-6-1998.tex
40470,7535,1282,503,0,0,0,0,01-6-1999.tex
25185,5677,1343,339,0,0,0,0,01-6-2000.tex
25475,4137,790,393,0,0,0,0,01-6-2001.tex
9396,2644,461,152,0,0,0,0,01-6-2002.tex
35177,21683,3268,650,3,0,0,0,01-6-2003.tex
10357,3594,523,111,0,0,0,0,01-6-2004.tex
36796,7902,1720,332,0,0,0,0,01-6-2005.tex
36796,7902,1720,332,0,0,0,0,01-6.TEX
29090,3512,663,326,0,0,0,6,01-7-1997.tex
26630,6739,1274,390,0,0,0,2,01-7-1998.tex
33240,8530,1636,400,2,0,0,0,01-7-1999.tex
8070,1178,233,91,0,0,0,0,01-7-2000.tex
13109,2904,517,173,0,0,0,12,01-7-2001.tex
14818,2471,398,161,0,0,0,0,01-7-2002.tex
39896,16255,2894,1004,0,0,0,19,01-7-2003.tex
29723,5288,922,382,3,0,0,40,01-7-2004.tex
15581,4873,810,177,2,0,0,0,01-7-2005.tex
15581,4873,810,177,2,0,0,0,01-7.TEX
39894,9450,1494,554,4,0,0,19,01-8-1998.tex
23645,4762,853,198,0,0,0,0,01-8-1999.tex
36334,6297,1223,511,7,0,0,0,01-8-2000.tex
18060,3861,770,241,0,0,0,0,01-8-2001.tex
16954,4514,908,242,0,0,0,13,01-8-2002.tex
13111,4319,766,154,3,0,0,0,01-8-2003.tex
25826,6047,1125,397,6,0,0,0,01-8-2004.tex
9826,3136,564,151,0,0,0,0,01-8-2005.tex
9826,3136,564,151,0,0,0,0,01-8.TEX
11913,2846,450,119,0,0,0,4,01-9-1997.tex
34258,4918,880,360,6,0,0,0,01-9-1998.tex
35527,8339,2000,485,4,0,0,0,01-9-1999.tex
19767,5324,1063,363,2,0,0,0,01-9-2000.tex
35365,8560,1719,493,3,0,0,9,01-9-2001.tex
45083,13851,2918,697,9,0,0,19,01-9-2002.tex
11106,8645,1244,208,0,0,0,0,01-9-2003.tex
35260,6969,1357,415,0,0,0,0,01-9-2004.tex
14002,2366,434,153,0,0,0,0,01-9-2005.tex
14002,2366,434,153,0,0,0,0,01-9.TEX
27704,7223,1244,429,0,0,0,9,02-01-2000.tex
63500,13314,2192,485,2,7,0,63,02-01-2005.tex
63500,13314,2192,485,2,7,0,63,02-01.TEX
22285,9057,1493,338,2,0,0,0,02-02-2000.tex
22285,9057,1493,338,2,0,0,0,02-02.TEX
23353,5526,1120,319,0,0,0,0,02-03-2000.tex
23353,5526,1120,319,0,0,0,0,02-03.TEX
32915,7572,1634,354,0,0,0,2,02-1-1998.tex
13446,3172,489,109,0,0,0,6,02-1-1999.tex
50164,8764,1827,542,3,0,1,20,02-1-2001.tex
13142,2543,460,121,0,0,0,0,02-1-2002.tex
26419,4033,737,299,4,0,0,0,02-1-2003.tex
24160,5252,868,223,3,0,0,0,02-1-2004.tex
24160,5252,868,223,3,0,0,0,02-1.TEX
32102,7725,1423,406,0,0,0,8,02-10-1997.tex
36690,11053,2083,486,4,0,0,0,02-10-1999.tex
27062,7118,1233,334,0,0,0,0,02-10-2000.tex
27243,4230,840,303,3,0,0,0,02-10-2001.tex
44830,12521,2203,645,1,0,0,0,02-10-2002.tex
14332,3270,530,91,0,0,0,0,02-10-2003.tex
55163,12123,2424,637,7,0,0,46,02-10-2004.tex
9139,1891,335,116,0,0,0,0,02-10-2005.tex
9139,1891,335,116,0,0,0,0,02-10.TEX
20791,9202,1816,510,0,0,0,16,02-11-1997.tex
19162,5931,1005,207,0,0,0,0,02-11-1998.tex
33268,9765,1534,436,2,0,0,16,02-11-1999.tex
48315,5163,1028,408,3,0,0,8,02-11-2000.tex
8347,1748,276,74,0,0,0,0,02-11-2001.tex
39387,10028,1714,527,5,0,0,0,02-11-2002.tex
34715,9711,1627,547,5,0,0,29,02-11-2003.tex
28592,5207,990,281,0,0,0,27,02-11-2004.tex
30328,9408,1632,314,6,0,0,0,02-11-2005.tex
30328,9408,1632,314,6,0,0,0,02-11.TEX
25268,5003,892,293,3,0,0,7,02-12-1997.tex
36841,10819,1869,493,5,0,0,24,02-12-1998.tex
21224,5087,992,268,3,0,0,13,02-12-1999.tex
18391,4499,833,218,2,0,0,0,02-12-2000.tex
37940,7992,1429,412,3,0,0,0,02-12-2001.tex
42577,13013,2097,477,6,0,0,40,02-12-2002.tex
33400,6857,1230,261,3,0,0,0,02-12-2003.tex
40356,12091,2389,517,5,0,0,0,02-12-2004.tex
40356,12091,2389,517,5,0,0,0,02-12.TEX
24339,5746,1052,326,0,0,0,0,02-2-1998.tex
24665,6269,1301,403,3,0,0,13,02-2-1999.tex
22759,6525,1299,381,0,0,0,0,02-2-2001.tex
25622,8045,1156,292,4,0,0,0,02-2-2002.tex
28669,4818,823,296,0,0,0,0,02-2-2003.tex
33915,9842,1948,613,2,0,0,0,02-2-2004.tex
64326,17177,2991,805,0,0,0,0,02-2-2005.tex
64326,17177,2991,805,0,0,0,0,02-2.TEX
21437,9580,1383,136,0,0,0,0,02-3-1998.tex
18285,3608,570,178,0,0,0,3,02-3-1999.tex
29549,6401,1475,386,3,0,0,8,02-3-2001.tex
26590,8558,1480,379,4,0,0,15,02-3-2002.tex
16124,4660,700,185,0,0,0,0,02-3-2003.tex
25103,4874,939,307,3,0,0,4,02-3-2004.tex
34612,5676,1187,393,0,0,0,0,02-3-2005.tex
34612,5676,1187,393,0,0,0,0,02-3.TEX
41417,5554,1008,303,1,0,0,9,02-4-1997.tex
9067,2999,506,174,0,0,0,7,02-4-1998.tex
21648,10580,1840,468,0,0,0,9,02-4-1999.tex
32092,5029,951,369,3,0,0,0,02-4-2000.tex
15222,3215,561,180,0,0,0,6,02-4-2001.tex
30066,9902,1763,392,3,0,0,0,02-4-2003.tex
16644,4373,654,173,0,0,0,0,02-4-2004.tex
36239,5465,971,218,6,0,0,36,02-4-2005.tex
36239,5465,971,218,6,0,0,36,02-4.TEX
37804,6281,1144,370,2,0,0,18,02-5-1997.tex
15603,6006,969,171,4,0,0,0,02-5-1998.tex
58886,14232,3078,812,6,0,0,0,02-5-1999.tex
19867,6219,932,257,0,0,0,14,02-5-2000.tex
32517,10358,1771,481,4,0,0,0,02-5-2001.tex
33964,8433,1762,697,0,0,0,0,02-5-2002.tex
47944,14440,2620,617,5,0,0,0,02-5-2003.tex
41299,11595,2257,596,0,0,0,0,02-5-2004.tex
30075,7745,1510,414,5,0,0,35,02-5-2005.tex
30075,7745,1510,414,5,0,0,35,02-5.TEX
29250,9650,1937,477,2,0,0,3,02-6-1997.tex
33335,9381,1590,513,7,0,0,0,02-6-1998.tex
14128,5093,837,279,0,0,0,4,02-6-1999.tex
21101,3527,542,179,2,0,0,0,02-6-2000.tex
34539,8934,1448,502,4,0,0,21,02-6-2001.tex
27095,5223,1027,310,3,0,0,55,02-6-2002.tex
41275,17591,3600,739,4,0,0,20,02-6-2003.tex
22473,4314,701,203,3,0,0,0,02-6-2004.tex
60143,12340,1984,613,7,0,0,28,02-6-2005.tex
60143,12340,1984,613,7,0,0,28,02-6.TEX
9798,3604,572,86,0,0,0,10,02-7-1997.tex
20270,4618,879,254,4,0,0,0,02-7-1998.tex
37251,8544,1471,490,2,0,0,1,02-7-1999.tex
14223,3826,638,157,0,0,0,0,02-7-2000.tex
24299,6826,1141,201,7,0,0,0,02-7-2001.tex
19383,4847,771,155,0,0,0,0,02-7-2002.tex
27622,7686,1308,289,3,0,0,15,02-7-2003.tex
39068,10324,1763,396,3,0,0,0,02-7-2004.tex
66579,14388,3093,834,0,0,0,0,02-7-2005.tex
66579,14388,3093,834,0,0,0,0,02-7.TEX
37221,8974,2202,517,4,0,0,16,02-8-1997.tex
28023,9427,1521,413,3,0,0,12,02-8-1998.tex
27219,7961,1237,300,0,0,0,0,02-8-1999.tex
10145,2077,354,117,0,0,0,5,02-8-2000.tex
32784,6333,1139,410,0,0,0,0,02-8-2001.tex
17480,4389,751,242,0,0,0,0,02-8-2002.tex
50910,15547,3500,1051,0,0,0,0,02-8-2003.tex
50533,9326,1734,506,2,0,0,0,02-8-2004.tex
22739,3809,692,218,6,0,0,0,02-8-2005.tex
22739,3809,692,218,6,0,0,0,02-8.TEX
13529,3490,550,163,3,0,0,12,02-9-1997.tex
21950,6413,1198,356,3,0,0,0,02-9-1998.tex
13066,10653,1386,53,2,0,0,0,02-9-1999.tex
19705,5092,801,189,2,0,0,15,02-9-2000.tex
28120,10503,2232,586,0,0,0,0,02-9-2001.tex
29098,5188,1084,490,4,0,0,9,02-9-2002.tex
12215,3313,533,180,0,0,0,4,02-9-2003.tex
19261,6251,1104,235,0,0,0,16,02-9-2004.tex
44360,6219,1256,376,2,0,0,0,02-9-2005.tex
44360,6219,1256,376,2,0,0,0,02-9.TEX
44697,8283,1743,634,2,0,0,0,02a-10--1.tex
44697,8283,1743,634,2,0,0,0,02a-10.tex
35333,2661,459,287,1,0,0,0,02A-11--1.tex
35333,2661,459,287,1,0,0,0,02A-11.TEX
21320,16243,2225,322,0,0,0,0,03-01-2000.tex
21679,7247,1203,262,3,0,0,12,03-01-2005.tex
21679,7247,1203,262,3,0,0,12,03-01.TEX
20269,7684,1219,183,3,0,0,0,03-02-2000.tex
20269,7684,1219,183,3,0,0,0,03-02.TEX
14134,3930,656,170,0,0,0,0,03-03-2000.tex
14134,3930,656,170,0,0,0,0,03-03.TEX
18915,4962,777,190,2,0,0,0,03-1-1998.tex
29635,10287,1750,313,0,0,0,30,03-1-1999.tex
38412,6732,1256,381,3,0,0,0,03-1-2001.tex
14996,4164,744,218,5,0,0,20,03-1-2002.tex
30117,6033,1051,290,3,0,0,18,03-1-2003.tex
22047,7194,1091,228,4,0,0,0,03-1-2004.tex
22047,7194,1091,228,4,0,0,0,03-1.TEX
20792,3368,662,292,0,0,0,22,03-10-1997.tex
26391,4903,830,284,0,0,0,16,03-10-1998.tex
13704,8713,1256,271,0,0,0,0,03-10-1999.tex
46022,13828,2661,654,3,0,0,0,03-10-2000.tex
47571,14367,2190,605,0,0,0,54,03-10-2001.tex
44186,8414,1491,451,3,0,0,0,03-10-2002.tex
52603,6104,1074,516,3,0,0,0,03-10-2003.tex
47456,20385,3095,791,6,0,0,82,03-10-2004.tex
52723,14719,3001,784,2,0,0,21,03-10-2005.tex
52723,14719,3001,784,2,0,0,21,03-10.TEX
23997,7001,1346,434,0,0,0,3,03-11-1997.tex
23900,5329,938,306,4,0,0,6,03-11-1998.tex
16226,6298,1193,303,0,0,0,25,03-11-1999.tex
30991,7014,1465,393,0,0,0,0,03-11-2000.tex
16344,5716,1111,287,0,0,0,0,03-11-2001.tex
22626,10282,1656,447,2,0,0,0,03-11-2002.tex
46647,7088,1319,492,0,0,0,0,03-11-2003.tex
60774,15590,3036,869,6,0,0,43,03-11-2004.tex
42173,20075,3102,585,3,0,0,0,03-11-2005.tex
42173,20075,3102,585,3,0,0,0,03-11.TEX
31463,8124,1412,371,7,0,0,17,03-12-1997.tex
20998,4424,882,308,3,0,0,5,03-12-1998.tex
39356,8529,1598,491,5,0,0,19,03-12-1999.tex
20922,7683,1263,243,5,0,0,19,03-12-2000.tex
40787,10707,2080,500,3,0,0,0,03-12-2001.tex
22041,9927,1298,173,3,0,0,0,03-12-2002.tex
32813,6115,1170,403,3,0,0,0,03-12-2003.tex
33962,10155,2168,554,5,0,0,29,03-12-2004.tex
33962,10155,2168,554,5,0,0,29,03-12.TEX
10921,1539,244,103,0,0,0,0,03-2-1998.tex
33010,6049,1125,318,3,0,0,37,03-2-1999.tex
49829,9824,1881,586,6,0,0,24,03-2-2001.tex
12110,3201,519,168,3,0,0,0,03-2-2002.tex
41485,11119,2277,629,3,0,0,0,03-2-2003.tex
28686,4258,740,379,2,0,0,0,03-2-2004.tex
14798,6768,1221,244,0,0,0,0,03-2-2005.tex
14798,6768,1221,244,0,0,0,0,03-2.TEX
38742,11956,2010,586,4,0,0,0,03-3-1998.tex
34457,7926,1619,444,3,0,0,7,03-3-1999.tex
18891,5995,901,198,0,0,0,12,03-3-2001.tex
32699,6310,1064,345,4,0,0,0,03-3-2002.tex
31575,6131,1117,466,3,0,0,14,03-3-2003.tex
44986,12164,2518,758,0,0,0,0,03-3-2004.tex
26099,5517,949,226,0,0,0,0,03-3-2005.tex
26099,5517,949,226,0,0,0,0,03-3.TEX
61839,14942,3017,964,3,0,0,60,03-4-1997.tex
16103,3425,581,169,0,0,0,0,03-4-1998.tex
15562,6066,904,190,0,0,0,0,03-4-2000.tex
34786,16238,3079,843,2,0,0,0,03-4-2001.tex
12287,1840,299,116,3,0,0,6,03-4-2002.tex
34256,10378,2016,421,4,0,0,23,03-4-2003.tex
37725,7676,1389,488,7,0,0,0,03-4-2004.tex
43517,11248,2116,546,5,0,0,0,03-4-2005.tex
43517,11248,2116,546,5,0,0,0,03-4.TEX
8446,2574,373,58,0,1,0,3,03-5-1997.tex
36279,15568,2979,684,0,0,0,35,03-5-1998.tex
20816,5622,863,137,3,0,0,17,03-5-1999.tex
12268,3953,701,213,2,0,0,3,03-5-2000.tex
22148,7242,1485,425,0,0,0,0,03-5-2001.tex
23407,5128,819,169,0,0,0,0,03-5-2002.tex
30110,5100,901,324,0,0,0,0,03-5-2003.tex
35062,15101,2814,658,3,0,0,0,03-5-2004.tex
60618,7416,1331,498,6,0,0,54,03-5-2005.tex
60618,7416,1331,498,6,0,0,54,03-5.TEX
19650,5795,1011,226,6,0,0,12,03-6-1997.tex
30862,15268,2148,311,6,0,0,15,03-6-1998.tex
29510,14336,2074,329,3,0,0,0,03-6-1999.tex
21539,3584,688,310,4,0,0,0,03-6-2000.tex
26020,6027,1188,321,3,0,0,0,03-6-2001.tex
46826,13538,2397,519,6,0,0,0,03-6-2002.tex
15493,5568,830,143,3,0,0,0,03-6-2003.tex
22281,6756,1080,346,3,0,0,22,03-6-2004.tex
39611,12841,2872,741,4,0,0,0,03-6-2005.tex
39611,12841,2872,741,4,0,0,0,03-6.TEX
7104,1276,218,81,0,0,0,4,03-7-1997.tex
35697,12106,1927,579,3,0,0,5,03-7-1998.tex
23457,7643,1595,388,3,0,0,0,03-7-1999.tex
41027,9223,1873,575,6,0,0,0,03-7-2000.tex
39679,8917,1467,385,7,0,0,0,03-7-2001.tex
37713,12550,2813,405,5,0,0,0,03-7-2003.tex
17892,4817,858,272,3,0,0,0,03-7-2004.tex
17345,3878,632,152,0,0,0,0,03-7-2005.tex
17345,3878,632,152,0,0,0,0,03-7.TEX
23586,8349,1424,337,0,0,0,12,03-8-1997.tex
26950,10553,1808,410,3,0,0,1,03-8-1998.tex
18976,2516,462,144,0,0,0,0,03-8-1999.tex
26674,7034,1199,316,0,0,0,0,03-8-2000.tex
30348,5789,952,300,3,0,0,20,03-8-2001.tex
28715,5716,902,301,3,0,0,0,03-8-2002.tex
28775,5767,1127,365,4,0,0,14,03-8-2003.tex
51822,14810,2435,529,7,0,0,0,03-8-2004.tex
37089,9519,1440,284,6,0,0,0,03-8-2005.tex
37089,9519,1440,284,6,0,0,0,03-8.TEX
13089,2826,482,165,0,0,0,8,03-9-1997.tex
33558,8285,1360,382,0,0,0,0,03-9-1998.tex
42199,12887,2492,588,5,0,0,17,03-9-1999.tex
16550,5623,1109,315,0,0,0,0,03-9-2000.tex
10544,2725,434,104,0,0,0,0,03-9-2001.tex
50860,13833,3007,1006,0,0,0,0,03-9-2002.tex
19375,4357,747,252,0,0,0,0,03-9-2003.tex
24713,17174,2531,467,0,0,0,0,03-9-2004.tex
37464,11491,2577,782,3,0,0,0,03-9-2005.tex
37464,11491,2577,782,3,0,0,0,03-9.TEX
23485,7120,1011,212,0,0,0,0,03A-11-2000.tex
47713,12235,2619,859,6,0,0,20,03A-11-2001.tex
47713,12235,2619,859,6,0,0,20,03A-11.TEX
40969,6560,1206,428,0,0,0,0,04-01-2000.tex
29002,12579,1870,249,3,0,0,0,04-01-2005.tex
29002,12579,1870,249,3,0,0,0,04-01.TEX
43784,11749,2228,759,3,0,0,0,04-02-2000.tex
43784,11749,2228,759,3,0,0,0,04-02.TEX
12491,1042,214,86,0,0,0,0,04-03-2000.tex
12491,1042,214,86,0,0,0,0,04-03.TEX
11948,1629,256,71,0,0,0,0,04-1-1998.tex
21754,6319,1155,328,2,0,0,4,04-1-1999.tex
52664,17790,3600,907,3,0,0,18,04-1-2001.tex
13451,3979,803,187,0,0,0,2,04-1-2002.tex
26899,5493,850,185,0,4,0,15,04-1-2003.tex
17086,5331,945,246,0,0,0,0,04-1-2004.tex
17086,5331,945,246,0,0,0,0,04-1.TEX
17711,11324,1656,307,0,0,0,12,04-10-1997.tex
30271,8314,1645,531,0,0,0,22,04-10-1998.tex
12961,2694,485,131,0,0,0,0,04-10-1999.tex
62327,13332,2751,1020,6,0,0,0,04-10-2000.tex
25772,6636,1461,387,0,0,0,13,04-10-2001.tex
25783,9128,1444,370,4,0,0,0,04-10-2002.tex
40414,8117,1466,479,3,0,0,0,04-10-2003.tex
51710,18391,3554,1060,8,0,0,30,04-10-2004.tex
63919,18916,3424,927,0,0,0,0,04-10-2005.tex
63919,18916,3424,927,0,0,0,0,04-10.TEX
41545,12975,2744,864,0,0,0,11,04-11-1997.tex
34265,8561,1768,487,4,0,0,0,04-11-1998.tex
34041,6194,1097,371,5,0,0,0,04-11-2001.tex
11601,3768,636,136,0,0,0,7,04-11-2002.tex
22075,3122,613,233,4,0,0,0,04-11-2003.tex
31109,7368,1572,590,2,0,0,12,04-11-2004.tex
21526,3153,577,145,0,0,0,0,04-11-2005.tex
21526,3153,577,145,0,0,0,0,04-11.TEX
37758,7526,1353,398,4,1,1,15,04-12-1997.tex
42009,12204,2623,652,3,0,0,0,04-12-1998.tex
16767,6762,1171,238,0,0,0,0,04-12-1999.tex
19897,8823,1308,269,4,0,0,7,04-12-2000.tex
28750,7359,1158,285,6,0,0,0,04-12-2001.tex
32422,8268,1505,432,6,0,0,0,04-12-2002.tex
46795,7849,1599,765,3,0,0,9,04-12-2003.tex
34278,14441,2583,519,2,0,0,0,04-12-2004.tex
34278,14441,2583,519,2,0,0,0,04-12.TEX
37685,16682,2580,568,3,0,0,11,04-2-1998.tex
47339,13443,2223,612,3,0,0,13,04-2-1999.tex
20810,4273,715,328,0,0,0,0,04-2-2001.tex
44284,7847,1535,460,7,0,0,0,04-2-2002.tex
30337,8216,1338,365,3,0,0,0,04-2-2003.tex
43145,6365,1328,428,0,0,0,0,04-2-2004.tex
36914,5730,1148,326,0,0,0,0,04-2-2005.tex
36914,5730,1148,326,0,0,0,0,04-2.TEX
24691,8153,1438,429,0,0,0,0,04-3-1998.tex
21127,4601,873,303,0,0,0,0,04-3-1999.tex
23889,9867,1425,187,4,0,0,0,04-3-2001.tex
12445,5051,899,246,0,0,0,2,04-3-2002.tex
14174,4186,682,213,2,0,0,0,04-3-2003.tex
39461,6890,1280,413,0,0,0,12,04-3-2004.tex
16667,5194,823,138,0,0,0,0,04-3-2005.tex
16667,5194,823,138,0,0,0,0,04-3.TEX
57526,10440,2290,588,4,0,0,22,04-4-1997.tex
34080,8545,1708,620,3,0,0,0,04-4-1998.tex
14075,4108,875,224,0,0,0,0,04-4-1999.tex
21731,3637,652,280,5,0,0,7,04-4-2000.tex
15360,4616,943,301,2,0,0,0,04-4-2001.tex
17767,3264,579,191,0,0,0,0,04-4-2002.tex
47541,6276,988,475,4,0,0,0,04-4-2003.tex
38679,8451,1436,598,0,0,0,0,04-4-2004.tex
25441,5560,986,401,2,0,0,0,04-4-2005.tex
25441,5560,986,401,2,0,0,0,04-4.TEX
29855,9044,1876,644,0,0,0,25,04-5-1997.tex
16932,4399,801,253,2,0,0,0,04-5-1998.tex
15753,4957,848,169,3,0,0,16,04-5-1999.tex
27221,6197,1229,327,6,0,0,0,04-5-2000.tex
22100,6711,1262,274,0,0,0,0,04-5-2001.tex
16182,5929,906,206,0,0,0,0,04-5-2002.tex
40901,7508,1317,445,4,0,0,0,04-5-2003.tex
13489,3924,629,156,0,0,0,0,04-5-2004.tex
29310,10151,1898,306,0,0,0,6,04-5-2005.tex
29310,10151,1898,306,0,0,0,6,04-5.TEX
14946,3571,585,169,0,0,0,7,04-6-1997.tex
31208,4697,872,275,6,0,0,54,04-6-1998.tex
38671,12973,2382,631,6,0,0,0,04-6-2000.tex
14465,8221,1147,175,0,0,0,0,04-6-2001.tex
41311,11454,2170,821,4,0,0,0,04-6-2002.tex
35807,14990,2809,746,5,0,0,34,04-6-2003.tex
29184,5849,998,314,3,0,0,0,04-6-2004.tex
51624,17285,2922,497,4,0,0,65,04-6-2005.tex
51624,17285,2922,497,4,0,0,65,04-6.TEX
26190,9157,1658,459,0,0,0,43,04-7-1997.tex
18850,3249,540,233,0,0,0,5,04-7-1998.tex
42986,8636,1725,699,3,0,0,0,04-7-1999.tex
32785,6410,1267,487,2,0,0,0,04-7-2000.tex
13716,3966,664,198,0,0,0,9,04-7-2001.tex
24995,3175,584,190,0,0,0,12,04-7-2002.tex
35216,8747,1574,372,0,0,0,0,04-7-2003.tex
61089,18255,3440,776,5,0,0,19,04-7-2004.tex
30110,11677,2444,659,0,0,0,0,04-7-2005.tex
30110,11677,2444,659,0,0,0,0,04-7.TEX
20817,5246,1043,260,4,0,0,23,04-8-1997.tex
18646,3716,663,207,0,0,0,11,04-8-1998.tex
29531,8114,1775,522,0,0,0,27,04-8-1999.tex
25612,7365,1583,336,2,0,0,0,04-8-2000.tex
29967,9308,1975,531,0,0,0,0,04-8-2001.tex
32792,10602,2174,607,2,0,0,43,04-8-2002.tex
36825,12452,2840,562,3,0,0,2,04-8-2003.tex
29271,4155,838,349,0,0,0,0,04-8-2004.tex
40324,9847,1875,632,0,0,0,0,04-8-2005.tex
40324,9847,1875,632,0,0,0,0,04-8.TEX
42350,12268,1957,391,7,0,0,0,04-8a-2002.tex
42350,12268,1957,391,7,0,0,0,04-8a.tex
12653,3488,622,202,0,0,0,6,04-9-1997.tex
7779,1537,236,67,0,0,0,1,04-9-1998.tex
26373,10105,1925,626,0,0,0,0,04-9-1999.tex
22440,9100,1486,301,3,0,0,0,04-9-2000.tex
26271,6586,1169,265,0,0,0,0,04-9-2001.tex
38244,5723,1122,420,5,0,0,0,04-9-2002.tex
17589,7835,1378,340,0,0,0,0,04-9-2003.tex
62582,16691,3210,778,5,0,0,33,04-9-2004.tex
31070,8332,1447,345,0,0,0,15,04-9-2005.tex
31070,8332,1447,345,0,0,0,15,04-9.TEX
19074,3209,600,277,0,0,0,0,05-01-2000.tex
40388,11017,1925,486,0,0,0,13,05-01-2005.tex
40388,11017,1925,486,0,0,0,13,05-01.TEX
38283,13652,2353,488,5,0,0,0,05-02-2000.tex
38283,13652,2353,488,5,0,0,0,05-02.TEX
13248,2709,448,127,0,0,0,0,05-03-2000.tex
13248,2709,448,127,0,0,0,0,05-03.TEX
28964,4729,900,308,4,0,0,0,05-1-1998.tex
44155,11677,2110,675,2,0,0,11,05-1-1999.tex
17928,2237,347,191,0,0,0,0,05-1-2001.tex
32879,15383,2271,409,3,0,0,0,05-1-2002.tex
25386,7529,1247,282,0,0,0,0,05-1-2003.tex
18253,5281,907,242,0,0,0,12,05-1-2004.tex
18253,5281,907,242,0,0,0,12,05-1.TEX
26973,10416,1865,395,3,0,0,24,05-10-1997.tex
34640,7272,1348,613,0,0,0,0,05-10-1998.tex
13962,4260,764,212,0,0,0,17,05-10-1999.tex
27327,4804,939,403,3,0,0,0,05-10-2000.tex
9184,4110,645,122,3,0,0,0,05-10-2001.tex
21854,3061,588,265,0,0,0,20,05-10-2002.tex
39425,6180,1179,459,3,0,0,0,05-10-2003.tex
14986,6184,1314,226,2,0,0,0,05-10-2004.tex
23057,5733,1208,415,0,0,0,0,05-10-2005.tex
23057,5733,1208,415,0,0,0,0,05-10.TEX
21923,6513,1065,367,0,0,0,6,05-11-1997.tex
35130,7446,1519,428,3,0,0,28,05-11-1998.tex
63807,11061,2199,779,3,0,0,10,05-11-1999.tex
45494,12732,2272,517,9,0,0,0,05-11-2000.tex
34639,10190,2257,463,2,0,0,0,05-11-2001.tex
34301,9493,2013,551,3,0,0,23,05-11-2002.tex
40785,17158,2715,681,3,0,0,12,05-11-2003.tex
58154,17077,2440,506,5,0,0,100,05-11-2004.tex
10396,3515,573,134,0,0,0,0,05-11-2005.tex
10396,3515,573,134,0,0,0,0,05-11.TEX
12199,3173,606,115,0,0,0,6,05-12-1997.tex
35002,13080,2364,599,4,0,0,0,05-12-1998.tex
34506,20639,2991,541,6,0,0,0,05-12-1999.tex
18558,7027,1158,260,0,0,0,0,05-12-2000.tex
17736,12158,1768,235,2,0,0,0,05-12-2001.tex
12936,3527,552,151,3,0,0,0,05-12-2002.tex
35456,13735,2668,709,0,0,0,8,05-12-2003.tex
37531,10992,2411,609,2,0,0,0,05-12-2004.tex
37531,10992,2411,609,2,0,0,0,05-12.TEX
17338,3164,557,134,0,0,0,0,05-2-1998.tex
46238,15057,2722,730,5,0,0,22,05-2-1999.tex
28027,8162,1252,353,4,0,0,0,05-2-2001.tex
13768,5334,861,195,0,0,0,10,05-2-2002.tex
35336,9512,1777,540,0,0,0,32,05-2-2003.tex
20576,3881,795,244,0,0,0,0,05-2-2004.tex
33403,8818,1891,456,0,0,0,0,05-2-2005.tex
33403,8818,1891,456,0,0,0,0,05-2.TEX
33482,11124,1867,604,2,0,0,0,05-3-1998.tex
24329,4639,830,242,3,0,0,0,05-3-2001.tex
20702,3195,644,232,0,0,0,0,05-3-2002.tex
31939,10332,1876,418,3,0,0,0,05-3-2003.tex
18051,5561,1121,340,0,0,0,4,05-3-2004.tex
13318,9257,1321,182,0,0,0,7,05-3-2005.tex
13318,9257,1321,182,0,0,0,7,05-3.TEX
39169,9573,1629,398,0,0,0,21,05-4-1997.tex
23106,6193,1181,304,3,0,0,11,05-4-1998.tex
12522,3280,564,172,0,0,0,0,05-4-1999.tex
18165,5429,966,296,2,0,0,0,05-4-2000.tex
14846,3935,715,215,0,0,0,0,05-4-2001.tex
12362,3230,588,166,0,0,0,0,05-4-2002.tex
65415,17287,3066,782,4,0,0,0,05-4-2003.tex
44777,10194,1691,630,3,0,0,0,05-4-2004.tex
21693,4602,821,230,3,0,0,0,05-4-2005.tex
21693,4602,821,230,3,0,0,0,05-4.TEX
23057,6077,1038,348,0,0,0,12,05-5-1997.tex
25976,5574,1035,248,2,0,0,25,05-5-1998.tex
66248,21050,3221,757,4,0,0,49,05-5-1999.tex
22724,9142,1849,404,4,0,0,17,05-5-2000.tex
61955,13934,2723,943,3,0,0,47,05-5-2001.tex
27635,5881,987,365,0,0,0,0,05-5-2002.tex
42937,6809,1423,555,0,0,0,0,05-5-2003.tex
17124,8474,1319,310,2,0,0,17,05-5-2004.tex
28560,4086,672,186,3,0,0,0,05-5-2005.tex
28560,4086,672,186,3,0,0,0,05-5.TEX
40466,9271,1514,456,4,0,0,69,05-6-1997.tex
36286,6362,1178,465,2,0,0,29,05-6-1998.tex
20085,2964,469,198,0,0,0,21,05-6-1999.tex
44481,12103,2075,491,5,0,0,0,05-6-2000.tex
41985,10980,2151,591,0,0,0,0,05-6-2001.tex
17520,5098,913,297,0,0,0,0,05-6-2002.tex
23043,6635,1107,288,2,0,0,15,05-6-2003.tex
37473,10311,1980,509,4,0,0,0,05-6-2004.tex
28535,6769,1112,307,0,0,0,0,05-6-2005.tex
28535,6769,1112,307,0,0,0,0,05-6.TEX
29831,8309,1411,291,2,0,0,46,05-7-1997.tex
29692,9325,1644,422,3,0,0,5,05-7-1998.tex
9425,2141,338,124,3,0,0,9,05-7-1999.tex
17215,5301,905,278,0,0,0,8,05-7-2000.tex
20098,8782,1710,439,0,0,0,0,05-7-2002.tex
9179,2581,428,121,0,0,0,0,05-7-2003.tex
22168,5582,918,216,0,0,0,0,05-7-2004.tex
24136,8812,1811,545,0,0,0,0,05-7-2005.tex
24136,8812,1811,545,0,0,0,0,05-7.TEX
24305,6348,1175,350,4,0,0,5,05-8-1997.tex
23048,3438,612,293,3,0,0,0,05-8-1998.tex
13031,3190,583,187,0,0,0,10,05-8-1999.tex
40160,10049,1935,589,6,0,0,0,05-8-2000.tex
33881,6596,1171,460,0,0,0,0,05-8-2001.tex
42128,17731,3238,790,3,0,0,11,05-8-2002.tex
27791,5454,844,354,4,0,0,0,05-8-2003.tex
58948,17988,3893,1129,0,0,0,0,05-8-2004.tex
30094,4904,918,341,2,0,0,9,05-8-2005.tex
30094,4904,918,341,2,0,0,9,05-8.TEX
56661,17582,2941,714,2,0,0,38,05-9-1997.tex
13476,4055,608,162,0,0,0,9,05-9-1998.tex
38708,9344,1518,371,3,0,0,0,05-9-1999.tex
22345,4219,795,212,0,0,0,3,05-9-2000.tex
21039,8833,1479,483,0,0,0,0,05-9-2001.tex
32520,5907,1009,375,3,0,0,20,05-9-2002.tex
19244,4275,799,268,0,0,0,0,05-9-2003.tex
18165,4762,810,199,0,0,0,10,05-9-2004.tex
47789,7241,1511,499,0,0,0,0,05-9-2005.tex
47789,7241,1511,499,0,0,0,0,05-9.TEX
11542,2373,344,133,0,0,0,9,05A-10-1997.tex
11542,2373,344,133,0,0,0,9,05A-10.TEX
27108,5549,1058,306,4,0,0,0,06-01-2000.tex
26015,15125,1952,148,6,0,0,15,06-01-2005.tex
26015,15125,1952,148,6,0,0,15,06-01.TEX
33696,9311,2126,522,0,0,0,20,06-02-2000.tex
33696,9311,2126,522,0,0,0,20,06-02.TEX
11880,2782,553,159,0,0,0,0,06-03-2000.tex
11880,2782,553,159,0,0,0,0,06-03.TEX
30114,6416,1231,391,2,0,0,0,06-1-1998.tex
22559,7008,1405,440,0,0,0,11,06-1-1999.tex
40662,9999,1720,530,3,0,0,0,06-1-2001.tex
27645,4891,922,355,3,0,0,10,06-1-2002.tex
29903,7909,1363,310,2,0,0,15,06-1-2003.tex
44717,13838,2515,756,4,0,0,11,06-1-2004.tex
44717,13838,2515,756,4,0,0,11,06-1.TEX
8249,1246,218,107,0,0,0,8,06-10-1997.tex
12261,2408,436,151,0,0,0,2,06-10-1998.tex
19933,3898,762,310,0,0,0,0,06-10-1999.tex
37973,7238,1128,323,4,0,0,12,06-10-2000.tex
32933,11271,2265,673,0,0,0,0,06-10-2001.tex
46839,14084,2400,725,4,0,0,0,06-10-2002.tex
18521,7497,1327,259,5,0,0,23,06-10-2003.tex
34689,6103,1328,473,0,0,0,0,06-10-2004.tex
26541,7999,1553,420,3,0,0,0,06-10-2005.tex
26541,7999,1553,420,3,0,0,0,06-10.TEX
48236,8488,1587,541,2,0,0,5,06-11-1997.tex
16520,4692,785,243,0,0,0,0,06-11-1998.tex
32424,8983,1902,467,4,0,0,0,06-11-1999.tex
36049,11420,2183,552,0,0,0,13,06-11-2000.tex
11384,1612,276,105,0,0,0,4,06-11-2001.tex
31315,11222,2333,686,0,0,0,48,06-11-2002.tex
29955,5642,1139,355,5,0,0,0,06-11-2003.tex
21946,10740,1508,257,3,0,0,0,06-11-2004.tex
38556,16045,2977,809,4,0,0,19,06-11-2005.tex
38556,16045,2977,809,4,0,0,19,06-11.TEX
43872,10812,2349,599,7,0,0,5,06-12-1997.tex
26860,8251,1428,338,4,0,0,0,06-12-1998.tex
28104,10786,1918,467,0,0,0,0,06-12-1999.tex
65709,20648,4724,947,0,0,0,0,06-12-2000.tex
34488,7603,1557,391,5,0,0,31,06-12-2001.tex
42289,9914,1789,432,3,0,0,0,06-12-2002.tex
22794,4216,802,288,4,0,0,7,06-12-2003.tex
29396,7741,1371,336,4,0,0,0,06-12-2004.tex
29396,7741,1371,336,4,0,0,0,06-12.TEX
18857,6328,998,189,5,0,0,0,06-2-1998.tex
9881,4577,647,133,0,0,0,4,06-2-1999.tex
40597,14940,2844,710,0,0,0,0,06-2-2001.tex
17225,4938,732,168,0,0,0,27,06-2-2002.tex
14274,3477,592,234,1,0,0,13,06-2-2003.tex
34902,7166,1183,401,0,0,0,0,06-2-2004.tex
25565,5809,870,238,5,0,0,0,06-2-2005.tex
25565,5809,870,238,5,0,0,0,06-2.TEX
10656,3081,516,174,0,0,0,0,06-3-1998.tex
26386,4523,793,268,0,0,0,12,06-3-1999.tex
20262,4918,821,197,3,0,0,0,06-3-2001.tex
38942,12017,2113,557,0,0,0,30,06-3-2002.tex
21500,4519,836,312,0,0,0,0,06-3-2003.tex
20454,6078,980,252,0,0,0,0,06-3-2004.tex
46522,17766,3512,951,0,0,0,0,06-3-2005.tex
46522,17766,3512,951,0,0,0,0,06-3.TEX
29528,10734,1517,248,5,0,0,23,06-4-1997.tex
49507,9014,1573,542,0,0,0,26,06-4-1998.tex
24125,7376,1326,451,0,0,0,0,06-4-1999.tex
26917,6741,1611,438,2,0,0,0,06-4-2000.tex
17290,5025,841,228,0,0,0,0,06-4-2001.tex
22965,5804,971,284,0,0,0,0,06-4-2002.tex
10902,1880,312,176,0,0,0,0,06-4-2003.tex
50363,16505,3674,1006,0,1,0,9,06-4-2004.tex
13515,3347,494,131,0,0,0,0,06-4-2005.tex
13515,3347,494,131,0,0,0,0,06-4.TEX
44924,8094,1650,852,2,0,0,44,06-5-1997.tex
12518,2665,484,178,0,0,0,0,06-5-1998.tex
29866,5215,1032,337,0,0,0,25,06-5-1999.tex
10406,3965,628,180,0,0,0,13,06-5-2000.tex
15547,2936,480,177,0,0,0,0,06-5-2001.tex
19353,7634,1331,302,0,0,0,0,06-5-2002.tex
44742,13147,2761,902,2,0,0,13,06-5-2003.tex
23179,8048,1426,227,4,0,0,20,06-5-2004.tex
26728,4434,715,251,0,0,0,0,06-5-2005.tex
26728,4434,715,251,0,0,0,0,06-5.TEX
22451,3727,683,281,0,0,0,6,06-6-1997.tex
32064,10664,1990,495,6,0,0,0,06-6-1998.tex
10902,1633,285,108,0,0,0,0,06-6-1999.tex
29620,9210,1613,358,0,0,0,40,06-6-2000.tex
16622,5991,899,214,0,0,0,0,06-6-2001.tex
9644,3446,532,102,0,0,0,12,06-6-2002.tex
19095,4365,812,243,0,0,0,0,06-6-2003.tex
21566,6487,1244,341,0,0,0,0,06-6-2004.tex
37623,9323,1657,318,4,0,0,15,06-6-2005.tex
37623,9323,1657,318,4,0,0,15,06-6.TEX
38743,3435,759,429,4,0,0,35,06-7-1997.tex
26002,8434,1164,149,3,0,0,15,06-7-1998.tex
13665,3209,692,219,2,0,0,0,06-7-1999.tex
14477,2691,459,144,0,0,0,0,06-7-2000.tex
37642,10276,2117,585,3,0,0,10,06-7-2001.tex
45483,16022,3093,913,2,0,0,0,06-7-2002.tex
18979,4368,790,191,0,0,0,0,06-7-2003.tex
34860,8625,1321,371,2,0,0,11,06-7-2004.tex
20601,4457,912,242,0,0,0,0,06-7-2005.tex
20601,4457,912,242,0,0,0,0,06-7.TEX
32336,6264,1171,283,4,0,0,42,06-8-1997.tex
18399,6569,1032,206,2,0,0,11,06-8-1998.tex
29714,2533,502,241,0,0,0,0,06-8-1999.tex
17683,2523,385,228,0,0,0,0,06-8-2000.tex
32501,12897,1911,350,3,0,0,0,06-8-2001.tex
11538,4558,674,122,0,0,0,11,06-8-2002.tex
24058,5308,1108,347,3,0,0,0,06-8-2003.tex
24093,10373,1578,237,4,0,0,43,06-8-2004.tex
27056,8054,1596,476,0,0,0,0,06-8-2005.tex
27056,8054,1596,476,0,0,0,0,06-8.TEX
20882,5996,1049,245,4,0,0,13,06-9-1997.tex
9964,2215,386,135,0,0,0,5,06-9-1998.tex
20647,6060,1229,376,2,0,0,0,06-9-1999.tex
17776,5577,1317,268,2,0,0,0,06-9-2000.tex
15566,4539,693,155,0,0,0,0,06-9-2001.tex
10588,2879,439,125,0,0,0,7,06-9-2002.tex
30253,11976,2217,785,0,0,0,5,06-9-2003.tex
23761,7678,1318,382,0,0,0,0,06-9-2004.tex
16365,5547,984,224,5,0,0,5,06-9-2005.tex
16365,5547,984,224,5,0,0,5,06-9.TEX
29406,11519,2380,589,4,0,0,0,07-01-2000.tex
20588,4156,732,180,2,0,0,7,07-01-2005.tex
20588,4156,732,180,2,0,0,7,07-01.TEX
12475,4848,905,299,0,0,0,4,07-02-2000.tex
12475,4848,905,299,0,0,0,4,07-02.TEX
29721,13869,2650,546,2,0,0,0,07-03-2000.tex
29721,13869,2650,546,2,0,0,0,07-03.TEX
12996,4919,966,241,0,0,0,0,07-1-1998.tex
32240,3575,669,307,4,0,0,14,07-1-1999.tex
57904,14016,2601,747,7,0,0,19,07-1-2001.tex
22308,8450,1511,324,0,0,0,21,07-1-2002.tex
23968,7224,1227,202,0,0,0,0,07-1-2003.tex
16136,4067,806,179,3,0,0,0,07-1-2004.tex
16136,4067,806,179,3,0,0,0,07-1.TEX
31301,14666,2349,650,3,0,0,19,07-10-1997.tex
35175,10376,1812,470,4,0,0,24,07-10-1998.tex
27361,9020,1572,491,0,0,0,2,07-10-1999.tex
37876,10035,2111,581,4,0,0,0,07-10-2000.tex
19530,3568,622,238,0,0,0,0,07-10-2001.tex
35335,9007,1916,566,4,0,0,14,07-10-2002.tex
24028,10256,1758,615,0,0,0,0,07-10-2003.tex
16944,9313,1365,231,0,0,0,0,07-10-2004.tex
35208,9610,1911,489,0,0,0,0,07-10-2005.tex
35208,9610,1911,489,0,0,0,0,07-10.TEX
40610,17769,3041,711,0,0,0,12,07-11-1997.tex
31127,12044,1898,391,5,0,0,0,07-11-1998.tex
38606,7834,1482,595,0,0,0,7,07-11-1999.tex
38567,11868,2247,646,4,0,0,0,07-11-2000.tex
41015,7460,1365,503,4,0,0,0,07-11-2001.tex
28240,9415,1622,361,0,0,0,0,07-11-2003.tex
11871,2050,325,131,0,0,0,0,07-11-2004.tex
9179,3341,568,97,1,0,0,10,07-11-2005.tex
9179,3341,568,97,1,0,0,10,07-11.TEX
42377,15273,2994,713,0,0,0,17,07-12-1997.tex
20122,6897,1250,194,0,0,0,22,07-12-1998.tex
18186,5825,926,182,3,0,0,19,07-12-1999.tex
22206,8421,1500,309,0,0,0,20,07-12-2000.tex
41901,9403,1646,547,4,0,0,0,07-12-2001.tex
36781,6223,1285,405,4,0,0,0,07-12-2002.tex
15812,4366,705,131,2,0,0,9,07-12-2003.tex
27097,6395,1090,304,6,0,0,0,07-12.TEX
20886,6803,1003,192,3,0,0,0,07-2-1998.tex
31011,9361,1655,441,0,0,0,0,07-2-1999.tex
28092,7967,1421,546,0,0,0,0,07-2-2001.tex
41952,12161,2163,652,5,0,0,11,07-2-2002.tex
26712,4281,714,376,0,0,0,0,07-2-2003.tex
36706,9976,1736,457,3,0,0,0,07-2-2004.tex
45946,13241,2234,590,7,0,0,21,07-2-2005.tex
45946,13241,2234,590,7,0,0,21,07-2.TEX
30551,8642,1511,323,2,0,0,0,07-3-1998.tex
44479,7179,1356,553,0,0,0,7,07-3-1999.tex
25605,7581,1325,344,0,0,0,0,07-3-2001.tex
35328,13314,2397,813,2,0,0,21,07-3-2002.tex
31556,7448,1239,411,0,0,0,0,07-3-2003.tex
43178,6608,1069,307,8,0,0,45,07-3-2004.tex
28093,5234,1169,372,4,0,0,17,07-3-2005.tex
28093,5234,1169,372,4,0,0,17,07-3.TEX
42319,10589,1849,431,2,0,0,19,07-4-1997.tex
23458,7499,1321,338,0,0,0,1,07-4-1998.tex
22150,6270,1292,339,0,0,0,0,07-4-1999.tex
17352,5673,1115,296,0,0,0,0,07-4-2000.tex
22298,6343,1277,393,0,0,0,0,07-4-2001.tex
19131,4279,806,175,0,0,0,0,07-4-2003.tex
15824,5240,904,194,0,0,0,0,07-4-2004.tex
25057,7389,1403,343,0,0,0,16,07-4-2005.tex
25057,7389,1403,343,0,0,0,16,07-4.TEX
10860,3219,502,109,3,0,0,11,07-5-1997.tex
26335,5019,940,255,0,0,0,18,07-5-1998.tex
26769,7139,1526,352,0,0,0,13,07-5-1999.tex
26936,8479,1389,353,0,0,0,0,07-5-2001.tex
13199,4187,727,150,4,0,0,9,07-5-2002.tex
12108,1197,205,84,0,0,0,0,07-5-2003.tex
19854,7689,1216,220,0,0,0,0,07-5-2004.tex
19187,7567,1144,246,3,0,0,16,07-5-2005.tex
19187,7567,1144,246,3,0,0,16,07-5.TEX
54920,24486,3618,630,5,0,0,82,07-6-1997.tex
36179,4596,873,406,0,0,0,17,07-6-1998.tex
13929,1649,311,144,0,0,0,0,07-6-1999.tex
51083,17638,3850,853,0,0,0,18,07-6-2000.tex
26349,8071,1363,287,0,0,0,27,07-6-2001.tex
14417,4803,852,262,0,0,0,0,07-6-2002.tex
41090,10613,1759,427,6,1,0,21,07-6-2003.tex
33502,5034,954,289,2,0,0,0,07-6-2004.tex
20945,8067,1340,277,2,0,0,0,07-6-2005.tex
20945,8067,1340,277,2,0,0,0,07-6.TEX
53294,6919,1281,463,4,0,0,15,07-7-1997.tex
22928,8200,1478,469,2,0,0,35,07-7-1998.tex
17093,4106,804,253,0,0,0,36,07-7-1999.tex
43054,15284,2979,817,5,0,0,13,07-7-2000.tex
18101,7374,1232,344,0,0,0,0,07-7-2001.tex
31982,10162,2114,657,3,0,0,12,07-7-2002.tex
17153,5078,1065,250,3,0,0,0,07-7-2003.tex
42733,7497,1212,344,5,0,0,8,07-7-2004.tex
29813,9164,1625,462,3,0,0,25,07-7-2005.tex
29813,9164,1625,462,3,0,0,25,07-7.TEX
11981,6059,923,154,0,0,0,9,07-8-1997.tex
32800,11022,2505,569,4,0,0,0,07-8-1998.tex
24413,7410,1623,398,3,0,0,0,07-8-1999.tex
44811,9348,1849,515,4,0,0,52,07-8-2000.tex
36474,5504,1053,710,0,0,0,0,07-8-2001.tex
27965,5730,1189,397,3,0,0,0,07-8-2002.tex
38258,7152,1470,541,0,0,0,6,07-8-2003.tex
37874,11842,2147,505,0,0,0,0,07-8-2004.tex
19126,1913,392,78,0,0,0,0,07-8-2005.tex
19126,1913,392,78,0,0,0,0,07-8.TEX
29420,6708,1116,399,0,0,0,5,07-9-1997.tex
19159,9450,1478,367,0,0,0,9,07-9-1998.tex
27130,11325,1668,384,3,0,0,0,07-9-1999.tex
38147,16627,2792,771,0,0,0,0,07-9-2000.tex
17998,8601,1629,373,0,0,0,0,07-9-2001.tex
10595,2875,476,142,0,0,0,0,07-9-2002.tex
25148,8521,1707,367,4,0,0,0,07-9-2003.tex
31875,11519,2111,547,2,0,0,13,07-9-2004.tex
10446,3521,678,174,0,0,0,0,07-9-2005.tex
10446,3521,678,174,0,0,0,0,07-9.TEX
12436,2001,448,134,0,0,0,0,08-01-2000.tex
27819,7384,1112,209,5,0,0,17,08-01-2005.tex
27819,7384,1112,209,5,0,0,17,08-01.TEX
31532,26132,3837,789,0,0,0,0,08-02-2000.tex
31532,26132,3837,789,0,0,0,0,08-02.TEX
29196,8813,1509,432,3,0,0,0,08-03-2000.tex
29196,8813,1509,432,3,0,0,0,08-03.TEX
42497,12785,1916,505,2,0,0,0,08-1-1998.tex
27090,6785,1032,303,3,0,0,12,08-1-1999.tex
37841,8272,1296,352,5,0,0,15,08-1-2002.tex
56356,16813,3349,875,4,0,0,12,08-1-2003.tex
53386,13943,2463,677,7,0,0,0,08-1-2004.tex
53386,13943,2463,677,7,0,0,0,08-1.TEX
15748,3983,684,189,0,0,0,6,08-10-1997.tex
28488,11835,1931,420,3,0,0,15,08-10-1998.tex
24688,10591,2241,649,0,0,0,0,08-10-1999.tex
19570,3388,613,173,2,0,0,0,08-10-2000.tex
19868,11044,1649,321,0,0,0,0,08-10-2001.tex
36177,9328,1801,399,2,0,0,0,08-10-2003.tex
27685,6955,1262,295,0,0,0,16,08-10-2004.tex
19503,3315,545,215,3,0,0,0,08-10-2005.tex
19503,3315,545,215,3,0,0,0,08-10.TEX
33056,8177,1264,353,3,0,0,26,08-11-1997.tex
27172,2545,443,188,0,0,0,0,08-11-1998.tex
35937,8222,1309,485,4,0,0,11,08-11-1999.tex
19946,7508,1276,293,4,0,0,0,08-11-2001.tex
11520,4482,812,226,2,0,0,0,08-11-2002.tex
9614,5148,735,106,0,0,0,0,08-11-2003.tex
22182,5561,973,234,3,0,0,0,08-11-2005.tex
22182,5561,973,234,3,0,0,0,08-11.TEX
21485,6346,1234,405,2,0,0,14,08-12-1997.tex
25283,3594,683,242,2,0,0,0,08-12-1998.tex
20165,7315,1272,271,5,0,0,0,08-12-1999.tex
36767,9593,1554,371,5,0,0,0,08-12-2001.tex
42751,9892,1944,569,2,0,0,0,08-12-2002.tex
35173,10744,1714,362,5,0,0,0,08-12-2004.tex
35173,10744,1714,362,5,0,0,0,08-12.TEX
23442,6908,1102,224,6,0,0,0,08-2-1998.tex
26515,15161,2447,392,2,0,0,0,08-2-1999.tex
13696,4232,898,246,0,0,0,6,08-2-2001.tex
50977,14449,2704,533,6,0,0,0,08-2-2002.tex
11477,2689,528,164,0,0,0,12,08-2-2003.tex
24944,7269,1122,268,0,0,0,0,08-2-2004.tex
3636,2426,345,38,0,0,0,0,08-2-2005.tex
3636,2426,345,38,0,0,0,0,08-2.TEX
54994,11191,2634,646,4,0,0,0,08-2A--1.tex
54994,11191,2634,646,4,0,0,0,08-2A.TEX
26630,3800,668,317,1,0,0,0,08-3-1998.tex
32996,6257,1133,378,4,0,0,0,08-3-2001.tex
47327,14861,2639,601,6,0,0,43,08-3-2002.tex
35049,6005,1073,390,3,0,0,0,08-3-2003.tex
24883,6082,1045,284,0,0,0,0,08-3-2004.tex
29715,7949,1537,467,3,0,0,21,08-3-2005.tex
29715,7949,1537,467,3,0,0,21,08-3.TEX
33915,10154,1551,392,5,0,0,19,08-4-1997.tex
13479,10220,1442,296,0,0,0,15,08-4-1998.tex
37782,13169,2412,669,0,0,0,0,08-4-1999.tex
13886,4988,893,208,3,0,0,11,08-4-2000.tex
31466,8490,1517,424,6,0,0,16,08-4-2001.tex
30501,7644,1306,316,5,0,0,0,08-4-2002.tex
24143,8272,1527,422,0,0,0,0,08-4-2003.tex
19776,3501,648,238,5,0,0,0,08-4-2004.tex
43979,12100,2197,589,5,0,0,27,08-4-2005.tex
43979,12100,2197,589,5,0,0,27,08-4.TEX
27553,11297,2142,400,5,0,0,12,08-5-1997.tex
25973,4392,767,299,0,0,0,28,08-5-1998.tex
27471,6337,1147,438,0,0,0,13,08-5-1999.tex
37620,7855,1270,413,3,0,0,0,08-5-2000.tex
35060,6036,1129,393,0,0,0,0,08-5-2002.tex
11152,2798,427,112,0,0,0,0,08-5-2003.tex
58827,13933,2452,599,4,0,0,0,08-5-2004.tex
9400,3003,416,85,0,0,0,0,08-5-2005.tex
9400,3003,416,85,0,0,0,0,08-5.TEX
50855,17487,3358,1097,3,0,0,39,08-6-1997.tex
6274,4557,557,27,0,0,0,0,08-6-1998.tex
29172,7717,1392,492,0,0,0,16,08-6-1999.tex
24099,3568,716,253,4,0,0,12,08-6-2000.tex
18844,4987,1088,245,0,0,0,0,08-6-2001.tex
13379,6690,1061,180,0,0,0,0,08-6-2002.tex
38251,7257,1285,460,5,0,0,0,08-6-2003.tex
36908,10253,1669,448,3,0,0,0,08-6-2004.tex
22061,7903,1221,293,0,0,0,0,08-6-2005.tex
22061,7903,1221,293,0,0,0,0,08-6.TEX
26441,7077,1500,422,0,0,0,37,08-7-1997.tex
37362,8221,1657,453,0,0,0,20,08-7-1998.tex
27572,10047,1751,477,0,0,0,0,08-7-1999.tex
20772,5169,1175,288,4,0,0,0,08-7-2000.tex
30544,5497,976,439,0,0,0,5,08-7-2001.tex
15790,3109,627,232,0,0,0,8,08-7-2002.tex
10279,2829,523,146,0,0,0,5,08-7-2004.tex
16670,3662,777,268,0,0,0,0,08-7-2005.tex
16670,3662,777,268,0,0,0,0,08-7.TEX
13983,6220,972,216,0,0,0,8,08-8-1997.tex
15114,11071,1677,254,0,0,0,0,08-8-1998.tex
26513,9030,1763,487,0,0,0,0,08-8-1999.tex
23385,3497,569,316,0,0,0,0,08-8-2000.tex
32143,8601,1892,619,3,0,0,22,08-8-2001.tex
24662,12780,2103,484,0,0,0,0,08-8-2002.tex
14396,4833,796,160,0,0,0,16,08-8-2003.tex
50969,11596,2582,589,4,0,0,68,08-8-2005.tex
50969,11596,2582,589,4,0,0,68,08-8.TEX
28428,3349,594,224,0,0,0,7,08-9-1997.tex
27276,7681,1196,221,0,0,0,0,08-9-1998.tex
35083,4141,912,326,0,0,0,0,08-9-1999.tex
47253,7259,1368,592,0,0,0,0,08-9-2000.tex
7435,1988,356,118,0,0,0,5,08-9-2001.tex
13307,2553,463,153,0,0,0,10,08-9-2002.tex
18331,11378,1599,284,2,0,0,0,08-9-2003.tex
51272,12028,2595,647,3,0,0,9,08-9-2004.tex
38973,10242,2118,788,0,0,0,17,08-9-2005.tex
38973,10242,2118,788,0,0,0,17,08-9.TEX
28263,7293,1319,537,0,0,0,0,09-01-2000.tex
60698,16508,2862,787,7,0,0,23,09-01-2005.tex
60698,16508,2862,787,7,0,0,23,09-01.TEX
15717,4352,733,219,0,0,0,0,09-02-2000.tex
15717,4352,733,219,0,0,0,0,09-02.TEX
18796,4304,839,344,0,0,0,0,09-03-2000.tex
18796,4304,839,344,0,0,0,0,09-03.TEX
52395,18627,3294,823,0,0,0,28,09-1-1998.tex
26630,6523,1169,363,4,0,0,1,09-1-1999.tex
28457,7081,1333,453,4,0,0,24,09-1-2002.tex
43459,12657,2015,512,7,0,0,11,09-1-2003.tex
34159,8772,1306,269,5,0,0,36,09-1-2004.tex
34159,8772,1306,269,5,0,0,36,09-1.TEX
11909,7184,1065,207,0,0,0,7,09-10-1997.tex
49347,14153,2270,671,4,0,0,49,09-10-1998.tex
25838,4246,683,298,0,0,0,0,09-10-1999.tex
39734,6454,1107,336,3,0,0,7,09-10-2001.tex
28778,9344,1823,657,0,0,0,9,09-10-2003.tex
11541,3454,549,132,0,0,0,2,09-10-2004.tex
17773,3704,849,232,0,0,0,0,09-10-2005.tex
17773,3704,849,232,0,0,0,0,09-10.TEX
30378,7464,1216,355,0,0,0,14,09-11-1997.tex
17751,5982,1093,305,0,0,0,9,09-11-1998.tex
39946,9886,1915,737,5,0,0,0,09-11-1999.tex
25336,7933,1314,376,3,0,0,0,09-11-2002.tex
23941,5054,1026,280,0,0,0,0,09-11-2003.tex
48260,14396,2342,486,6,0,0,74,09-11-2005.tex
48260,14396,2342,486,6,0,0,74,09-11.TEX
34662,5562,1245,383,5,0,0,58,09-12-1997.tex
36069,6212,1355,423,3,0,0,25,09-12-1998.tex
10252,3351,532,105,3,0,0,0,09-12-1999.tex
44068,6181,1309,459,3,0,0,50,09-12-2000.tex
55711,19606,4018,686,6,0,0,0,09-12-2001.tex
17153,2897,501,188,3,0,0,7,09-12-2002.tex
17153,2897,501,188,3,0,0,7,09-12.TEX
22616,8416,1464,391,4,0,0,0,09-2-1998.tex
34573,19759,3196,686,0,0,0,0,09-2-1999.tex
11979,3427,892,131,2,0,0,21,09-2-2001.tex
12771,3730,576,159,0,0,0,0,09-2-2002.tex
9686,2361,381,102,0,0,0,0,09-2-2003.tex
14246,2955,474,140,0,0,0,4,09-2-2004.tex
20837,6233,1038,147,2,0,0,0,09-2-2005.tex
20837,6233,1038,147,2,0,0,0,09-2.TEX
6037,1826,256,85,0,0,0,0,09-3-1998.tex
22203,8310,1885,379,2,0,0,0,09-3-2001.tex
12579,3141,502,168,0,0,0,0,09-3-2002.tex
31416,11328,1817,493,2,0,0,27,09-3-2003.tex
27772,5090,1080,405,4,0,0,0,09-3-2004.tex
11932,2845,488,140,0,0,0,0,09-3-2005.tex
11932,2845,488,140,0,0,0,0,09-3.TEX
11451,2899,460,94,3,0,0,9,09-4-1997.tex
12373,2598,454,143,0,0,0,6,09-4-1998.tex
21066,6109,1088,313,3,0,0,0,09-4-1999.tex
20473,6660,1081,298,0,0,0,17,09-4-2000.tex
17470,3345,624,178,0,0,0,0,09-4-2001.tex
17507,3201,575,285,0,0,0,17,09-4-2002.tex
44184,8524,1626,449,4,0,0,0,09-4-2003.tex
36734,11715,2682,772,4,0,0,0,09-4-2004.tex
41453,9720,2443,563,5,0,0,39,09-4-2005.tex
41453,9720,2443,563,5,0,0,39,09-4.TEX
30880,9306,1621,411,4,0,0,28,09-5-1997.tex
9409,3499,594,135,0,0,0,11,09-5-1998.tex
52093,12868,2266,679,4,0,0,0,09-5-1999.tex
18009,3518,704,252,0,0,0,0,09-5-2000.tex
37447,12304,2392,772,4,0,0,0,09-5-2001.tex
39816,14250,2456,651,0,0,0,27,09-5-2002.tex
13012,2108,411,127,0,0,0,5,09-5-2003.tex
24968,11401,1528,249,4,0,0,0,09-5-2004.tex
58871,19727,3653,938,5,0,0,61,09-5-2005.tex
58871,19727,3653,938,5,0,0,61,09-5.TEX
28475,4671,788,252,3,0,0,0,09-6-1998.tex
56654,18966,3702,933,5,0,0,57,09-6-1999.tex
18391,3406,711,178,0,0,0,0,09-6-2000.tex
27393,8078,1367,447,0,0,0,0,09-6-2001.tex
35025,9559,1893,659,4,0,0,0,09-6-2002.tex
17108,7199,1127,273,0,0,0,0,09-6-2003.tex
36222,11649,2469,639,2,0,0,0,09-6-2004.tex
36222,11649,2469,639,2,0,0,0,09-6.TEX
18828,4859,968,331,2,0,0,16,09-7-1997.tex
25345,6509,1292,442,0,0,0,28,09-7-1998.tex
19957,6181,1055,257,0,0,0,0,09-7-1999.tex
36397,16535,2908,941,0,0,0,0,09-7-2000.tex
33005,10231,2068,615,0,0,0,32,09-7-2001.tex
13017,3907,749,196,0,0,0,0,09-7-2002.tex
51691,17619,2948,508,5,0,0,0,09-7-2004.tex
52959,16481,3141,893,4,0,0,17,09-7-2005.tex
52959,16481,3141,893,4,0,0,17,09-7.TEX
32083,8392,1670,518,0,0,0,16,09-8-1997.tex
34859,4526,692,221,1,0,0,0,09-8-1998.tex
37251,7680,1132,252,0,0,0,0,09-8-1999.tex
13401,2897,526,173,0,0,0,0,09-8-2000.tex
9425,2328,358,111,3,0,0,0,09-8-2001.tex
43449,10138,1839,553,3,0,0,0,09-8-2002.tex
19159,5347,940,234,0,0,0,13,09-8-2003.tex
14014,5426,884,192,2,0,0,0,09-8-2005.tex
14014,5426,884,192,2,0,0,0,09-8.TEX
47610,12218,2093,649,2,0,0,28,09-9-1997.tex
27440,6055,1058,350,7,1,0,26,09-9-1998.tex
37802,9096,1853,631,4,0,0,0,09-9-1999.tex
45683,11134,1981,627,0,0,0,0,09-9-2000.tex
28096,10556,2002,459,0,0,0,0,09-9-2001.tex
17347,8455,1428,277,0,0,0,0,09-9-2002.tex
31409,8407,1800,523,2,0,0,13,09-9-2003.tex
36940,10747,1764,505,0,0,0,0,09-9-2004.tex
39981,11560,2305,706,0,0,0,0,09-9-2005.tex
39981,11560,2305,706,0,0,0,0,09-9.TEX
15331,13198,1808,2,0,0,0,0,1-1.tex
64611,41720,5556,33,4,17,0,0,1-10.tex
28638,22340,2977,7,4,2,0,0,1-11.tex
18922,13517,1816,4,4,5,0,0,1-12.tex
85666,70565,8823,212,8,0,0,0,1-2.tex
36442,30697,3947,88,2,1,2,0,1-3.tex
41276,20511,2941,223,7,0,0,0,1-4.tex
25944,18161,2438,1,4,2,9,0,1-5.tex
24978,19643,2475,31,4,3,0,0,1-6.tex
22196,16819,2172,5,6,0,0,0,1-7.tex
31868,10468,1305,57,6,3,1,0,1-8.tex
34806,27836,3365,3,4,0,0,0,1-9.tex
27860,13126,1727,201,0,0,2,0,1.tex
41981,11092,1900,497,0,0,0,47,10-01-2000.tex
41981,11092,1900,497,0,0,0,47,10-01.TEX
14469,3592,627,200,0,0,0,0,10-02-2000.tex
14469,3592,627,200,0,0,0,0,10-02.TEX
40658,9341,2101,597,7,0,0,0,10-03-2000.tex
40658,9341,2101,597,7,0,0,0,10-03.TEX
9172,2726,422,93,0,0,0,0,10-1-1998.tex
27102,8784,1539,286,0,0,0,11,10-1-1999.tex
26243,12486,2137,462,0,0,0,0,10-1-2002.tex
26123,7041,1155,263,3,0,0,0,10-1-2004.tex
26123,7041,1155,263,3,0,0,0,10-1.TEX
25271,5894,975,240,0,0,0,17,10-10-1997.tex
14094,4224,764,201,2,0,0,8,10-10-1998.tex
12669,929,146,152,0,0,0,1,10-10-1999.tex
14773,9427,1262,198,0,0,0,0,10-10-2001.tex
25501,5971,1313,351,0,0,0,0,10-10-2003.tex
25501,5971,1313,351,0,0,0,0,10-10.TEX
34838,14528,2500,553,4,0,0,2,10-11-1998.tex
12646,4535,864,198,3,0,0,0,10-11-1999.tex
16128,2842,407,112,0,0,0,16,10-11-2001.tex
36237,6797,1584,427,0,0,0,19,10-11-2002.tex
19555,4780,831,207,0,0,0,0,10-11-2003.tex
26936,5722,1023,341,0,0,0,0,10-11-2005.tex
26936,5722,1023,341,0,0,0,0,10-11.TEX
38178,18703,2972,699,0,0,0,28,10-12-1997.tex
37158,7806,1184,534,3,0,0,0,10-12-1998.tex
28516,5716,1049,342,4,0,0,24,10-12-1999.tex
38888,11769,2124,482,0,0,0,0,10-12-2000.tex
26187,14027,2273,537,0,0,0,0,10-12-2002.tex
26187,14027,2273,537,0,0,0,0,10-12.TEX
15275,9557,1382,331,0,0,0,0,10-2-1998.tex
11481,4846,818,178,0,0,0,0,10-2-2001.tex
20987,6734,1251,279,2,0,0,19,10-2-2003.tex
15051,11835,1577,132,0,0,0,0,10-2-2004.tex
7413,1867,314,91,0,0,0,0,10-2-2005.tex
7413,1867,314,91,0,0,0,0,10-2.TEX
32155,8683,1688,500,3,0,0,0,10-3-1998.tex
24172,5546,1018,284,4,0,0,5,10-3-1999.tex
47642,11370,2099,618,0,0,0,0,10-3-2001.tex
12270,8413,1160,121,0,0,0,0,10-3-2002.tex
9359,4516,667,138,0,0,0,0,10-3-2003.tex
11052,5597,796,133,0,0,0,0,10-3-2004.tex
25504,5224,890,337,3,0,0,27,10-3-2005.tex
25504,5224,890,337,3,0,0,27,10-3.TEX
17554,5324,890,159,0,0,0,18,10-4-1998.tex
12655,4188,774,164,0,0,0,0,10-4-1999.tex
15030,6126,952,228,0,0,0,14,10-4-2000.tex
14485,4073,743,274,0,0,0,0,10-4-2001.tex
29483,8838,1591,488,0,0,0,0,10-4-2002.tex
12715,2790,534,155,2,0,0,0,10-4-2005.tex
12715,2790,534,155,2,0,0,0,10-4.TEX
16574,2260,413,105,0,0,0,12,10-5-1997.tex
22029,8314,1328,394,0,0,0,9,10-5-1998.tex
11327,4841,858,165,0,0,0,0,10-5-1999.tex
15501,6147,1005,203,0,0,0,0,10-5-2000.tex
39301,13034,2087,594,7,0,0,0,10-5-2002.tex
13213,4456,759,206,0,0,0,4,10-5-2003.tex
34445,14764,2117,548,3,0,0,40,10-5-2004.tex
34445,14764,2117,548,3,0,0,40,10-5.TEX
39280,8583,1442,464,3,0,0,0,10-6-1998.tex
18061,5187,999,221,0,0,0,12,10-6-1999.tex
21649,9219,2236,410,0,0,0,0,10-6-2000.tex
29984,8315,1703,514,0,0,0,0,10-6-2001.tex
21981,6215,1119,268,0,0,0,6,10-6-2002.tex
39391,15281,2920,899,4,0,0,0,10-6-2004.tex
39391,15281,2920,899,4,0,0,0,10-6.TEX
14809,2623,410,84,0,0,0,4,10-7-1997.tex
23515,7444,1202,357,3,0,0,14,10-7-1998.tex
34391,14097,2118,420,3,0,0,0,10-7-1999.tex
10060,2243,454,147,0,0,0,9,10-7-2000.tex
11677,3648,599,162,2,0,0,2,10-7-2001.tex
23738,6437,1056,306,4,0,0,0,10-7-2002.tex
16605,3601,595,125,0,0,0,0,10-7-2003.tex
9619,3201,509,128,0,0,0,8,10-7-2005.tex
9619,3201,509,128,0,0,0,8,10-7.TEX
44341,8763,1383,388,6,0,0,30,10-8-1997.tex
23823,4879,842,309,0,0,0,9,10-8-1998.tex
15738,5260,938,245,0,0,0,0,10-8-1999.tex
18691,4030,810,318,0,0,0,0,10-8-2000.tex
9291,2134,446,100,0,0,0,2,10-8-2002.tex
17407,11095,1464,89,0,1,1,21,10-8-2003.tex
13336,4606,706,150,0,0,0,0,10-8-2005.tex
13336,4606,706,150,0,0,0,0,10-8.TEX
11494,4162,594,173,0,0,0,7,10-9-1997.tex
7816,2015,305,79,0,0,0,10,10-9-1998.tex
15646,3569,699,193,0,0,0,0,10-9-1999.tex
17996,5653,1052,224,0,0,0,0,10-9-2000.tex
25763,6770,1229,278,3,0,0,0,10-9-2001.tex
11981,3467,594,144,0,0,0,0,10-9-2002.tex
13108,2966,527,132,0,0,0,7,10-9-2003.tex
14138,6334,1064,185,0,0,0,0,10-9-2004.tex
14138,6334,1064,185,0,0,0,0,10-9.TEX
21055,6068,1111,309,3,0,0,0,11-01-2000.tex
21055,6068,1111,309,3,0,0,0,11-01.TEX
31215,4936,873,339,1,0,0,0,11-02-2000.tex
31215,4936,873,339,1,0,0,0,11-02.TEX
55074,14942,3085,851,5,0,0,0,11-03-2000.tex
55074,14942,3085,851,5,0,0,0,11-03.TEX
10615,2240,379,129,0,0,0,0,11-1-1998.tex
12835,2920,522,177,0,0,0,18,11-1-1999.tex
17766,5673,991,220,2,0,0,0,11-1-2002.tex
19864,3799,557,203,2,0,0,0,11-1-2004.tex
19864,3799,557,203,2,0,0,0,11-1.TEX
12574,3703,581,149,0,0,0,4,11-10-1997.tex
37098,11223,2010,525,3,0,0,9,11-10-1998.tex
31499,9749,1519,386,0,0,0,0,11-10-1999.tex
27730,8999,1638,566,4,0,0,0,11-10-2001.tex
27730,8999,1638,566,4,0,0,0,11-10.TEX
17237,5205,743,189,0,0,0,0,11-11-1998.tex
18249,8597,1353,220,0,0,0,0,11-11-2002.tex
16702,4528,926,258,2,0,0,0,11-11-2003.tex
16839,3488,815,184,0,0,0,0,11-11-2005.tex
16839,3488,815,184,0,0,0,0,11-11.TEX
16126,5289,795,212,3,0,0,0,11-12-1998.tex
34984,10112,1644,370,5,0,0,0,11-12-1999.tex
33307,8331,1305,411,3,0,0,4,11-12-2000.tex
33307,8331,1305,411,3,0,0,4,11-12.TEX
14706,4705,753,209,0,0,0,0,11-2-1998.tex
10445,2568,422,123,5,0,0,0,11-2-2001.tex
9264,2174,412,147,0,0,0,0,11-2-2003.tex
11415,2794,437,159,0,0,0,0,11-2-2004.tex
11415,2794,437,159,0,0,0,0,11-2.TEX
12977,3602,681,208,0,0,0,0,11-3-1998.tex
44027,9213,1353,372,4,0,0,8,11-3-1999.tex
6367,2046,340,106,0,0,0,3,11-3-2001.tex
17756,3813,665,187,4,0,0,12,11-3-2004.tex
24171,9029,1614,393,0,0,0,0,11-3-2005.tex
24171,9029,1614,393,0,0,0,0,11-3.TEX
10833,4062,565,90,0,0,0,8,11-4-1998.tex
10888,6815,969,189,0,0,0,0,11-4-1999.tex
6008,2168,341,89,0,0,0,0,11-4-2000.tex
13140,8552,1194,166,0,0,0,0,11-4-2001.tex
14751,3369,549,179,4,0,0,0,11-4-2002.tex
14751,3369,549,179,4,0,0,0,11-4.TEX
12258,9174,1309,227,0,0,0,7,11-5-1997.tex
24755,3981,726,342,0,0,0,15,11-5-1998.tex
9288,3717,667,193,3,0,0,0,11-5-2000.tex
24655,10465,2003,437,2,0,0,0,11-5-2004.tex
24655,10465,2003,437,2,0,0,0,11-5.TEX
30285,7140,1719,545,0,0,0,12,11-6-1998.tex
15750,4962,879,237,0,0,0,15,11-6-1999.tex
5830,2290,400,58,0,0,0,0,11-6-2000.tex
29906,5428,921,239,5,0,0,0,11-6-2002.tex
29906,5428,921,239,5,0,0,0,11-6.TEX
11121,3560,574,159,0,0,0,10,11-7-1998.tex
11069,7450,1101,253,0,0,0,1,11-7-1999.tex
15128,2599,528,196,0,0,0,0,11-7-2000.tex
18854,3137,630,205,0,0,0,15,11-7-2001.tex
53648,10560,2092,609,5,0,0,0,11-7-2002.tex
19045,3497,548,189,0,0,0,0,11-7-2003.tex
19045,3497,548,189,0,0,0,0,11-7.TEX
17198,4062,826,169,0,0,0,11,11-8-1997.tex
6115,3877,552,43,0,0,0,11,11-8-1998.tex
18059,2648,501,288,3,0,0,0,11-8-1999.tex
9123,2184,357,149,2,0,0,0,11-8-2002.tex
15251,2447,396,201,0,0,0,6,11-8-2003.tex
15251,2447,396,201,0,0,0,6,11-8.TEX
34943,13035,2417,787,4,0,0,12,11-9-1997.tex
14371,2828,542,164,0,0,0,0,11-9-1998.tex
7861,1702,229,56,0,0,0,0,11-9-1999.tex
8240,1745,236,69,0,0,0,0,11-9-2000.tex
32658,8574,1647,442,4,0,0,0,11-9-2001.tex
25672,4321,801,359,4,0,0,9,11-9-2003.tex
25672,4321,801,359,4,0,0,9,11-9.TEX
14619,3289,560,140,0,0,0,0,12-02-2000.tex
14619,3289,560,140,0,0,0,0,12-02.TEX
10027,4040,703,177,0,0,0,0,12-03-2000.tex
10027,4040,703,177,0,0,0,0,12-03.TEX
10065,3235,547,172,0,0,0,0,12-1-1999.tex
9577,2868,543,159,4,0,0,0,12-1-2002.tex
9577,2868,543,159,4,0,0,0,12-1.TEX
9837,4554,718,127,0,0,0,13,12-10-1997.tex
12469,3204,511,122,0,0,0,0,12-10-1999.tex
12469,3204,511,122,0,0,0,0,12-10.TEX
25387,7563,1230,313,0,0,0,19,12-11-1998.tex
13830,3164,614,207,0,0,0,0,12-11-2002.tex
46475,21789,3491,839,3,0,0,60,12-11-2003.tex
14528,2009,319,105,0,0,0,0,12-11-2005.tex
14528,2009,319,105,0,0,0,0,12-11.TEX
13358,6294,901,251,0,0,0,0,12-12-2000.tex
13358,6294,901,251,0,0,0,0,12-12.TEX
26000,7667,1420,480,4,0,0,0,12-2-1998.tex
26000,7667,1420,480,4,0,0,0,12-2.TEX
13528,4132,724,152,0,0,0,0,12-3-1998.tex
16454,3503,717,245,0,0,0,0,12-3-1999.tex
8072,3165,457,41,0,0,0,0,12-3-2001.tex
7160,4813,768,63,0,0,0,0,12-3-2004.tex
7160,4813,768,63,0,0,0,0,12-3.TEX
16903,5598,1018,282,0,0,0,0,12-4-1998.tex
20839,5264,1200,340,0,0,0,0,12-4-1999.tex
12372,3831,663,193,0,0,0,0,12-4-2000.tex
14758,5420,943,212,3,0,0,0,12-4-2001.tex
24734,6528,1085,212,0,0,0,0,12-4-2002.tex
24734,6528,1085,212,0,0,0,0,12-4.TEX
7344,4025,573,86,0,0,0,8,12-5-1997.tex
15094,2640,424,241,0,0,0,0,12-5-1998.tex
11114,2772,458,119,0,0,0,0,12-5-2000.tex
11114,2772,458,119,0,0,0,0,12-5.TEX
9115,2218,386,150,0,0,0,0,12-6-1998.tex
20018,4121,728,254,0,0,0,0,12-6-1999.tex
13055,3930,705,201,0,0,0,0,12-6-2002.tex
13055,3930,705,201,0,0,0,0,12-6.TEX
10020,2072,338,55,0,0,0,0,12-7-1999.tex
10750,3383,674,170,0,0,0,0,12-7-2000.tex
12823,3806,715,183,0,0,0,4,12-7-2001.tex
12222,3199,583,163,0,0,0,0,12-7-2002.tex
20876,3053,600,216,0,0,0,0,12-7-2003.tex
20876,3053,600,216,0,0,0,0,12-7.TEX
16655,8594,1342,290,0,0,0,12,12-8-1997.tex
12298,4529,691,151,0,0,0,12,12-8-2002.tex
12895,2145,356,120,0,0,0,0,12-8-2003.tex
12895,2145,356,120,0,0,0,0,12-8.TEX
41019,9010,1765,477,0,0,0,0,12-9-1998.tex
11384,4938,776,156,0,0,0,8,12-9-1999.tex
13949,4487,659,155,3,0,0,0,12-9-2001.tex
26900,4718,826,180,0,0,0,0,12-9-2003.tex
26900,4718,826,180,0,0,0,0,12-9.TEX
13963,6210,972,205,0,0,0,0,13-03-2000.tex
13963,6210,972,205,0,0,0,0,13-03.TEX
7319,2991,390,62,0,0,0,4,13-1-2002.tex
7319,2991,390,62,0,0,0,4,13-1.TEX
13233,1992,357,117,2,0,0,0,13-10-1999.tex
13233,1992,357,117,2,0,0,0,13-10.TEX
11052,6209,912,201,0,0,0,16,13-11-1998.tex
12413,2628,512,174,0,0,0,1,13-11-2002.tex
12413,2628,512,174,0,0,0,1,13-11.TEX
21164,4169,705,312,0,0,0,0,13-2-1998.tex
21164,4169,705,312,0,0,0,0,13-2.TEX
14569,3458,591,158,0,0,0,9,13-3-1999.tex
15712,3877,766,233,4,0,0,0,13-3-2001.tex
15712,3877,766,233,4,0,0,0,13-3.TEX
15223,4426,1036,228,0,0,0,7,13-4-1999.tex
12439,2825,430,147,0,0,0,0,13-4-2000.tex
11134,4500,661,107,3,0,0,0,13-4-2001.tex
30299,6161,1188,444,0,0,0,4,13-4-2002.tex
30299,6161,1188,444,0,0,0,4,13-4.TEX
15300,3473,710,208,0,0,0,0,13-5-1998.tex
13606,1772,420,103,0,0,0,0,13-5-2000.tex
13606,1772,420,103,0,0,0,0,13-5.TEX
14115,8777,1271,256,2,0,0,16,13-6-1999.tex
14115,8777,1271,256,2,0,0,16,13-6.TEX
13280,4675,704,105,0,0,0,0,13-7-2000.tex
7366,1935,269,93,0,0,0,2,13-7-2001.tex
16420,7353,1175,127,0,0,0,0,13-7-2003.tex
16420,7353,1175,127,0,0,0,0,13-7.TEX
6859,1406,231,68,0,0,0,0,13-9-1999.tex
19114,3140,648,271,0,0,0,0,13-9-2003.tex
19114,3140,648,271,0,0,0,0,13-9.TEX
5618,1202,205,71,0,0,0,0,14-10-1999.tex
5618,1202,205,71,0,0,0,0,14-10.TEX
11577,9450,1292,178,0,0,0,12,14-11-1998.tex
10794,4373,628,138,2,0,0,0,14-11-2002.tex
10794,4373,628,138,2,0,0,0,14-11.TEX
17917,2344,384,183,4,0,0,0,14-2-1998.tex
17917,2344,384,183,4,0,0,0,14-2.TEX
7133,4196,590,110,0,0,0,0,14-4-1999.tex
10384,2115,391,126,0,0,0,0,14-4-2001.tex
10384,2115,391,126,0,0,0,0,14-4.TEX
6043,676,121,57,0,0,0,12,14-5-1998.tex
6043,676,121,57,0,0,0,12,14-5.TEX
13368,8010,1131,188,0,0,0,0,14-7-2000.tex
5292,3581,481,70,0,0,0,0,14-7-2001.tex
5292,3581,481,70,0,0,0,0,14-7.TEX
2028,989,130,23,0,0,0,0,15-2--1.tex
2028,989,130,23,0,0,0,0,15-2.TEX
11217,1703,267,135,0,0,0,0,15-4-1999.tex
12647,4383,757,173,0,0,0,0,15-4-2001.tex
12647,4383,757,173,0,0,0,0,15-4.TEX
6938,4117,605,112,0,0,0,0,16-4-1999.tex
6938,4117,605,112,0,0,0,0,16-4.TEX
23070,19548,2682,3,4,0,0,0,2-1.tex
65295,53924,7259,134,2,1,0,4,2-10.tex
64014,24080,3012,30,4,4,0,58,2-11.tex
21530,16905,2080,13,6,6,0,7,2-12.tex
31070,23480,2811,2,4,9,0,0,2-13.tex
16624,11887,1638,48,4,0,1,2,2-14.tex
40380,30580,3612,64,10,0,4,7,2-15.tex
41773,30134,3641,123,7,7,0,0,2-2.tex
33800,9388,1198,52,4,5,1,9,2-3.tex
42108,31988,3766,3,7,3,0,5,2-4.tex
38765,28666,3382,90,5,1,2,0,2-5.tex
10075,5758,745,34,0,0,0,0,2-6.tex
8496,6588,762,1,4,0,0,0,2-7.tex
56714,25168,3147,56,5,7,2,0,2-8.tex
48770,37595,4862,12,4,0,0,7,2-9.tex
7336,6037,796,27,1,0,0,0,2023_07_04_19cbe15223814fae6e02g.tex
5935,4173,634,82,0,0,0,0,2023_07_04_3c89d5897861fcf908d9g.tex
7930,6268,858,38,0,0,0,0,2023_07_04_8c2071f0e90d30411755g.tex
7660,5535,705,68,1,0,0,0,2023_07_05_bf5caaa1fad96d8cd211g.tex
7321,5472,706,47,0,0,0,0,2023_07_06_cfb3eca20f1a642ad87bg.tex
7619,6408,949,70,0,0,0,0,2023_07_06_ede66653e2113fb75592g.tex
6986,4115,675,85,0,0,0,0,2023_07_08_000e4ad5c4cf5a05c147g.tex
8106,6527,1002,70,0,0,0,0,2023_07_08_00174e0a881627619a62g.tex
7577,7153,1036,54,0,0,0,0,2023_07_08_003f12f2eef64d49565bg.tex
6957,5238,832,107,0,0,0,0,2023_07_08_006fca24314be11ebddag.tex
7294,4892,681,52,0,0,0,0,2023_07_08_00765b81ebb70ab4c32fg.tex
7727,6133,976,92,0,0,0,0,2023_07_08_00790bbe57040cbd6cc6g.tex
8155,6535,904,93,0,0,0,0,2023_07_08_00ba2d3b1a4494a836b1g.tex
7705,5944,750,74,0,0,0,0,2023_07_08_00bc21c41091e002558eg.tex
7142,4689,768,36,0,0,0,0,2023_07_08_00c239856b065e04467cg.tex
8108,5440,985,177,0,0,0,0,2023_07_08_00c5c71da02a60cfdda6g.tex
3906,2228,412,17,0,0,0,0,2023_07_08_00f4bb1bd88b79274d49g.tex
7114,5845,857,62,0,0,0,0,2023_07_08_0102621d56d5f417bd2dg.tex
7794,5814,881,57,0,0,0,0,2023_07_08_01094689ea256ae8d258g.tex
7326,5129,868,65,0,0,0,0,2023_07_08_010ab03be2be31d1e4e0g.tex
7126,6273,931,53,0,0,0,0,2023_07_08_0126adc358d5d2d73066g.tex
7639,5896,907,88,0,0,0,0,2023_07_08_01389104490d4482f2c1g.tex
7549,5319,732,102,0,0,0,0,2023_07_08_013b4cd52f0882d236cag.tex
7085,4419,772,70,0,0,0,0,2023_07_08_0149d7108abcb9f51765g.tex
7137,4846,788,96,0,0,0,0,2023_07_08_017728c4857ce785e36eg.tex
7376,5520,871,50,0,0,0,0,2023_07_08_017ae1c738ceb6b87350g.tex
7270,5520,871,50,0,0,0,0,2023_07_08_017ae1c738ceb6b87350g_1.tex
7270,5520,871,50,0,0,0,0,2023_07_08_017ae1c738ceb6b87350g_2.tex
7754,7138,1127,44,0,0,0,0,2023_07_08_01a6c92b7048dab12080g.tex
7661,6275,935,56,0,0,0,0,2023_07_08_01a82cd865ed19680657g.tex
7931,6445,1076,112,0,0,0,0,2023_07_08_01b1435b9207de3045cbg.tex
6005,3806,598,50,0,0,0,0,2023_07_08_01dae070b49346d18bf9g.tex
7703,5968,997,78,0,0,0,0,2023_07_08_01dfd6b43a01acd4af7eg.tex
7407,6462,861,48,0,0,0,0,2023_07_08_01e9ed365d26d3de7406g.tex
9756,5603,927,175,0,0,0,0,2023_07_08_01f118c1daaf5bbf209dg.tex
7253,6188,997,79,0,0,0,0,2023_07_08_01f8b11f26ba944f5422g.tex
7784,5771,768,48,0,0,0,0,2023_07_08_021c921e066f0bf9c25bg.tex
7417,5855,845,74,0,0,0,0,2023_07_08_0243441cfa13aaa74c7bg.tex
7906,6399,980,110,0,0,0,0,2023_07_08_02779a02005cab39a828g.tex
7492,6561,1000,35,0,0,0,0,2023_07_08_028fa0f01a616cbafd53g.tex
8198,4494,596,50,0,0,0,0,2023_07_08_029d4f5ceba03b46fc74g.tex
6671,5327,762,52,0,0,0,0,2023_07_08_02b7cae94f36f3805f5eg.tex
7259,6431,1019,34,0,0,0,0,2023_07_08_02c6e7044685228b6997g.tex
5815,4249,615,51,0,0,0,0,2023_07_08_02c94e7e2ad0ecdf7d14g.tex
7470,4805,784,88,0,0,0,0,2023_07_08_02cac97ecdda4d6a1053g.tex
7085,5090,834,98,0,0,0,0,2023_07_08_02df50eac85f398dbd9fg.tex
8049,5760,957,114,0,0,0,0,2023_07_08_02eb020e66a67914ab81g.tex
6987,5085,900,121,0,0,0,0,2023_07_08_02f43217537694ac0dd7g.tex
7444,6080,955,90,0,0,0,0,2023_07_08_030d1781b7b07ef83168g.tex
7095,4951,643,38,0,0,0,0,2023_07_08_03115d7e122fd3af925ag.tex
7806,6030,868,63,0,0,0,0,2023_07_08_032aab8cc9234b10f2f3g.tex
6109,4649,727,48,0,0,0,0,2023_07_08_033c1d45354399fe222ag.tex
6009,4649,727,48,0,0,0,0,2023_07_08_033c1d45354399fe222ag_1.tex
7807,5362,833,77,0,0,0,0,2023_07_08_033e813dce797089eb37g.tex
5044,3463,512,52,0,0,0,0,2023_07_08_0347bdef9e55b73cd985g.tex
8275,7268,1191,86,0,0,0,0,2023_07_08_0349ed644f02abd4214eg.tex
7315,6860,950,1,0,0,0,0,2023_07_08_034af11cff3ed74bdbbdg.tex
7310,6064,948,62,0,0,0,0,2023_07_08_03828e259a1f02b331eag.tex
8060,6051,1007,89,0,0,0,0,2023_07_08_03940acd8fc0e168f46dg.tex
8280,6337,952,127,0,0,0,0,2023_07_08_03a05784d71d9615a2c1g.tex
7161,6408,880,32,0,0,0,0,2023_07_08_03bd64d5deffda0b642fg.tex
6536,5406,837,50,0,0,0,0,2023_07_08_03bdab1628906c0a4655g.tex
6867,4714,710,54,0,0,0,0,2023_07_08_03c77ac97730545cf64fg.tex
5895,3938,605,94,0,0,0,0,2023_07_08_03c78c978b878429e02ag.tex
7838,7130,1058,98,0,0,0,0,2023_07_08_03e408dea99a3350e3b1g.tex
6808,4623,665,87,0,0,0,0,2023_07_08_0409a24bc32bb63c6ca0g.tex
7045,5415,792,71,0,0,0,0,2023_07_08_0429d72fada70b6cdb5eg.tex
6848,4239,690,92,0,0,0,0,2023_07_08_0432b84b24919fe08f5dg.tex
7626,4910,651,45,0,0,0,0,2023_07_08_0440c62cfab4afe7afafg.tex
7660,5328,834,113,0,0,0,0,2023_07_08_04a4a0d78075a17624b3g.tex
8711,8100,1331,116,0,0,0,0,2023_07_08_04c83483a64c686f14f2g.tex
8517,7133,1083,107,0,0,0,0,2023_07_08_04e6096d4b9701346c5bg.tex
7213,5613,856,57,1,0,0,0,2023_07_08_04ecd27d5022c0fddc41g.tex
2982,2562,425,25,0,0,0,0,2023_07_08_051e71248cec93c6309ag.tex
7928,5681,743,76,0,0,0,0,2023_07_08_052a42f7cc44fe60ec64g.tex
7495,5428,748,58,0,0,0,0,2023_07_08_052e3974bb48d364bff9g.tex
6895,4790,684,50,0,0,0,0,2023_07_08_0533f01300c763515b32g.tex
6747,5473,850,65,0,0,0,0,2023_07_08_05524e3a8204ea3a900bg.tex
6827,5597,896,82,0,0,0,0,2023_07_08_0562b72a63742f0650e0g.tex
7585,5948,1021,117,0,0,0,0,2023_07_08_0568422a87a42f64992bg.tex
6332,4215,641,56,0,0,0,0,2023_07_08_0577701e8d7fa9b6422fg.tex
6217,4215,641,56,0,0,0,0,2023_07_08_0577701e8d7fa9b6422fg_1.tex
6217,4215,641,56,0,0,0,0,2023_07_08_0577701e8d7fa9b6422fg_2.tex
7308,5382,756,57,0,0,0,0,2023_07_08_0586c2e4b41bbeeacddcg.tex
7302,6055,862,44,1,0,0,0,2023_07_08_05ab28736b8ec23f98d2g.tex
6913,4802,707,74,0,0,0,0,2023_07_08_05c7ff6727389e14d430g.tex
6808,4802,707,74,0,0,0,0,2023_07_08_05c7ff6727389e14d430g_1.tex
6808,4802,707,74,0,0,0,0,2023_07_08_05c7ff6727389e14d430g_2.tex
7393,6351,872,55,0,0,0,0,2023_07_08_05dbce3ea0be00a08e9bg.tex
7834,7233,930,15,0,0,0,0,2023_07_08_05e5e52e702aca12f2ccg.tex
8005,6509,1006,68,0,0,0,0,2023_07_08_05fc8204f1eafce4d8d8g.tex
7910,3773,580,46,0,0,0,0,2023_07_08_060f91378b587bab23bdg.tex
7442,5594,802,71,0,0,0,0,2023_07_08_0618f303cd9cd26f828fg.tex
6970,5770,877,56,0,0,0,0,2023_07_08_06378267963a31361817g.tex
7918,5919,970,107,0,0,0,0,2023_07_08_0645d441cb0ba7ebe7b3g.tex
8019,5844,869,128,0,0,0,0,2023_07_08_06500fe41d5f3e2c6c5dg.tex
8223,6502,982,129,0,0,0,0,2023_07_08_06558ca6ec31071c3e4cg.tex
7290,6907,947,31,0,0,0,0,2023_07_08_0658c9a1918a5e35268fg.tex
7242,6907,947,31,0,0,0,0,2023_07_08_0658c9a1918a5e35268fg_1.tex
7242,6907,947,31,0,0,0,0,2023_07_08_0658c9a1918a5e35268fg_2.tex
7376,6307,1034,52,0,0,0,0,2023_07_08_067a3a5ab83355832625g.tex
7760,5814,923,65,0,0,0,0,2023_07_08_067def080c0d25824fcdg.tex
8113,6868,894,65,0,0,0,0,2023_07_08_068c4126d2db14cb7056g.tex
8139,4321,708,96,0,0,0,0,2023_07_08_06a022e61b70b53d1af9g.tex
7310,6181,955,54,0,0,0,0,2023_07_08_06aa7c002ac720643169g.tex
7296,6479,1041,47,0,0,0,0,2023_07_08_06ac7b5a985ff02fcf8bg.tex
7503,5791,937,117,0,0,0,0,2023_07_08_06bdfa768d3eb8d11217g.tex
7213,6932,827,10,0,0,0,0,2023_07_08_06cf1f614906da9f0986g.tex
7771,7206,932,31,0,0,0,0,2023_07_08_06d496771da5e958a422g.tex
8177,6736,1050,77,0,0,0,0,2023_07_08_06f6a52823e9da97ececg.tex
7603,4198,649,64,0,0,0,0,2023_07_08_06fa308583d64103847dg.tex
8599,5640,984,104,0,0,0,0,2023_07_08_071bdbe9b378b9d680a6g.tex
7645,6961,1064,96,0,0,0,0,2023_07_08_0724c08799e777ba47beg.tex
8259,5212,706,102,0,0,0,0,2023_07_08_0762e45271746ab10b4ag.tex
7588,5929,866,64,0,0,0,0,2023_07_08_076e7013b6c6728f0eebg.tex
8203,5696,908,99,0,0,0,0,2023_07_08_07769bde6cd0d5041e93g.tex
7781,6364,961,53,0,0,0,0,2023_07_08_07984df0f89e0a4c10dag.tex
8305,5694,875,100,0,0,0,0,2023_07_08_079855624924aae39da0g.tex
7658,6308,1006,71,0,0,0,0,2023_07_08_07a35def52656cbdb5d5g.tex
8050,6354,944,63,0,0,0,0,2023_07_08_07a4280031c9c39f0c3eg.tex
6434,3911,612,79,0,0,0,0,2023_07_08_08129f7e2037ba97fd49g.tex
7672,6392,949,102,0,0,0,0,2023_07_08_083b10ca270713e093f5g.tex
7608,6392,949,102,0,0,0,0,2023_07_08_083b10ca270713e093f5g_1.tex
7608,6392,949,102,0,0,0,0,2023_07_08_083b10ca270713e093f5g_2.tex
7897,6747,899,91,0,0,0,0,2023_07_08_083fb2b2106dab89a035g.tex
8220,5968,1020,57,0,0,0,0,2023_07_08_085fd8c49dc417878d03g.tex
6700,5550,783,62,0,0,0,0,2023_07_08_0867627e38b73850ddf0g.tex
7658,6774,915,26,0,0,0,0,2023_07_08_087826fd307d45662d90g.tex
7954,5073,849,97,0,0,0,0,2023_07_08_0895ec1e8559a5f872c9g.tex
7877,6721,950,36,0,0,0,0,2023_07_08_08a4a1059f3e28133680g.tex
7295,4567,744,86,1,0,0,0,2023_07_08_08d27f264e6f0b01b632g.tex
7469,3593,524,86,0,0,0,0,2023_07_08_090272fb00e093dfa604g.tex
7348,5909,783,65,0,0,0,0,2023_07_08_094732c784c81a96e322g.tex
6887,2636,363,44,0,0,0,0,2023_07_08_094d0cac7d7de66e49c6g.tex
7613,6903,900,11,0,0,0,0,2023_07_08_096586bfe08362cd3dfeg.tex
7960,6935,1070,87,0,0,0,0,2023_07_08_096942cfb05483569499g.tex
8278,5651,936,100,0,0,0,0,2023_07_08_096ad26294a41502e419g.tex
7499,5523,925,57,0,0,0,0,2023_07_08_098eb8115e9caf8409b5g.tex
8415,7392,1270,150,0,0,0,0,2023_07_08_09dff3a42c4f8adbe4a6g.tex
6688,5082,815,66,0,0,0,0,2023_07_08_09ec8d55716ed6e580e1g.tex
7633,4479,735,89,0,0,0,0,2023_07_08_0a0b355fb60b93371ddbg.tex
7426,6110,1007,89,0,0,0,0,2023_07_08_0a2c4cf65781347da8d2g.tex
7423,5335,800,91,0,0,0,0,2023_07_08_0a303e0252921e551af5g.tex
6477,6003,849,16,0,0,0,0,2023_07_08_0a37ea9f47e33844a42dg.tex
7882,6436,1038,61,0,0,0,0,2023_07_08_0a7e2c25b86b50fdacc7g.tex
6339,4897,845,55,0,0,0,0,2023_07_08_0a8ccd72265402e64416g.tex
7685,6036,1022,117,0,0,0,0,2023_07_08_0aa93afa3af2eac020e4g.tex
8345,6249,964,68,0,0,0,0,2023_07_08_0aca7899f5c301619a3dg.tex
8227,6800,1089,128,0,0,0,0,2023_07_08_0af6a5f744b043f6c71cg.tex
8453,6906,1087,129,0,0,0,0,2023_07_08_0b1feef7bc15774b95dag.tex
6592,5153,946,38,0,0,0,0,2023_07_08_0b4a690a7ccb4d039dfcg.tex
7809,6777,988,51,0,0,0,0,2023_07_08_0b595b4f0ff7fe495afcg.tex
7739,5811,824,76,0,0,0,0,2023_07_08_0bc407e1e379c0662a15g.tex
6959,5478,801,80,0,0,0,0,2023_07_08_0bc501b6b92a1608faccg.tex
8054,5886,936,109,0,0,0,0,2023_07_08_0bd0bfcd8ad3b5ce479dg.tex
6962,5387,831,61,0,0,0,0,2023_07_08_0be43c3fd58bc5a0f6f9g.tex
7172,5323,832,81,0,0,0,0,2023_07_08_0c0299ad06b9518e8489g.tex
7366,4861,822,76,0,0,0,0,2023_07_08_0c0979ecdd64162b21abg.tex
7857,6614,1025,89,0,0,0,0,2023_07_08_0c21f9d4e362dac89781g.tex
7040,4520,708,92,0,0,0,0,2023_07_08_0c5869998655d1685a88g.tex
7054,6115,857,39,0,0,0,0,2023_07_08_0c5fc831b338d118b916g.tex
6429,5213,802,47,0,0,0,0,2023_07_08_0c750b3a34c799d0650dg.tex
7374,5865,914,54,0,0,0,0,2023_07_08_0c87d7dd30138b2340e3g.tex
7964,6804,1041,48,0,0,0,0,2023_07_08_0c8bd719536a02d0c068g.tex
2080,1603,211,2,0,0,0,0,2023_07_08_0c97878d1a446b99b2bbg.tex
7729,5758,831,29,0,0,0,0,2023_07_08_0cbd524915a57808454ag.tex
8162,6702,852,39,0,0,0,0,2023_07_08_0d083ca5f529cb58ccf5g.tex
7782,6861,1060,48,0,0,0,0,2023_07_08_0d2943b43ffb34416ca8g.tex
8302,7098,1073,135,0,0,0,0,2023_07_08_0d548e7cb7f0d460b2a9g.tex
9225,6164,893,91,0,0,0,0,2023_07_08_0d633492b1c1951c4dd2g.tex
7444,5575,875,117,0,0,0,0,2023_07_08_0d6b709752fe19313482g.tex
7941,4721,725,126,0,0,0,0,2023_07_08_0d769cf186e1ac9cf51dg.tex
7768,6686,1012,162,0,0,0,0,2023_07_08_0d80e756f767ae070a21g.tex
7954,5770,1022,127,0,0,0,0,2023_07_08_0d886f8e795abe1a025cg.tex
7684,6476,926,59,0,0,0,0,2023_07_08_0d928662913f006cbda4g.tex
8426,6799,1092,96,0,0,0,0,2023_07_08_0d9ce8480dbca23e765ag.tex
8403,5526,743,91,0,0,0,0,2023_07_08_0db6859f2ca1dfeb24f0g.tex
7857,5930,822,87,1,0,0,0,2023_07_08_0dc3dae997dce85c91cfg.tex
8170,6699,856,32,0,0,0,0,2023_07_08_0df0b5463f5924d6f9d3g.tex
7153,5879,972,42,0,0,0,0,2023_07_08_0dfe4dd16c8e163c6ae4g.tex
9380,6722,939,145,0,0,0,0,2023_07_08_0e0d9af9460d4e05fa4bg.tex
8775,7228,1150,136,0,0,0,0,2023_07_08_0e1f56b7424a1e926fd7g.tex
7961,5580,822,103,0,0,0,0,2023_07_08_0e2ae5a60879f6c100d5g.tex
6705,5113,734,57,0,0,0,0,2023_07_08_0e2d4ada37ebca6dd281g.tex
8130,6080,900,103,0,0,0,0,2023_07_08_0e559a7cd8699b6f4ebcg.tex
8146,6751,1070,94,0,0,0,0,2023_07_08_0e56ee5314a8efe017fbg.tex
5755,5270,713,6,0,0,0,0,2023_07_08_0e745bd7180768a6b873g.tex
7673,6914,1046,52,0,0,0,0,2023_07_08_0e79371adb56ed38769bg.tex
8093,6092,881,54,0,0,0,0,2023_07_08_0e90702dc367966e5e7bg.tex
9096,5672,908,132,0,0,0,0,2023_07_08_0ea79bc11850f8a3ba5eg.tex
6934,4697,715,97,0,0,0,0,2023_07_08_0eb26f2d79b67368dcbfg.tex
7688,6427,978,95,0,0,0,0,2023_07_08_0ec80b29ecf7af82db43g.tex
7013,5025,733,95,0,0,0,0,2023_07_08_0ecf78ed0b254828e459g.tex
6922,5421,760,69,0,0,0,0,2023_07_08_0ee55ce3606b31fdcd5fg.tex
8489,6604,945,103,0,0,0,0,2023_07_08_0eeb50db019eaaab98beg.tex
8506,6389,976,80,0,0,0,0,2023_07_08_0eee85302cbe9f0b525ag.tex
8429,6389,976,80,0,0,0,0,2023_07_08_0eee85302cbe9f0b525ag_1.tex
7373,4648,672,60,0,0,0,0,2023_07_08_0f209629e92a0708b14cg.tex
5934,4257,730,61,0,0,0,0,2023_07_08_0f2d166bcff1616710d4g.tex
6457,4248,679,63,0,0,0,0,2023_07_08_0f431efaf978df6d07bcg.tex
8447,6702,1261,167,0,0,0,0,2023_07_08_0f6ecb19befe70f3dbdcg.tex
8134,7090,978,60,0,0,0,0,2023_07_08_0f7c066b0e5594e78a3dg.tex
8105,6352,832,83,0,0,0,0,2023_07_08_0fc73dbfbc68075ae8e7g.tex
7653,6644,941,45,0,0,0,0,2023_07_08_0ff667152e243974ab9eg.tex
7285,6985,903,10,0,0,0,0,2023_07_08_0ffd58a51ab3d40f3c04g.tex
7742,5300,676,42,0,0,0,0,2023_07_08_10059a5f21620fa95603g.tex
7221,5150,850,77,0,0,0,0,2023_07_08_1006186ac74459b08a68g.tex
7921,4584,687,65,0,0,0,0,2023_07_08_100df2f421a1433daf55g.tex
8222,5788,789,69,0,0,0,0,2023_07_08_101f64d7b809f2d078deg.tex
6809,4941,776,58,0,0,0,0,2023_07_08_1021c09c310512cf943bg.tex
6685,4941,776,58,0,0,0,0,2023_07_08_1021c09c310512cf943bg_1.tex
6685,4941,776,58,0,0,0,0,2023_07_08_1021c09c310512cf943bg_2.tex
8344,6005,1042,105,0,0,0,0,2023_07_08_1046543cc117c154835ag.tex
8247,6005,1042,105,0,0,0,0,2023_07_08_1046543cc117c154835ag_1.tex
8247,6005,1042,105,0,0,0,0,2023_07_08_1046543cc117c154835ag_2.tex
8736,5952,1132,97,0,0,0,0,2023_07_08_1064c328688be59e8eb0g.tex
6449,4377,615,65,0,0,0,0,2023_07_08_1081f7cf9850ac8104e3g.tex
7194,5846,872,43,0,0,0,0,2023_07_08_1090c0443016e8e9a752g.tex
7044,4700,786,61,0,0,0,0,2023_07_08_10c45a2f388c504976acg.tex
8261,7100,1097,149,0,0,0,0,2023_07_08_10dc20baf9282d0adc21g.tex
7213,4358,633,67,0,0,0,0,2023_07_08_10e02ff953883c615f8ag.tex
6730,5166,808,89,0,0,0,0,2023_07_08_10e39225020f969d17c8g.tex
7620,7172,1063,16,0,0,0,0,2023_07_08_10e6d8b84375cc889d3fg.tex
8181,4234,592,55,1,0,0,0,2023_07_08_10e944bcb0598e50708bg.tex
6910,5218,684,37,0,0,0,0,2023_07_08_10ec9824323fbc11991cg.tex
7637,5974,972,93,0,0,0,0,2023_07_08_1118fdf27a43cbd36bb0g.tex
7706,6157,969,66,0,0,0,0,2023_07_08_11340a7edef9fbc457cag.tex
8063,4480,805,129,0,0,0,0,2023_07_08_1146cd902c47e339fcf6g.tex
8241,7524,1088,140,0,0,0,0,2023_07_08_1156b16bb4e53413a2dfg.tex
7554,5034,740,65,0,0,0,0,2023_07_08_11575ca2e2e11a4754beg.tex
7808,7148,1030,178,0,0,0,0,2023_07_08_1158743ef60f5b8fabe0g.tex
7045,4749,652,64,0,0,0,0,2023_07_08_116b877bbec65417f261g.tex
7853,6796,1091,80,0,0,0,0,2023_07_08_118862785120ccab1c85g.tex
7821,6469,915,89,0,0,0,0,2023_07_08_118f7828d2ca0cda84a4g.tex
8151,6893,879,65,0,0,0,0,2023_07_08_11912f4cbfcdc2f5587eg.tex
6685,4202,641,72,0,0,0,0,2023_07_08_119fd3e4432ef8f0fcd9g.tex
8710,6864,1087,100,0,0,0,0,2023_07_08_11acf68733a777d6e09eg.tex
7725,4747,789,89,0,0,0,0,2023_07_08_11ad20061e27e3f96d2cg.tex
7986,7363,1129,50,0,0,0,0,2023_07_08_11b9292c55f55847eec1g.tex
6891,5275,782,51,0,0,0,0,2023_07_08_120440a54b31eaf1a518g.tex
7021,5836,831,43,0,0,0,0,2023_07_08_121ad8ca33e6d466ad7dg.tex
8061,6414,1159,94,0,0,0,0,2023_07_08_121ae0eceaaeb3baf285g.tex
7911,3443,555,112,0,0,0,0,2023_07_08_12552469845b30db8444g.tex
7260,6197,911,33,0,0,0,0,2023_07_08_12865b78eb1884d14217g.tex
7903,6105,955,121,0,0,0,0,2023_07_08_12a433a622c8263d0a5cg.tex
6750,4291,579,36,0,0,0,0,2023_07_08_12b23d66023984cc8d29g.tex
6917,4234,686,93,0,0,0,0,2023_07_08_12f05df86df6348ff4ebg.tex
6885,5350,735,48,0,0,0,0,2023_07_08_131579fd99b7bed764b1g.tex
6801,3891,615,80,0,0,0,0,2023_07_08_131fbcb2292a111f3ce0g.tex
7716,5686,925,126,0,0,0,0,2023_07_08_133b8faa7b3b748ea589g.tex
7738,6131,823,46,0,0,0,0,2023_07_08_1352e95740e67a13aa3fg.tex
7856,6924,1036,73,0,0,0,0,2023_07_08_135a9d2bfc03fc1b0c01g.tex
8437,6948,1022,46,0,0,0,0,2023_07_08_13779da42f3dce7f9e60g.tex
7340,5082,861,59,0,0,0,0,2023_07_08_1394201c17f8306f8916g.tex
7281,6084,836,59,0,0,0,0,2023_07_08_13b894cd23558a829adfg.tex
8067,7058,1119,73,0,0,0,0,2023_07_08_13b9ad44b0b67bc6c6c9g.tex
6362,5101,852,66,0,0,0,0,2023_07_08_13bdd5a9f6d51ce398a8g.tex
7773,7326,1056,85,0,0,0,0,2023_07_08_13c1dccc70387f00e09dg.tex
8008,7107,947,35,0,0,0,0,2023_07_08_13cae7ba2cac50a92f47g.tex
8095,6460,1080,87,0,0,0,0,2023_07_08_13d9d8b7412a35c62588g.tex
7430,5582,963,83,0,0,0,0,2023_07_08_1407e923da54cfb57a7dg.tex
7706,6729,1070,107,0,0,0,0,2023_07_08_1411e694d6cf7319bf4ag.tex
7419,4581,722,57,0,0,0,0,2023_07_08_1435a7e88dca32d0162eg.tex
7939,6518,981,85,0,0,0,0,2023_07_08_14388105e24a5d41fc42g.tex
6225,4725,671,47,0,0,0,0,2023_07_08_14735c1158833cee5187g.tex
6746,4828,811,66,0,0,0,0,2023_07_08_14a509932b5e016855deg.tex
7712,5918,959,116,0,0,0,0,2023_07_08_14ab0d2804d2ae606588g.tex
7806,5775,1010,121,0,0,0,0,2023_07_08_14ac3b42b490743c9345g.tex
8866,6795,1130,141,0,0,0,0,2023_07_08_14eb7a0c892158f6c2a4g.tex
7534,6190,884,49,0,0,0,0,2023_07_08_14f44fa41e5afe497081g.tex
7759,7043,954,48,0,0,0,0,2023_07_08_151178cdb4bf5730ae9dg.tex
7784,4895,824,71,0,0,0,0,2023_07_08_1516f36f7efa805aba39g.tex
7413,4282,713,60,0,0,0,0,2023_07_08_151ad59236367a1ab903g.tex
8665,7163,1132,69,0,0,0,0,2023_07_08_15317efd2b0330fc0b41g.tex
8380,6705,1091,128,0,0,0,0,2023_07_08_1534e082bcf81ecd0ff9g.tex
8340,5634,764,82,0,0,0,0,2023_07_08_159636f9a85e2180a765g.tex
7674,6988,958,35,0,0,0,0,2023_07_08_159e59b354e63154f415g.tex
8269,6563,1056,73,0,0,0,0,2023_07_08_15a8fe3c0177301b095dg.tex
8458,5615,861,113,0,0,0,0,2023_07_08_15ceabacbba5c9fa22c5g.tex
7732,5386,907,103,0,0,0,0,2023_07_08_15d50d0416f068b35b8eg.tex
8059,4676,834,133,0,0,0,0,2023_07_08_15e5bfa67da0e53a65c5g.tex
7994,6063,835,74,0,0,0,0,2023_07_08_16345ca3c613250d2b33g.tex
7705,4722,649,97,0,0,0,0,2023_07_08_163600bdf8c825d2e537g.tex
8060,5923,999,102,0,0,0,0,2023_07_08_1662cb0a3d8b7be2640bg.tex
8039,6584,994,68,0,0,0,0,2023_07_08_16635e9c11a860d2ea4eg.tex
7536,7352,1001,37,0,0,0,0,2023_07_08_16a0df1a923cb8206349g.tex
9021,7299,1243,133,0,0,0,0,2023_07_08_16a601893f956d89f99ag.tex
7781,5603,909,63,0,0,0,0,2023_07_08_16c5faf31ec5caf220cfg.tex
7679,5607,938,106,0,0,0,0,2023_07_08_16c7cb65abfcc544ceedg.tex
7511,6801,962,45,0,0,0,0,2023_07_08_16c8fbd5875d0b27ebf8g.tex
7797,6221,1040,125,0,0,0,0,2023_07_08_16f7e989b8fa7ebc7626g.tex
7057,6528,1059,57,0,0,0,0,2023_07_08_16fc2e15950112013aaeg.tex
7993,5932,1031,153,0,0,0,0,2023_07_08_1706bdadde151692aaa6g.tex
7866,5645,799,136,0,0,0,0,2023_07_08_171e15eb47c462b5cb6cg.tex
8027,5690,1004,117,0,0,0,0,2023_07_08_173b595f29e04aa093c8g.tex
7070,6048,916,45,0,0,0,0,2023_07_08_17403467406203afb912g.tex
8202,4197,719,92,0,0,0,0,2023_07_08_175b12f1d4533cbf49b3g.tex
8030,6992,1029,49,0,0,0,0,2023_07_08_17771e55a68ae6c389d3g.tex
7029,4889,692,127,0,0,0,0,2023_07_08_177d17f944b992675490g.tex
7494,6947,1011,31,0,0,0,0,2023_07_08_1781c68318875bedfdc2g.tex
7709,4918,742,82,0,0,0,0,2023_07_08_1790d83f00cd0387017bg.tex
7284,6963,1042,27,0,0,0,0,2023_07_08_179bcaacaacf99ee52f3g.tex
7372,6413,837,75,0,0,0,0,2023_07_08_17b2b508a625d43a397ag.tex
8543,7091,1181,57,0,0,0,0,2023_07_08_17b362e88672f4d6caaag.tex
7501,5878,787,58,0,0,0,0,2023_07_08_17c9f591eda42741ac50g.tex
7430,6676,1165,72,0,0,0,0,2023_07_08_17db0b3e40658f5b0ca4g.tex
8185,6703,1083,82,0,0,0,0,2023_07_08_17e19e2da39e9cc6f709g.tex
7551,5363,752,35,0,0,0,0,2023_07_08_17f12ed3a40054c7e774g.tex
7056,5950,805,91,0,0,0,0,2023_07_08_17fb039f408c07a88d30g.tex
7088,6084,960,37,0,0,0,0,2023_07_08_17ff78fba1c33afff9fbg.tex
8519,7006,1113,144,0,0,0,0,2023_07_08_1841a6686b69fbcab64fg.tex
8454,7006,1113,144,0,0,0,0,2023_07_08_1841a6686b69fbcab64fg_1.tex
8454,7006,1113,144,0,0,0,0,2023_07_08_1841a6686b69fbcab64fg_2.tex
7860,5088,746,128,0,0,0,0,2023_07_08_185fdbd9a41d754c33beg.tex
6851,5705,946,55,0,0,0,0,2023_07_08_1894875a660d7ce0e9a0g.tex
7837,5274,769,68,0,0,0,0,2023_07_08_189bb1cdf0f74457bc6cg.tex
8043,6346,1008,79,0,0,0,0,2023_07_08_18c1f30ca0a10c2839d2g.tex
8036,5201,754,64,0,0,0,0,2023_07_08_18c26106bb018824bcabg.tex
8121,4741,767,119,0,0,0,0,2023_07_08_18ccc3a1a34fc073d691g.tex
8644,4669,696,71,0,0,0,0,2023_07_08_18d9fc81d1dc5cf4d35dg.tex
7572,5659,864,108,0,0,0,0,2023_07_08_191fb8402750b30696fag.tex
7595,5266,845,116,0,0,0,0,2023_07_08_1952ecb23cee39996accg.tex
7887,5505,891,80,0,0,0,0,2023_07_08_1955d2598b83f154996ag.tex
8022,6811,1045,75,0,0,0,0,2023_07_08_199120c132b7d1396951g.tex
7388,5114,726,57,0,0,0,0,2023_07_08_19a889ea0917349bcd60g.tex
7757,6100,888,65,0,0,0,0,2023_07_08_19e108880f999b8dce48g.tex
8006,7012,1147,38,0,0,0,0,2023_07_08_19e8afa9c86f86fad85ag.tex
7173,5656,843,93,0,0,0,0,2023_07_08_19f2f31fa9cb4e93e807g.tex
8402,4262,813,96,0,0,0,0,2023_07_08_19fb560c8302e5ac03aeg.tex
8087,7101,1051,92,0,0,0,0,2023_07_08_19ffe8158ef47cc5dbeag.tex
7497,5232,883,62,0,0,0,0,2023_07_08_1a0eaa537ef9cb0f9916g.tex
7578,5439,878,74,0,0,0,0,2023_07_08_1a1788c85e45ae316895g.tex
7696,6678,1076,126,0,0,0,0,2023_07_08_1a34773ba1b0a05a08adg.tex
7303,4833,681,74,0,0,0,0,2023_07_08_1a452523baafb72ccccbg.tex
7659,7016,1044,19,0,0,0,0,2023_07_08_1a4c4549c7dbd4667c6eg.tex
7849,6454,926,57,0,0,0,0,2023_07_08_1a58ab185e2e39653ac9g.tex
7432,4445,692,87,0,0,0,0,2023_07_08_1a5ffef57032107040a1g.tex
7970,7043,1004,68,0,0,0,0,2023_07_08_1a7bdc8a79b8d2823a78g.tex
10239,6918,1071,167,0,0,0,0,2023_07_08_1a8d2beaf128259b60fdg.tex
7750,6374,878,48,0,0,0,0,2023_07_08_1aa95f09f87a962cf27bg.tex
7882,6306,903,77,0,0,0,0,2023_07_08_1abe4894513b911e6c14g.tex
8863,6885,940,38,0,0,0,0,2023_07_08_1ad294dc85da60bc8fd8g.tex
7807,6143,1018,91,0,0,0,0,2023_07_08_1ad67e36304c94f63b70g.tex
7860,5442,784,61,0,0,0,0,2023_07_08_1adf16cb9f7d6ba68d4dg.tex
9250,6235,978,155,0,0,0,0,2023_07_08_1ae629a075fe6baf6b99g.tex
7187,5160,742,75,0,0,0,0,2023_07_08_1aee8b2188e0aee05c2cg.tex
7321,5414,886,71,0,0,0,0,2023_07_08_1b0041fe878c1b9e413eg.tex
7306,6524,854,74,0,0,0,0,2023_07_08_1b013f2e8f262c106288g.tex
7102,2848,559,107,0,0,0,0,2023_07_08_1b0cc69c594d48a31546g.tex
7469,6709,971,49,0,0,0,0,2023_07_08_1b108ce34b59386e2bfcg.tex
7457,845,166,75,0,0,0,0,2023_07_08_1b136daa1e98a3256d34g.tex
9126,4618,631,98,0,0,0,0,2023_07_08_1b19c3a269bb19f1210ag.tex
7452,5750,763,54,0,0,0,0,2023_07_08_1b2efc7d9cf66b64f2f3g.tex
7216,5293,725,54,0,0,0,0,2023_07_08_1b5fca22801f43be2874g.tex
6767,4881,690,41,0,0,0,0,2023_07_08_1b6913f3ee3a89881924g.tex
4949,3466,516,92,0,0,0,0,2023_07_08_1b79d9293851a879c73ag.tex
8535,6111,863,109,0,0,0,0,2023_07_08_1b87669a8f9c8ade08a8g.tex
6746,3966,573,79,0,0,0,0,2023_07_08_1b95966907d1ce058431g.tex
6832,5013,898,91,0,0,0,0,2023_07_08_1b9ffbb545f2a4496a8cg.tex
7851,5958,895,88,0,0,0,0,2023_07_08_1bee4994e83d04fef3d0g.tex
8125,6443,1037,113,0,0,0,0,2023_07_08_1bf678b27a6742b381c8g.tex
7104,5861,991,71,0,0,0,0,2023_07_08_1bf69e365d0380636547g.tex
8076,7437,1030,58,0,0,0,0,2023_07_08_1c3016c9f07f4da9fd85g.tex
7829,6021,885,122,0,0,0,0,2023_07_08_1c3f2327a9776eff122ag.tex
7210,6069,948,49,0,0,0,0,2023_07_08_1c4476f523ce5a5e5dd6g.tex
8141,6807,968,99,0,0,0,0,2023_07_08_1c4e109ff8c3f5a70be9g.tex
6422,4243,571,54,0,0,0,0,2023_07_08_1c4f9e299ce7e8faaa12g.tex
6283,4243,571,54,0,0,0,0,2023_07_08_1c4f9e299ce7e8faaa12g_1.tex
6283,4243,571,54,0,0,0,0,2023_07_08_1c4f9e299ce7e8faaa12g_2.tex
7482,7129,1000,53,0,0,0,0,2023_07_08_1c88fdee21cb1fb04c7cg.tex
6015,4956,791,40,0,0,0,0,2023_07_08_1c9ad30786aea876eff6g.tex
7814,5933,1021,80,0,0,0,0,2023_07_08_1cd852eeb137da1690d1g.tex
7252,5428,846,102,0,0,0,0,2023_07_08_1ce3942d9f6e8f98a3a5g.tex
8286,7479,1220,99,0,0,0,0,2023_07_08_1ce6016e5e342ad5cff0g.tex
7645,6069,990,77,0,0,0,0,2023_07_08_1cf844dd02fa6918d201g.tex
6804,5423,815,50,0,0,0,0,2023_07_08_1d58cc855b4e920376aag.tex
8152,6438,1064,131,0,0,0,0,2023_07_08_1d60424703edc7b1a2d3g.tex
8089,6382,1003,129,0,0,0,0,2023_07_08_1d6ffb9450db71f5f5dbg.tex
8416,6722,1014,69,0,0,0,0,2023_07_08_1d99c2d9b0bc5bddbf80g.tex
7479,5787,960,58,0,0,0,0,2023_07_08_1db5517fcf5ba5cdd9d7g.tex
7222,5275,825,104,0,0,0,0,2023_07_08_1e3f1088b2ea0e5f85f9g.tex
6904,4323,717,76,0,0,0,0,2023_07_08_1e56a7b8d29d387150acg.tex
7433,6265,959,52,0,0,0,0,2023_07_08_1e581f1e3c4e1d2c7001g.tex
1620,1287,231,22,0,0,0,0,2023_07_08_1e610776caf59adf5a42g.tex
8197,7490,978,51,0,0,0,0,2023_07_08_1e62cdbbf9d8743a7a8fg.tex
8176,7186,1136,39,0,0,0,0,2023_07_08_1e6682250f5ea0bf1334g.tex
8465,4254,564,60,0,0,0,0,2023_07_08_1e6accb3245848c83f68g.tex
7792,6794,1007,68,0,0,0,0,2023_07_08_1e70abf95cdae7ebdd5eg.tex
7025,4213,656,81,0,0,0,0,2023_07_08_1e7f34a4bfb776057680g.tex
7913,3857,521,72,0,0,0,0,2023_07_08_1e883671892b60c3972fg.tex
7528,4051,655,59,1,0,0,0,2023_07_08_1e93b780506790559629g.tex
7379,4051,655,59,1,0,0,0,2023_07_08_1e93b780506790559629g_1.tex
7379,4051,655,59,1,0,0,0,2023_07_08_1e93b780506790559629g_2.tex
8051,6091,934,79,0,0,0,0,2023_07_08_1e9cfa5fbf7f65cbc2eeg.tex
9010,6914,1031,104,0,0,0,0,2023_07_08_1ec9d4487e34cf92290eg.tex
7696,5968,966,97,0,0,0,0,2023_07_08_1ed44e323de40997a5d9g.tex
7761,6299,1109,104,0,0,0,0,2023_07_08_1f11b2fdfa1a39ac6fb0g.tex
7429,5092,782,53,0,0,0,0,2023_07_08_1f19bfb764d69648b0e1g.tex
8253,7469,1154,99,0,0,0,0,2023_07_08_1f3f1088760706d4013ag.tex
7441,5508,819,60,0,0,0,0,2023_07_08_1f47034e5cec8ebd3c13g.tex
7810,4233,694,57,0,0,0,0,2023_07_08_1f48716713fbc4d2ec2ag.tex
7468,3766,634,63,0,0,0,0,2023_07_08_1f5535d46a64ede5733dg.tex
7298,6103,899,38,0,0,0,0,2023_07_08_1f79fef75714830312b7g.tex
8178,6389,874,80,0,0,0,0,2023_07_08_1f7ef0e35db37b945c7fg.tex
7726,6036,877,116,0,0,0,0,2023_07_08_1f9e304d52db4e6fdf92g.tex
7653,6398,875,64,0,0,0,0,2023_07_08_1fa477a7d3f8e6f711deg.tex
7344,6480,838,28,0,0,0,0,2023_07_08_1faf033065061aa7d0b4g.tex
8338,6317,1166,105,0,0,0,0,2023_07_08_1fd4a8f5f5db04752db4g.tex
7876,6628,1152,95,0,0,0,0,2023_07_08_1feedae5d449ded9fd1eg.tex
7540,5567,835,102,0,0,0,0,2023_07_08_2001a61f76a8b6dce78cg.tex
8352,7696,1370,111,0,0,0,0,2023_07_08_2025e787fa834d358ae9g.tex
8425,4602,644,82,0,0,0,0,2023_07_08_2035dc70f8088be8ea13g.tex
6658,4954,716,35,0,0,0,0,2023_07_08_206f93bed2525b309d21g.tex
7184,5517,715,42,0,0,0,0,2023_07_08_207466d2f5651bd44555g.tex
8537,6201,919,118,0,0,0,0,2023_07_08_2075f572db29a603e4bcg.tex
7444,5312,854,61,0,0,0,0,2023_07_08_20884678df61023e88aag.tex
8013,6945,949,28,0,0,0,0,2023_07_08_20d19599b3ff4ba33aecg.tex
7451,5735,960,95,0,0,0,0,2023_07_08_20d58c8025d5f5ca35d7g.tex
7283,6314,1014,92,0,0,0,0,2023_07_08_213167201baa45ac5ae4g.tex
8284,4122,643,115,0,0,0,0,2023_07_08_214a7c79b822ff27de16g.tex
7517,5831,804,91,0,0,0,0,2023_07_08_2155f7e1d2d05f5c9099g.tex
7258,6337,864,55,0,0,0,0,2023_07_08_2160ccdfe254d6ab2ae5g.tex
8160,5953,886,125,0,0,0,0,2023_07_08_2183818a114c03da3a91g.tex
8308,7443,1189,64,0,0,0,0,2023_07_08_21df8891a2f486ca877cg.tex
8778,7519,1150,156,0,0,0,0,2023_07_08_21fe4d107abf4ad3aebdg.tex
8327,7098,1032,160,0,0,0,0,2023_07_08_2226f6d14f2fe3dab3a4g.tex
8019,6411,1112,83,0,0,0,0,2023_07_08_225ef8ac0e41ec647eb4g.tex
8381,6688,1087,116,0,0,0,0,2023_07_08_22613b851e4594455809g.tex
8065,7469,1118,62,0,0,0,0,2023_07_08_229513e9235b81cc8463g.tex
7416,6267,907,69,0,0,0,0,2023_07_08_22a83d838a8dc115882eg.tex
8528,7901,1441,44,0,0,0,0,2023_07_08_22bcae060c7a37094b95g.tex
7438,6235,762,42,0,0,0,0,2023_07_08_22c620a43bdfc2493307g.tex
8428,5939,796,40,0,0,0,0,2023_07_08_22c99385a6660bf247c3g.tex
7002,4550,713,119,0,0,0,0,2023_07_08_22d74c6c44af18437284g.tex
7179,5922,873,92,0,0,0,0,2023_07_08_22d894a4c43a53183d6bg.tex
7079,6271,888,22,0,0,0,0,2023_07_08_22e39d66b87a4867e0c0g.tex
7398,5849,931,79,0,0,0,0,2023_07_08_22fe35010e2dfb6bbc55g.tex
7301,5849,931,79,0,0,0,0,2023_07_08_22fe35010e2dfb6bbc55g_1.tex
7301,5849,931,79,0,0,0,0,2023_07_08_22fe35010e2dfb6bbc55g_2.tex
7750,5531,718,15,0,0,0,0,2023_07_08_23153ed78b1ade796646g.tex
8403,7189,1157,178,0,0,0,0,2023_07_08_23234ce8f574a91604f6g.tex
8269,6517,849,59,0,0,0,0,2023_07_08_234456965f5f6f12b097g.tex
8216,6517,849,59,0,0,0,0,2023_07_08_234456965f5f6f12b097g_1.tex
8216,6517,849,59,0,0,0,0,2023_07_08_234456965f5f6f12b097g_2.tex
7264,1343,289,81,0,0,0,0,2023_07_08_234e28d0cbd3fff9b86fg.tex
7772,5822,897,87,0,0,0,0,2023_07_08_2380c05fe75845f32a98g.tex
7224,6497,886,32,0,0,0,0,2023_07_08_2391333da740af6080a5g.tex
7168,6497,886,32,0,0,0,0,2023_07_08_2391333da740af6080a5g_1.tex
7168,6497,886,32,0,0,0,0,2023_07_08_2391333da740af6080a5g_2.tex
7011,3802,543,74,1,0,0,0,2023_07_08_239c4df4d4388b754af0g.tex
6786,5411,839,94,0,0,0,0,2023_07_08_23c5e545d5e9fe4d62b2g.tex
5668,3521,565,50,1,0,0,0,2023_07_08_23cb25935f7889c981dag.tex
6714,3822,682,63,0,0,0,0,2023_07_08_23e7bf431f18990a3050g.tex
8268,6497,964,77,0,0,0,0,2023_07_08_23ed1977048b67f85fe4g.tex
8025,7141,1030,83,0,0,0,0,2023_07_08_23ed37d08aa4464aa0cdg.tex
7695,5518,833,63,0,0,0,0,2023_07_08_2412cf188d90c6077379g.tex
7377,4908,760,111,0,0,0,0,2023_07_08_242f8a9ed2e146ba28cbg.tex
7233,4908,760,111,0,0,0,0,2023_07_08_242f8a9ed2e146ba28cbg_1.tex
7886,6719,1007,25,0,0,0,0,2023_07_08_243526dc934e6c675140g.tex
9020,6281,1128,103,0,0,0,0,2023_07_08_2470978b27bab8debf6ag.tex
7718,5651,745,55,0,0,0,0,2023_07_08_2486c7b7e76d91ba8639g.tex
7882,6826,1020,84,0,0,0,0,2023_07_08_248d0f9d6696fb384749g.tex
6739,4949,685,53,0,0,0,0,2023_07_08_249249feee2ce7be4259g.tex
8176,7339,1095,78,0,0,0,0,2023_07_08_2499ebe9be05121bab9eg.tex
7647,5927,932,79,0,0,0,0,2023_07_08_24a04863db9dffc74783g.tex
7904,7538,1153,120,0,0,0,0,2023_07_08_24aa99a33be338258ea8g.tex
7360,5361,913,92,0,0,0,0,2023_07_08_24d0dc74dcd7db119febg.tex
7992,6281,1072,85,0,0,0,0,2023_07_08_2500c717dd84284c12f9g.tex
8020,6649,912,75,0,0,0,0,2023_07_08_2503d37ea248b216e3f1g.tex
7009,5812,885,91,0,0,0,0,2023_07_08_250d4a6161c9482f0eeeg.tex
8404,7257,1207,89,0,0,0,0,2023_07_08_25158125b1e653957e08g.tex
7146,6760,936,38,0,0,0,0,2023_07_08_252e7e7bf39ef40e0a13g.tex
7803,6116,945,55,0,0,0,0,2023_07_08_254cf6ef93625ff1f8feg.tex
7361,5133,925,96,0,0,0,0,2023_07_08_2556542a804cb87aff64g.tex
8047,6724,1161,46,0,0,0,0,2023_07_08_2596496f319c6267113bg.tex
7163,5347,768,90,0,0,0,0,2023_07_08_25aad8961276485abe46g.tex
7381,6069,958,47,0,0,0,0,2023_07_08_25c38a661f0d9049ebceg.tex
8293,5670,969,74,0,0,0,0,2023_07_08_25f9609b897826ea4267g.tex
7297,5147,702,75,0,0,0,0,2023_07_08_261d39b2c6912f74e1dcg.tex
8504,7105,1194,107,0,0,0,0,2023_07_08_261f28e099c7c752dd4eg.tex
8268,5823,933,111,0,0,0,0,2023_07_08_262be4087d727c2b5359g.tex
7570,6260,894,38,0,0,0,0,2023_07_08_265df0fb56fe0ef670a5g.tex
7917,5476,830,76,0,0,0,0,2023_07_08_26cfecd3766840fd71d6g.tex
7132,5304,767,106,0,0,0,0,2023_07_08_26d4541ed2d06c6b7a83g.tex
6955,5756,911,74,0,0,0,0,2023_07_08_26ee05c3072b57dee72dg.tex
7330,6018,876,108,0,0,0,0,2023_07_08_26f45890fabcbb1a5d47g.tex
7063,5589,802,54,0,0,0,0,2023_07_08_27122b33b75cf4b41178g.tex
7511,5994,916,97,0,0,0,0,2023_07_08_2752e6b597d3c98494ceg.tex
7386,6991,1015,40,0,0,0,0,2023_07_08_276386e1eb710235ff95g.tex
7686,5857,892,96,0,0,0,0,2023_07_08_2776af6c778767ffb3bdg.tex
7221,6084,952,103,0,0,0,0,2023_07_08_277e76877c9679d53930g.tex
7395,5671,907,46,0,0,0,0,2023_07_08_27a3cccbfd83e53e310cg.tex
7306,5671,907,46,0,0,0,0,2023_07_08_27a3cccbfd83e53e310cg_1.tex
6879,5541,737,66,0,0,0,0,2023_07_08_27bc33879649cefbf20ag.tex
8460,7184,1254,81,0,0,0,0,2023_07_08_27d1522cfab57f574b03g.tex
7713,5354,844,104,0,0,0,0,2023_07_08_27f29eed9f7568cf3fd9g.tex
7058,4150,627,58,0,0,0,0,2023_07_08_28027b0601d80f94d4f3g.tex
6945,4150,627,58,0,0,0,0,2023_07_08_28027b0601d80f94d4f3g_1.tex
6945,4150,627,58,0,0,0,0,2023_07_08_28027b0601d80f94d4f3g_2.tex
7906,6047,1081,135,0,0,0,0,2023_07_08_28040afdd4dbf88c16f2g.tex
7851,6475,970,66,0,0,0,0,2023_07_08_2808293e12fe9db734b1g.tex
7791,6475,970,66,0,0,0,0,2023_07_08_2808293e12fe9db734b1g_1.tex
7791,6475,970,66,0,0,0,0,2023_07_08_2808293e12fe9db734b1g_2.tex
7712,5054,720,55,0,0,0,0,2023_07_08_2816972c3c6a0ddc612eg.tex
6009,5516,779,52,0,0,0,0,2023_07_08_282b2ee3ae571cdc4182g.tex
7793,6487,862,46,0,0,0,0,2023_07_08_2850e8da4fa3c5b05508g.tex
8034,807,167,43,0,0,0,0,2023_07_08_285258e544f87cff045dg.tex
7781,6590,899,50,0,0,0,0,2023_07_08_2855240875304a972020g.tex
3591,2580,419,40,0,0,0,0,2023_07_08_28610162d88fa755b7e5g.tex
7406,5696,842,78,0,0,0,0,2023_07_08_286fc75db2a636a29c6eg.tex
7632,7029,1139,91,0,0,0,0,2023_07_08_289d722228687aff6ccfg.tex
7325,4961,753,85,0,0,0,0,2023_07_08_28bcd9f61a786c78c1b2g.tex
7321,7023,912,0,0,0,0,0,2023_07_08_28e4e70c39c45b4f2b2cg.tex
7751,6994,1135,77,0,0,0,0,2023_07_08_2903446287eb8f6c6dfcg.tex
7838,5981,940,82,0,0,0,0,2023_07_08_291ff44c9d950b30a0e9g.tex
7594,6195,967,113,0,0,0,0,2023_07_08_2966aff57965a75526b6g.tex
7217,4990,720,71,0,0,0,0,2023_07_08_29788385909d28c017ceg.tex
7428,6325,1018,53,0,0,0,0,2023_07_08_29c9957f9d79b19a2574g.tex
7421,5898,741,64,0,0,0,0,2023_07_08_29d61e52fc3633c5128cg.tex
7212,6792,916,28,0,0,0,0,2023_07_08_29f655af2f48b3f610a4g.tex
7177,6792,916,28,0,0,0,0,2023_07_08_29f655af2f48b3f610a4g_1.tex
7177,6792,916,28,0,0,0,0,2023_07_08_29f655af2f48b3f610a4g_2.tex
9003,6762,1065,174,0,0,0,0,2023_07_08_29fcc83511375abfaef7g.tex
7838,6219,1017,74,0,0,0,0,2023_07_08_2a07c2732423de71a6eeg.tex
8086,7269,1112,61,0,0,0,0,2023_07_08_2a123c862ca46159a9b4g.tex
7210,4803,773,102,0,0,0,0,2023_07_08_2a2a7bca6aa64670ba42g.tex
7558,4729,670,65,0,0,0,0,2023_07_08_2a33102a7b00eb35430eg.tex
7239,6078,979,53,0,0,0,0,2023_07_08_2a44bc18a54edc11caafg.tex
7222,5190,680,73,0,0,0,0,2023_07_08_2a59c2c5c82b5828c42ag.tex
7823,6401,1026,74,0,0,0,0,2023_07_08_2a84fdfe5a13618fa8e7g.tex
7589,5534,760,75,0,0,0,0,2023_07_08_2b34a24ce7a16df49db4g.tex
8172,6608,1118,118,0,0,0,0,2023_07_08_2b369e894b8767909be8g.tex
9155,4890,739,121,0,0,0,0,2023_07_08_2b6739fd6a7832b0770eg.tex
7595,5790,1012,56,0,0,0,0,2023_07_08_2b6eaf2ca656fc8b67c8g.tex
7189,5706,976,119,0,0,0,0,2023_07_08_2b70049bd8ecce3a2e0ag.tex
7085,4755,647,64,0,0,0,0,2023_07_08_2b73e5cee3b8dbb07fd9g.tex
8128,6153,1123,95,0,0,0,0,2023_07_08_2b7e4666f82d768d84e5g.tex
8023,6153,1123,95,0,0,0,0,2023_07_08_2b7e4666f82d768d84e5g_1.tex
8023,6153,1123,95,0,0,0,0,2023_07_08_2b7e4666f82d768d84e5g_2.tex
8330,5903,960,141,0,0,0,0,2023_07_08_2b94b9f8a027336c7db5g.tex
8062,6370,1219,174,0,0,0,0,2023_07_08_2ba2c8b902a944ba76e7g.tex
7814,7059,1152,90,0,0,0,0,2023_07_08_2bb1dcb98fba199455aag.tex
8067,5502,907,90,0,0,0,0,2023_07_08_2c1202619ffb9e2f59cag.tex
7840,7079,1185,75,0,0,0,0,2023_07_08_2c14f942d2d120aa0b15g.tex
7856,7284,1107,83,0,0,0,0,2023_07_08_2c27b96d0b769faf07f6g.tex
7394,6586,979,31,0,0,0,0,2023_07_08_2c58a84a23e34481e09eg.tex
7490,5558,976,98,0,0,0,0,2023_07_08_2c675b2b5df8ed288c93g.tex
8183,6580,1042,88,0,0,0,0,2023_07_08_2c86660ed623e26ec8dbg.tex
7343,6305,824,25,0,0,0,0,2023_07_08_2c9928839466e97081a0g.tex
8140,6254,1029,109,0,0,0,0,2023_07_08_2cb67ecc8705aed59618g.tex
8008,5479,886,108,0,0,0,0,2023_07_08_2d0548083f36df0956b9g.tex
8165,5730,856,88,0,0,0,0,2023_07_08_2d1197a9aa17024f7891g.tex
7632,4493,610,74,0,0,0,0,2023_07_08_2d1799ef4d038670ea47g.tex
8437,6549,972,107,0,0,0,0,2023_07_08_2d287a37c5f691fa1130g.tex
7332,5279,859,97,0,0,0,0,2023_07_08_2d40ce5a519ba5acbd2ag.tex
5304,3743,504,40,0,0,0,0,2023_07_08_2d79da6305311f19b230g.tex
7409,4819,686,74,0,0,0,0,2023_07_08_2d7d00379cbbd040a1d5g.tex
7294,4819,686,74,0,0,0,0,2023_07_08_2d7d00379cbbd040a1d5g_1.tex
7294,4819,686,74,0,0,0,0,2023_07_08_2d7d00379cbbd040a1d5g_2.tex
7411,3941,528,77,0,0,0,0,2023_07_08_2d9d406274813767004eg.tex
7325,1026,232,71,0,0,0,0,2023_07_08_2ddcd8988dfe04d3b8e5g.tex
7148,4979,704,90,0,0,0,0,2023_07_08_2dde8f3a039c5497c060g.tex
7722,6920,1168,129,0,0,0,0,2023_07_08_2de6ddc9f7ae637374fcg.tex
7557,6904,914,37,0,0,0,0,2023_07_08_2deaabe7bcf0a28dbeaeg.tex
7871,7068,1104,119,0,0,0,0,2023_07_08_2debd6d0dc8582ff9817g.tex
8616,6833,1098,124,0,0,0,0,2023_07_08_2dedac2a422949dd3e22g.tex
7322,5744,821,37,0,0,0,0,2023_07_08_2e07cc323f4fca590c1dg.tex
7866,6408,916,71,0,0,0,0,2023_07_08_2e126bc454be6eafdb63g.tex
8062,7260,1010,35,1,0,0,0,2023_07_08_2e1cd4f9a069663c969eg.tex
8205,7646,1005,17,0,0,0,0,2023_07_08_2e2a636b86263a65b16bg.tex
7745,5788,946,90,0,0,0,0,2023_07_08_2e3b468569dbce1bfad4g.tex
7289,6829,984,50,0,0,0,0,2023_07_08_2e4de0a025350bc8b36ag.tex
7335,5062,822,84,0,0,0,0,2023_07_08_2e4e244b68d1045339fbg.tex
6402,4479,651,59,0,0,0,0,2023_07_08_2e54b1e1ed00bd0ad065g.tex
7004,4266,650,59,0,0,0,0,2023_07_08_2e620116c5295d6bda8dg.tex
7404,6215,961,77,0,0,0,0,2023_07_08_2e74127b98e168affb4dg.tex
7309,4440,564,49,0,0,0,0,2023_07_08_2e8ab5835e58a6ac66a0g.tex
7471,5548,876,100,0,0,0,0,2023_07_08_2e9bafca4bab09bca9f9g.tex
7163,5086,773,83,0,0,0,0,2023_07_08_2ea09d11323997127ee8g.tex
7827,5792,957,91,0,0,0,0,2023_07_08_2ebf6caa0678ce736efdg.tex
7794,5073,816,106,0,0,0,0,2023_07_08_2ec2eccd2cd228f81dafg.tex
8920,6560,1057,158,0,0,0,0,2023_07_08_2ecbdd35bc1e4ad3d432g.tex
8146,6779,1087,57,0,0,0,0,2023_07_08_2ed312c62b984aa32bfeg.tex
8058,5010,769,112,0,0,0,0,2023_07_08_2ef1347cb65b7fdcf703g.tex
8011,5498,911,101,0,0,0,0,2023_07_08_2ef858c5912b9740e3f5g.tex
8745,7534,1363,35,0,0,0,0,2023_07_08_2efdb980e2b5b868abe1g.tex
7014,5663,788,45,0,0,0,0,2023_07_08_2f15df19f6f673f55ecag.tex
8441,7192,1147,147,0,0,0,0,2023_07_08_2f186a33a85f88aa273fg.tex
6863,4220,652,70,0,0,0,0,2023_07_08_2f1bddb9acf881e1943ag.tex
7545,5515,821,61,0,0,0,0,2023_07_08_2f1cf8fb8558a516707bg.tex
7410,5764,929,50,0,0,0,0,2023_07_08_2f2b6d34838d22cda852g.tex
7765,5172,854,80,0,0,0,0,2023_07_08_2f2df945159bf3435d2bg.tex
8449,7089,1062,71,0,0,0,0,2023_07_08_2f2f756626b8f6be9e89g.tex
7746,6801,1181,105,0,0,0,0,2023_07_08_2f38adbe500a3677e0c4g.tex
7747,5239,780,60,0,0,0,0,2023_07_08_2f4e7c242f4d687ed0fdg.tex
7891,5668,947,96,0,0,0,0,2023_07_08_2f4fe53faf38228a7281g.tex
7762,5668,947,96,0,0,0,0,2023_07_08_2f4fe53faf38228a7281g_1.tex
7102,5135,808,85,0,0,0,0,2023_07_08_2f60d8cc34973cf2b1feg.tex
7237,5932,831,104,0,0,0,0,2023_07_08_2f62875b903b8e858381g.tex
7282,6022,855,46,0,0,0,0,2023_07_08_2f648ca447909f2adad1g.tex
7785,7012,1139,60,0,0,0,0,2023_07_08_2fc4a688c50ef89e4641g.tex
6784,4526,757,82,0,0,0,0,2023_07_08_2fdb613276717bca5ce9g.tex
7903,7127,1019,27,0,0,0,0,2023_07_08_2fee3b60e02d24c1fb1bg.tex
7345,4748,805,106,0,0,0,0,2023_07_08_2ff88c7b4befc157d4b5g.tex
8229,7114,1027,60,1,0,0,0,2023_07_08_301e7c15479e47ef8061g.tex
8224,5815,883,87,0,0,0,0,2023_07_08_3022c829e2e1d78a998dg.tex
7230,6741,901,68,0,0,0,0,2023_07_08_3028d5fd3cf072a613b7g.tex
7369,4847,858,104,0,0,0,0,2023_07_08_3032037ce17def3900c1g.tex
7891,6105,979,111,0,0,0,0,2023_07_08_305d3ab23d1bb8fabd99g.tex
8161,7182,1036,151,0,0,0,0,2023_07_08_3073f4acf95ae6e5ad81g.tex
8274,5853,868,55,0,0,0,0,2023_07_08_307a933d07ccc131afd3g.tex
8024,6796,1096,93,0,0,0,0,2023_07_08_3093c9d8b4870ef57593g.tex
7013,5113,928,81,0,0,0,0,2023_07_08_30bec8db8203f839e4b9g.tex
7922,6988,1074,74,0,0,0,0,2023_07_08_30f8d81c5c25b19aec30g.tex
8227,7084,1169,70,0,0,0,0,2023_07_08_310781cf4921becd7400g.tex
8178,6527,927,91,0,0,0,0,2023_07_08_31148ec7e23408f8b507g.tex
7578,4099,634,53,0,0,0,0,2023_07_08_313e4b094ee6be7d3b5fg.tex
7863,5965,948,112,0,0,0,0,2023_07_08_3149f61faa56b74591a0g.tex
7191,4017,633,58,0,0,0,0,2023_07_08_3177f47c5cd4befce9d6g.tex
7626,5687,915,71,0,0,0,0,2023_07_08_31a58213cba94d631b99g.tex
8389,7476,1109,114,0,0,0,0,2023_07_08_31aba6443d8c04e652c1g.tex
7698,5602,781,89,0,0,0,0,2023_07_08_31eac9f8b1d7398d4167g.tex
7695,7089,1001,24,0,0,0,0,2023_07_08_31fe1e40a1272b423284g.tex
7601,6102,1111,103,0,0,0,0,2023_07_08_320391c30101355cb00dg.tex
7114,6270,978,71,0,0,0,0,2023_07_08_32083b3196df765e61a1g.tex
7568,6372,947,82,0,0,0,0,2023_07_08_32239571796ec1d01c84g.tex
8780,6929,1134,88,0,0,0,0,2023_07_08_325e7aeec8d38772d1d7g.tex
6875,6071,861,27,0,0,0,0,2023_07_08_3272ac6bc94cc3ea39f8g.tex
7566,5590,826,85,0,0,0,0,2023_07_08_3277c67139e14ebb5be8g.tex
6648,4751,771,81,0,0,0,0,2023_07_08_32876d74b2c558fc9106g.tex
7745,6332,1036,102,0,0,0,0,2023_07_08_32a19f902b5c8a9a3358g.tex
7993,6680,981,104,0,0,0,0,2023_07_08_32c684b42a9ca96eb03dg.tex
8036,7304,1135,77,0,0,0,0,2023_07_08_32ca3bf83b710ef6e653g.tex
8850,7446,1158,127,0,0,0,0,2023_07_08_32d3f919b205db7a2abeg.tex
8146,7283,1190,109,0,0,0,0,2023_07_08_32e26af960ac4ff6da9bg.tex
7494,6321,973,57,0,0,0,0,2023_07_08_32eeda0906662eb658beg.tex
7252,5795,822,51,0,0,0,0,2023_07_08_32fbf4ece395dc758b15g.tex
8734,6868,1151,151,0,0,0,0,2023_07_08_330466749d01a5fd6c54g.tex
7599,6955,1129,52,0,0,0,0,2023_07_08_3329a6152207fdcfbcb4g.tex
5976,3544,460,45,0,0,0,0,2023_07_08_3332a03cf51956e92002g.tex
7127,5398,828,30,0,0,0,0,2023_07_08_3382d0bb5bd2f6b85a06g.tex
7788,6154,962,97,0,0,0,0,2023_07_08_339fdbe6afc339a54b35g.tex
6816,4505,639,64,0,0,0,0,2023_07_08_33a796a42a2d27a6fe00g.tex
7692,5884,810,58,0,0,0,0,2023_07_08_33a97b103a35dd764483g.tex
7860,5359,921,56,0,0,0,0,2023_07_08_33bb97e5f55bfa4dda16g.tex
7133,5691,844,79,0,0,0,0,2023_07_08_33ecc7e8b37a8e0faee9g.tex
7753,6549,1019,89,0,0,0,0,2023_07_08_3415bf2de9ad7e408d0dg.tex
7292,5199,791,53,0,0,0,0,2023_07_08_342574b895d5e42284b2g.tex
7303,5699,892,76,0,0,0,0,2023_07_08_34258340515d949d052fg.tex
7571,7264,972,4,0,0,0,0,2023_07_08_344be6e2edcdf779ffceg.tex
4340,2777,457,28,0,0,0,0,2023_07_08_345bd8fb14fd2ff22675g.tex
7878,6490,851,74,0,0,0,0,2023_07_08_34b38709fbd618a2e21cg.tex
8386,7703,1034,95,0,0,0,0,2023_07_08_34c345a37de2c3abf93dg.tex
8074,6047,945,110,0,0,0,0,2023_07_08_34c920719c0aa8c47544g.tex
7939,6504,1021,66,0,0,0,0,2023_07_08_34cf0896ad658e73e424g.tex
7790,5960,891,44,0,0,0,0,2023_07_08_34e978a4fe003986c60ag.tex
7259,6910,940,35,0,0,0,0,2023_07_08_35087e9f170c9151561cg.tex
7890,5936,904,109,0,0,0,0,2023_07_08_351ed1a348584ec4069cg.tex
7229,5831,863,69,0,0,0,0,2023_07_08_352b5f3c283b15987268g.tex
7387,4047,562,75,0,0,0,0,2023_07_08_357bd646cfb586c12d74g.tex
7934,5784,919,87,0,0,0,0,2023_07_08_3584307b818a73dab843g.tex
7795,5548,1013,106,0,0,0,0,2023_07_08_35a6c45aed484f03db52g.tex
7379,6619,1073,64,0,0,0,0,2023_07_08_35cac75f49c96c739e9fg.tex
7935,6253,924,73,0,0,0,0,2023_07_08_35d33b1f96a32a44582fg.tex
7905,5114,695,96,0,0,0,0,2023_07_08_3644120736e8876cc64fg.tex
7303,5479,909,79,0,0,0,0,2023_07_08_36481d63e9f69b5df7e4g.tex
7781,7149,1086,43,0,0,0,0,2023_07_08_365325e98d58acf5cbbag.tex
7434,5916,875,63,0,0,0,0,2023_07_08_3654d60f62b17d408320g.tex
7118,5054,771,97,0,0,0,0,2023_07_08_367c4e7f6247f241fbafg.tex
8452,7283,1098,63,0,0,0,0,2023_07_08_3685518042f8f4b30466g.tex
6894,5192,794,66,0,0,0,0,2023_07_08_368c858f3fd67c0172a7g.tex
7170,6500,1005,67,0,0,0,0,2023_07_08_36a64be5cf3dd8d1abd0g.tex
6775,4289,628,60,0,0,0,0,2023_07_08_36bf379eb211a1a67102g.tex
7359,7153,856,40,0,0,0,0,2023_07_08_36e80d27d8eb62544f24g.tex
7537,5131,911,90,0,0,0,0,2023_07_08_37236855a92febb4bdfdg.tex
6971,5486,868,82,0,0,0,0,2023_07_08_373868ffef00962c9a1dg.tex
8169,5618,739,64,0,0,0,0,2023_07_08_373ce4bc0f9137471663g.tex
7507,5498,791,54,0,0,0,0,2023_07_08_374b35bfbdda695e46f4g.tex
7346,6137,1016,119,0,0,0,0,2023_07_08_375ea4806648ea4029d8g.tex
6847,5356,802,52,0,0,0,0,2023_07_08_3790c1194c159704cd4eg.tex
8337,7549,1233,84,0,0,0,0,2023_07_08_3792c89db3478732fd5fg.tex
8516,7145,1178,118,0,0,0,0,2023_07_08_37ba29b15c6f9b0c7437g.tex
7598,5242,843,92,0,0,0,0,2023_07_08_37c8fe0955bf5d32875dg.tex
6873,4997,724,48,0,0,0,0,2023_07_08_37cbd6e63098f93db840g.tex
7438,6419,1094,103,0,0,0,0,2023_07_08_37cf163dd831634ec497g.tex
7117,4673,755,55,0,0,0,0,2023_07_08_37f0c5dc1a42eafd872bg.tex
7315,6218,1005,65,0,0,0,0,2023_07_08_3828aa7a3daf9b339d11g.tex
3843,2744,439,56,0,0,0,0,2023_07_08_382c52dd975b2a61868fg.tex
7991,7269,953,18,0,0,0,0,2023_07_08_38581a40fb66b5f4f025g.tex
7764,6257,1167,105,0,0,0,0,2023_07_08_385f8ea33ed5977a4b32g.tex
7167,3948,695,115,0,0,0,0,2023_07_08_38747809ec39bd87aa8cg.tex
7647,5299,856,54,0,0,0,0,2023_07_08_389d2f74477f04f92527g.tex
8282,5845,1004,56,0,0,0,0,2023_07_08_38baf56dcd7f5fe531c5g.tex
8999,6452,1015,147,0,0,0,0,2023_07_08_38db2272d5bc0cbc5b50g.tex
8437,6700,1013,58,0,0,0,0,2023_07_08_38e108d638bcbdfdcd33g.tex
8023,4508,718,102,0,0,0,0,2023_07_08_38fe8f34a9c9da34083bg.tex
8328,7310,1145,71,0,0,0,0,2023_07_08_390d6d5f9f9023877bb2g.tex
8022,2457,438,80,0,0,0,0,2023_07_08_390f2cad5705d515e7e9g.tex
7626,6316,1081,105,0,0,0,0,2023_07_08_3915f5ca29beb99872e2g.tex
6026,5230,785,44,0,0,0,0,2023_07_08_3928fa129f263bc336e7g.tex
8018,7497,1055,19,0,0,0,0,2023_07_08_393e0b1d8844208a6a72g.tex
8229,5101,671,81,0,0,0,0,2023_07_08_3965da41b0f0ffe6ae5ag.tex
7058,4848,764,80,0,0,0,0,2023_07_08_397ba55e6965ca477250g.tex
7850,3987,560,84,0,0,0,0,2023_07_08_39802d4778b52d07c3e8g.tex
5685,4544,754,36,0,0,0,0,2023_07_08_399b11331d85e58c33f4g.tex
7309,6024,905,85,0,0,0,0,2023_07_08_39a96b27bcc549fd56bfg.tex
7782,5801,777,53,1,0,0,0,2023_07_08_39bc6462d5f010500067g.tex
8117,6070,814,60,0,0,0,0,2023_07_08_39d3897b17138b1aaa32g.tex
8307,5877,842,73,0,0,0,0,2023_07_08_39eccc8372d0c86a3360g.tex
6961,4648,726,89,0,0,0,0,2023_07_08_39fad27239f5eb0f276bg.tex
7796,5878,956,121,0,0,0,0,2023_07_08_3a20cfd7dffc69e30011g.tex
7390,6850,1055,37,0,0,0,0,2023_07_08_3a212ddd7c4fcd2864dag.tex
8328,6261,984,94,0,0,0,0,2023_07_08_3a42f8485dff26a5ea4cg.tex
6494,3836,466,43,0,0,0,0,2023_07_08_3a4ad813d3d5574a1098g.tex
7899,3770,539,81,0,0,0,0,2023_07_08_3a5e542d34a4f2b7d070g.tex
6748,5034,751,77,0,0,0,0,2023_07_08_3ab575c77cadd8bce5ceg.tex
8238,7390,1179,101,0,0,0,0,2023_07_08_3aee0ed443047f482f04g.tex
8023,7293,1046,39,0,0,0,0,2023_07_08_3b020c1a6f1b1fedbcf1g.tex
7351,5626,784,125,0,0,0,0,2023_07_08_3b1333c734b5ab5977d7g.tex
7787,7091,1038,101,0,0,0,0,2023_07_08_3b2b1f65e359f8379dd0g.tex
8246,7001,1178,91,0,0,0,0,2023_07_08_3b2bebdcc5d64b680f02g.tex
9042,6935,1074,134,0,0,0,0,2023_07_08_3b314b021a7c5a2e8562g.tex
7456,6110,1054,70,0,0,0,0,2023_07_08_3b560a6538307698bc33g.tex
7847,5097,758,75,0,0,0,0,2023_07_08_3b5a10bde10348d78bc3g.tex
3822,3303,521,29,0,0,0,0,2023_07_08_3b5d8ac60496c9ab02f6g.tex
6710,4896,770,44,0,0,0,0,2023_07_08_3b5efe33f966cfd15124g.tex
6837,2228,363,63,0,0,0,0,2023_07_08_3bb18f93d6d7a960aed6g.tex
7633,5488,887,78,0,0,0,0,2023_07_08_3bc9842ad0034dfbf96eg.tex
7134,6623,833,22,0,0,0,0,2023_07_08_3bf671f7b81a32219be0g.tex
8370,7223,1179,80,0,0,0,0,2023_07_08_3c0335bd82b957e86e4fg.tex
6862,4523,651,88,0,0,0,0,2023_07_08_3c09494592054dfcd262g.tex
8102,6584,1092,129,0,0,0,0,2023_07_08_3c1fff96db6109a9d594g.tex
7860,5542,828,101,0,0,0,0,2023_07_08_3c378e34744232d02505g.tex
7991,5159,702,62,0,0,0,0,2023_07_08_3c43317f01c89fc83b46g.tex
8104,6805,1189,96,0,0,0,0,2023_07_08_3c45307d5e4db36d5e64g.tex
7401,3532,526,86,0,0,0,0,2023_07_08_3c7dfa76a4a41ff2bddcg.tex
6851,4945,668,48,0,0,0,0,2023_07_08_3c97aa21be6264a7f18cg.tex
8473,7363,1151,92,0,0,0,0,2023_07_08_3cbba2cb667a018b1ecfg.tex
7456,4920,747,63,0,0,0,0,2023_07_08_3ccf326d203342091ab8g.tex
7328,4920,747,63,0,0,0,0,2023_07_08_3ccf326d203342091ab8g_1.tex
7053,5317,795,56,0,0,0,0,2023_07_08_3d0f3543e8ff4298d3c2g.tex
6580,4379,637,42,0,0,0,0,2023_07_08_3d37a96916a3b3269471g.tex
7705,6281,930,108,0,0,0,0,2023_07_08_3d3912aa24b91d87b47cg.tex
7757,5973,760,36,0,0,0,0,2023_07_08_3d413786edd4eaf3bb4bg.tex
7829,6670,1039,114,0,0,0,0,2023_07_08_3d65eedf60c169b10cf5g.tex
7330,5203,803,97,0,0,0,0,2023_07_08_3d736377290639c87df7g.tex
7647,6014,920,93,0,0,0,0,2023_07_08_3d9c2edf667a7d80d872g.tex
7770,6675,868,37,0,0,0,0,2023_07_08_3dac44b423a41b5e78fag.tex
8194,4323,588,88,0,0,0,0,2023_07_08_3daf383f6ffd4bcff57fg.tex
7751,7068,967,26,0,0,0,0,2023_07_08_3dbaacb3121e8ecf199dg.tex
7916,6357,944,90,0,0,0,0,2023_07_08_3dd04d2396cb22e1e82cg.tex
7545,5940,802,98,0,0,0,0,2023_07_08_3de93a3fc2053eb01191g.tex
6857,5776,810,15,0,0,0,0,2023_07_08_3dec37a3e4e53821798fg.tex
7971,5643,802,58,0,0,0,0,2023_07_08_3e0e16146aebb0d3819fg.tex
8534,6974,1233,121,0,0,0,0,2023_07_08_3e0fed8f293024a2a07cg.tex
7602,4703,742,94,0,0,0,0,2023_07_08_3e1fafca2de23c1f3dc2g.tex
8530,7317,1198,73,0,0,0,0,2023_07_08_3e35ac67cbdf9353eaa6g.tex
7347,5353,747,101,0,0,0,0,2023_07_08_3e4056d1da8272f50015g.tex
7741,5762,972,77,0,0,0,0,2023_07_08_3e4ee7b6c44fcc5225feg.tex
7482,6620,1029,42,0,0,0,0,2023_07_08_3e670e413c9ee05490d9g.tex
7532,5758,873,74,0,0,0,0,2023_07_08_3e6713b5b4b85dee2051g.tex
7891,6173,1087,88,1,0,0,0,2023_07_08_3e6d432d52e86eccd777g.tex
8367,6606,1075,171,0,0,0,0,2023_07_08_3e877423d34d9b2e91f3g.tex
8303,6606,1075,171,0,0,0,0,2023_07_08_3e877423d34d9b2e91f3g_1.tex
8303,6606,1075,171,0,0,0,0,2023_07_08_3e877423d34d9b2e91f3g_2.tex
7329,5945,994,105,0,0,0,0,2023_07_08_3e936c5fe6e367b04859g.tex
7741,5955,820,47,0,0,0,0,2023_07_08_3ea69e957d3755b24d44g.tex
8239,4962,653,59,1,0,0,0,2023_07_08_3ebc504b7440682ab572g.tex
5959,3955,637,54,0,0,0,0,2023_07_08_3ec603fc06fcda89a54cg.tex
7443,6099,873,51,0,0,0,0,2023_07_08_3ef6df1932fe68fce0f0g.tex
8517,6712,1042,107,0,0,0,0,2023_07_08_3f13623dc9381b48c865g.tex
8472,7290,1107,150,0,0,0,0,2023_07_08_3f212058ddff8abe41efg.tex
7023,5636,990,58,0,0,0,0,2023_07_08_3f5a3786548507755dd2g.tex
8351,7017,1110,85,0,0,0,0,2023_07_08_3f8f36c11ce5c82590ceg.tex
7408,5188,882,99,0,0,0,0,2023_07_08_3f9bfbb069168bdf9eacg.tex
8137,5474,832,94,0,0,0,0,2023_07_08_3fc258d8c8ea95dfaec2g.tex
7492,6286,1017,83,0,0,0,0,2023_07_08_3fe457d44ed5e85ab3c4g.tex
6974,6012,979,40,0,0,0,0,2023_07_08_4055ae887f42f857a209g.tex
7936,6306,818,43,0,0,0,0,2023_07_08_406f7ad41735bdfff662g.tex
7238,5232,709,42,0,0,0,0,2023_07_08_406fe8cd8f3cdb34fa01g.tex
7547,5430,913,70,0,0,0,0,2023_07_08_407d899796794b0d39f4g.tex
8374,5785,983,98,0,0,0,0,2023_07_08_408478f67a9af753b9dag.tex
7609,6528,974,31,0,0,0,0,2023_07_08_40964dfdc09859896a31g.tex
8563,7255,1133,118,0,0,0,0,2023_07_08_40992f478ffa5db8d41ag.tex
8142,5583,848,99,0,0,0,0,2023_07_08_40b100185aac22e7e29bg.tex
8082,6325,866,71,0,0,0,0,2023_07_08_40b34f67e6eb1f2eec40g.tex
7743,5036,689,44,0,0,0,0,2023_07_08_40b4f858f75af9d8ebcdg.tex
7487,5569,817,48,0,0,0,0,2023_07_08_40b892ae820695aec16ag.tex
7905,6649,986,69,0,0,0,0,2023_07_08_40c17c2977480d5224b5g.tex
8421,6818,1155,123,0,0,0,0,2023_07_08_40c487ea58da86eb6f4eg.tex
7592,6748,936,36,0,0,0,0,2023_07_08_40e1fdec30a893a0ce1dg.tex
6491,3738,588,66,0,0,0,0,2023_07_08_40ef115d9061c0836707g.tex
6992,5596,776,38,0,0,0,0,2023_07_08_40f67ade2adf19fa416eg.tex
6911,5596,776,38,0,0,0,0,2023_07_08_40f67ade2adf19fa416eg_1.tex
6911,5596,776,38,0,0,0,0,2023_07_08_40f67ade2adf19fa416eg_2.tex
7371,6456,845,53,0,0,0,0,2023_07_08_4108cf65226a9d8a25f0g.tex
7381,5499,781,39,0,0,0,0,2023_07_08_410bc3f99b78f08567fag.tex
7487,6955,1090,65,0,0,0,0,2023_07_08_4181abf4895a1d6875e0g.tex
7444,6955,1090,65,0,0,0,0,2023_07_08_4181abf4895a1d6875e0g_1.tex
7444,6955,1090,65,0,0,0,0,2023_07_08_4181abf4895a1d6875e0g_2.tex
7284,4801,679,97,0,0,0,0,2023_07_08_419daa8cd2936b3fb41cg.tex
8563,5555,828,85,0,0,0,0,2023_07_08_41c30abfddbc93a3e75eg.tex
8086,6624,1073,93,0,0,0,0,2023_07_08_41d63f85e1da538e45fag.tex
7760,6092,904,49,0,0,0,0,2023_07_08_41def776e030fed250cbg.tex
7984,5186,727,88,0,0,0,0,2023_07_08_420514b7198eeb6ce8afg.tex
6921,4974,733,53,0,0,0,0,2023_07_08_4229d6e1249003d90c75g.tex
7758,7004,1067,87,0,0,0,0,2023_07_08_4235369068e9f4812451g.tex
7725,4694,723,30,0,0,0,0,2023_07_08_42438eb38651fc5a1d2cg.tex
7959,6553,1011,45,0,0,0,0,2023_07_08_424ce528613b81a1bc1fg.tex
8166,6934,1158,70,0,0,0,0,2023_07_08_42500adfd235eb53ccecg.tex
6223,5361,687,39,1,0,0,0,2023_07_08_425810c0901ee2fba2eeg.tex
8158,6595,1062,92,0,0,0,0,2023_07_08_425a9178c58258eed082g.tex
8218,5319,864,78,0,0,0,0,2023_07_08_4271b05622446ff74200g.tex
8208,5968,1083,100,0,0,0,0,2023_07_08_427291c1a36f712cb1efg.tex
6468,3699,547,45,0,0,0,0,2023_07_08_4289ce344ab25e4adb3cg.tex
7042,4960,775,88,0,0,0,0,2023_07_08_4290a454b46b6b20485cg.tex
8019,7335,1087,45,0,0,0,0,2023_07_08_42aaf63344288aad881dg.tex
7085,3942,521,71,0,0,0,0,2023_07_08_42fceb32ed29ac5b32a3g.tex
6619,4436,632,64,0,0,0,0,2023_07_08_430a36c353da9b63504eg.tex
7795,5255,834,66,0,0,0,0,2023_07_08_4329ab829ef8c2f942efg.tex
7803,5227,707,70,0,0,0,0,2023_07_08_432de5154b73c72d3243g.tex
6682,4868,840,62,0,0,0,0,2023_07_08_436ab6de3f8722aedb17g.tex
7089,5169,688,66,0,0,0,0,2023_07_08_437b84b1cd04fa8bd023g.tex
8848,6250,856,84,0,0,0,0,2023_07_08_437e8622c312da423febg.tex
8136,7173,1084,93,0,0,0,0,2023_07_08_437f11866e9413d8f61bg.tex
7424,5903,937,83,0,0,0,0,2023_07_08_438bb71eb3acece903f4g.tex
7324,6851,964,24,0,0,0,0,2023_07_08_4399c39cb830074ad63bg.tex
7638,6618,1086,152,0,0,0,0,2023_07_08_439d723bfe070ab60056g.tex
7572,6618,1086,152,0,0,0,0,2023_07_08_439d723bfe070ab60056g_1.tex
7572,6618,1086,152,0,0,0,0,2023_07_08_439d723bfe070ab60056g_2.tex
7346,5118,841,90,0,0,0,0,2023_07_08_43a9da4d46c1d7c8440bg.tex
8385,7037,1281,133,0,0,0,0,2023_07_08_43ca3ab506e867472e83g.tex
8339,1682,326,110,0,0,0,0,2023_07_08_43d02cb9f30cbd3674e6g.tex
7694,6742,1077,86,0,0,0,0,2023_07_08_43e082e331e6c1acb85eg.tex
8144,5779,790,69,0,0,0,0,2023_07_08_44290df9b3a193afefb0g.tex
8061,5403,774,109,0,0,0,0,2023_07_08_444b23c074fbc18b55c4g.tex
5600,4924,628,13,0,0,0,0,2023_07_08_44601d23f11d861f05fbg.tex
7286,6692,933,23,0,0,0,0,2023_07_08_448e3628d05aa1cd8b08g.tex
7932,6440,1050,72,0,0,0,0,2023_07_08_44ae1ab683e753b71123g.tex
5819,3872,655,80,0,0,0,0,2023_07_08_44b901e51aed12d58c3bg.tex
6562,5303,717,99,0,0,0,0,2023_07_08_44dab8a14667b3afd687g.tex
7858,5127,793,72,0,0,0,0,2023_07_08_45192cb6ec536e770d76g.tex
7785,6501,979,45,0,0,0,0,2023_07_08_452f82f85f093eb20115g.tex
7009,5234,763,70,0,0,0,0,2023_07_08_4547cdaf69944db9a063g.tex
8642,5995,930,132,0,0,0,0,2023_07_08_455266794ce00cc60ffbg.tex
8080,5248,772,70,0,0,0,0,2023_07_08_4562648a8b7681500f76g.tex
7983,6044,919,95,0,0,0,0,2023_07_08_458334d280645174b086g.tex
7895,6044,919,95,0,0,0,0,2023_07_08_458334d280645174b086g_1.tex
7895,6044,919,95,0,0,0,0,2023_07_08_458334d280645174b086g_2.tex
3665,2770,396,28,0,0,0,0,2023_07_08_4587183babe30c9054c0g.tex
7443,5753,863,110,0,0,0,0,2023_07_08_4593458147d2463c4c05g.tex
7634,7315,1029,28,0,0,0,0,2023_07_08_45a3904da343931e9ee6g.tex
7605,6046,912,53,0,0,0,0,2023_07_08_45ac150e6cdac5837d8ag.tex
7474,5507,858,76,0,0,0,0,2023_07_08_45b3ca3ebf04dcbe4670g.tex
7440,4846,781,95,0,0,0,0,2023_07_08_45e1e38858c578774066g.tex
7386,5087,719,69,1,0,0,0,2023_07_08_4608f8cb5e71f208fca6g.tex
6955,4970,655,37,0,0,0,0,2023_07_08_4609393b1f93fcff9c25g.tex
6293,4443,703,56,0,0,0,0,2023_07_08_4609f1c59e80ae155bb6g.tex
7589,4644,805,70,0,0,0,0,2023_07_08_46189a1107a19f7fcef6g.tex
9181,6897,1001,147,0,0,0,0,2023_07_08_46683cfa4e43c7a5fcd1g.tex
7089,4557,622,24,0,0,0,0,2023_07_08_466fd05ea2dac05c0537g.tex
7072,4486,674,48,0,0,0,0,2023_07_08_46ab1fea120072cf5754g.tex
6953,4486,674,48,0,0,0,0,2023_07_08_46ab1fea120072cf5754g_1.tex
6953,4486,674,48,0,0,0,0,2023_07_08_46ab1fea120072cf5754g_2.tex
6408,3794,541,49,0,0,0,0,2023_07_08_46b42f72760e573b6d0bg.tex
7895,6016,791,69,0,0,0,0,2023_07_08_46c12a9ebf37385a5c5fg.tex
7361,6678,956,36,0,0,0,0,2023_07_08_46d2a8ca9a00d5626055g.tex
8053,7032,905,91,0,0,0,0,2023_07_08_46db82542e75eafc9623g.tex
8232,4974,807,76,0,0,0,0,2023_07_08_47069a4d20ff69c3f2adg.tex
6751,6050,834,16,0,0,0,0,2023_07_08_471098222fdf722dc57dg.tex
8201,6619,995,121,0,0,0,0,2023_07_08_47169ba4f51a8b7bfc6fg.tex
7977,5915,932,98,0,0,0,0,2023_07_08_4726f6c8340a77a1feb5g.tex
7075,5313,804,103,0,0,0,0,2023_07_08_4728d20a97e0febc9461g.tex
7420,5062,794,68,0,0,0,0,2023_07_08_4731fbedb794a52ac460g.tex
7219,6993,886,17,0,0,0,0,2023_07_08_47334620db4c3f9e556dg.tex
7098,4800,620,70,0,0,0,0,2023_07_08_4739a19e975c0dec660dg.tex
7801,6397,947,115,0,0,0,0,2023_07_08_474c81bea6de22038556g.tex
7857,4587,699,99,0,0,0,0,2023_07_08_477485a09489239f6d75g.tex
8202,5676,906,97,0,0,0,0,2023_07_08_4791356503d71a8c51f3g.tex
7953,7011,985,34,0,0,0,0,2023_07_08_47b2cfef8489f00e6ff2g.tex
6789,4829,732,84,0,0,0,0,2023_07_08_47ba69fcd0cc73578434g.tex
7895,6625,1020,84,0,0,0,0,2023_07_08_47da0c1716ca7e4586fbg.tex
8029,5893,858,85,0,0,0,0,2023_07_08_47de8385d8feeb788080g.tex
7922,5991,923,74,0,0,0,0,2023_07_08_47e6954250953bbe476cg.tex
8482,6088,1174,139,0,0,0,0,2023_07_08_4807eb633ced43c1b4d7g.tex
8015,6295,1050,74,0,0,0,0,2023_07_08_48156f8541111a967ed6g.tex
7972,5546,900,109,0,0,0,0,2023_07_08_4832fc13fb60876eacd1g.tex
7878,6182,939,124,0,0,0,0,2023_07_08_48400f45530c73855d1ag.tex
7825,6182,939,124,0,0,0,0,2023_07_08_48400f45530c73855d1ag_1.tex
7825,6182,939,124,0,0,0,0,2023_07_08_48400f45530c73855d1ag_2.tex
8087,6771,1027,57,0,0,0,0,2023_07_08_4845d925561a74969b05g.tex
7718,5863,720,66,0,0,0,0,2023_07_08_48496067e0557af805acg.tex
7629,6193,1048,70,0,0,0,0,2023_07_08_484f9dfb0d4523aa44c6g.tex
7311,3568,550,78,0,0,0,0,2023_07_08_4877c507213400b1098ag.tex
7167,3568,550,78,0,0,0,0,2023_07_08_4877c507213400b1098ag_1.tex
7167,3568,550,78,0,0,0,0,2023_07_08_4877c507213400b1098ag_2.tex
7409,5023,889,82,0,0,0,0,2023_07_08_489ec4aa0402f8a40bd2g.tex
8301,5901,890,126,0,0,0,0,2023_07_08_48a4cdb07ad9b62364bbg.tex
6768,4747,855,91,0,0,0,0,2023_07_08_48b40f1ac22671ff50ffg.tex
8120,3784,497,42,0,0,0,0,2023_07_08_48d3224d4755f11871c2g.tex
7749,5914,915,105,0,0,0,0,2023_07_08_48d7380939a6995ac067g.tex
8028,6805,1081,118,0,0,0,0,2023_07_08_48e7338b46cd2dfb3a36g.tex
8493,6482,1056,109,0,0,0,0,2023_07_08_4909cfdb4fc37cd3bb88g.tex
8428,6482,1056,109,0,0,0,0,2023_07_08_4909cfdb4fc37cd3bb88g_1.tex
8288,6584,1008,137,0,0,0,0,2023_07_08_491eed24ec78bf2b8d39g.tex
7629,5520,819,115,0,0,0,0,2023_07_08_492c36a4c56d2c55bac8g.tex
7343,5237,798,78,0,0,0,0,2023_07_08_49414474bdc36ecb5882g.tex
7538,4523,708,66,0,0,0,0,2023_07_08_494c0827f8b9c7008ae9g.tex
7388,4523,708,66,0,0,0,0,2023_07_08_494c0827f8b9c7008ae9g_1.tex
7388,4523,708,66,0,0,0,0,2023_07_08_494c0827f8b9c7008ae9g_2.tex
8086,6120,912,73,0,0,0,0,2023_07_08_495a10e92697380e7b1eg.tex
7596,7145,1120,62,0,0,0,0,2023_07_08_4962741fa41a8edfa78fg.tex
8267,6014,770,89,0,0,0,0,2023_07_08_49824a252a4ab5959e5fg.tex
8039,6681,964,47,0,0,0,0,2023_07_08_49966b4debd3de2f4545g.tex
7526,5579,799,46,0,0,0,0,2023_07_08_499819d4534b2874cfdfg.tex
6348,4820,612,26,0,0,0,0,2023_07_08_499a288a35c1268c6be1g.tex
8154,7041,1108,60,0,0,0,0,2023_07_08_49e1dd583087d8474815g.tex
7918,5127,666,89,0,0,0,0,2023_07_08_49e7e30a786032a13344g.tex
7728,5598,879,46,0,0,0,0,2023_07_08_49ea54c5a4a97c03a0c6g.tex
8219,5726,921,101,0,0,0,0,2023_07_08_4a170fed8a99cdcfcf61g.tex
7209,5433,779,60,0,0,0,0,2023_07_08_4a2334c6934acb7c9910g.tex
7201,4989,602,43,0,0,0,0,2023_07_08_4a363f7a4aca3db4e26cg.tex
10837,6615,1083,136,0,0,0,0,2023_07_08_4a6fcdcc84c9296e84f0g.tex
6528,4162,585,70,0,0,0,0,2023_07_08_4a70d1e260fbcfdda2bcg.tex
7189,5032,784,77,0,0,0,0,2023_07_08_4a7900e4370936af45d6g.tex
7742,5891,974,74,0,0,0,0,2023_07_08_4a8233de03b2dc691e40g.tex
8524,3126,555,96,0,0,0,0,2023_07_08_4a856d8dc022b69fa5e9g.tex
8332,5300,850,79,0,0,0,0,2023_07_08_4a8fa0b7801a1e682e88g.tex
7711,6423,1024,98,0,0,0,0,2023_07_08_4aad156cbbf90042f54dg.tex
7785,7211,1091,63,0,0,0,0,2023_07_08_4abc749737b184994105g.tex
7640,6289,937,44,0,0,0,0,2023_07_08_4abd0cbec977f058b897g.tex
4643,3764,626,21,0,0,0,0,2023_07_08_4acdf034a7c0bed4ab20g.tex
8202,6496,930,77,0,0,0,0,2023_07_08_4ae0c9e27b25a37b707fg.tex
6932,4774,769,71,0,0,0,0,2023_07_08_4b02fedc5fdd7d886e0ag.tex
7963,5584,739,74,0,0,0,0,2023_07_08_4b0684d42d6e5c450ed1g.tex
8903,4451,568,61,0,0,0,0,2023_07_08_4b1ff8c3140b658bcf72g.tex
7341,4274,615,99,0,0,0,0,2023_07_08_4b2ea6409fb6446d8559g.tex
7351,5803,881,66,0,0,0,0,2023_07_08_4b337ac55ad94ddc66d3g.tex
7276,5803,881,66,0,0,0,0,2023_07_08_4b337ac55ad94ddc66d3g_1.tex
7276,5803,881,66,0,0,0,0,2023_07_08_4b337ac55ad94ddc66d3g_2.tex
7860,6437,976,68,0,0,0,0,2023_07_08_4b4bf9cb1d0870c7b192g.tex
7954,6538,1061,96,0,0,0,0,2023_07_08_4b559f54e533ba6b9da3g.tex
7721,7568,931,0,0,0,0,0,2023_07_08_4b581d123614703828e1g.tex
7985,6928,1187,82,0,0,0,0,2023_07_08_4b6706eec49d06a6bdb3g.tex
7537,5564,837,82,0,0,0,0,2023_07_08_4b69eaeb14c92a38822fg.tex
8342,6657,1092,63,0,0,0,0,2023_07_08_4b7678f49587c20b1373g.tex
7271,5415,839,45,0,0,0,0,2023_07_08_4b84bf4ecd537d54dad2g.tex
7984,6166,1046,61,0,0,0,0,2023_07_08_4b91cd88461529fc7976g.tex
8035,3295,524,100,0,0,0,0,2023_07_08_4b975d611a744664a50bg.tex
7160,4805,745,109,0,0,0,0,2023_07_08_4b9d80b989d680856d96g.tex
8012,5744,906,79,0,0,0,0,2023_07_08_4bafea5c20ed2cef19b9g.tex
7832,6808,1042,93,0,0,0,0,2023_07_08_4bcf262d2ae387eab3d7g.tex
7600,6999,1027,16,0,0,0,0,2023_07_08_4bd453c54c0bf02b1cdeg.tex
7534,5643,916,73,0,0,0,0,2023_07_08_4bd832b740930cea2587g.tex
7409,5928,890,77,0,0,0,0,2023_07_08_4be35ba340162545e50bg.tex
7732,7084,1023,30,0,0,0,0,2023_07_08_4bfadaaabe4d3ea0ce49g.tex
8690,7069,1126,133,0,0,0,0,2023_07_08_4c49e1b63d04c39137ebg.tex
7253,5676,835,72,0,0,0,0,2023_07_08_4c79b381b34bd9002eb4g.tex
7590,5094,816,89,0,0,0,0,2023_07_08_4ca6ef9fd7b8b72c3cffg.tex
7388,5046,736,73,0,0,0,0,2023_07_08_4ccadecdfc7427e833efg.tex
6349,942,164,51,0,0,0,0,2023_07_08_4ce4ede6cdea660b55f8g.tex
6847,5712,839,85,0,0,0,0,2023_07_08_4ce5db2cace7c7eb251dg.tex
7786,6221,972,88,0,0,0,0,2023_07_08_4d4ff348275b8e2a7e3ag.tex
7961,6853,1104,112,0,0,0,0,2023_07_08_4d5edecfd6563af2e899g.tex
6658,3731,552,68,0,0,0,0,2023_07_08_4d7d4da21cab8ed70ef0g.tex
7275,5347,747,65,0,0,0,0,2023_07_08_4d8cfb5d749f6d33a1b6g.tex
7919,5836,1053,74,0,0,0,0,2023_07_08_4dc7cf9321e0d1ad30ddg.tex
7242,6866,844,2,0,0,0,0,2023_07_08_4df710aabc11199ebd8bg.tex
7009,5994,977,52,0,0,0,0,2023_07_08_4e2bf50b53dbc77e10e1g.tex
8475,6635,1053,128,0,0,0,0,2023_07_08_4e56d3154cea90ece0e1g.tex
9165,4641,677,87,0,0,0,0,2023_07_08_4e66c16d5915eb7cf5eag.tex
7491,6876,1007,29,0,0,0,0,2023_07_08_4e835891c827a09a4f13g.tex
7515,6453,1017,81,0,0,0,0,2023_07_08_4ea9f8d65d9174920e28g.tex
7437,6453,1017,81,0,0,0,0,2023_07_08_4ea9f8d65d9174920e28g_1.tex
7086,6065,885,89,0,0,0,0,2023_07_08_4eae891ac3006f903166g.tex
7011,6065,885,89,0,0,0,0,2023_07_08_4eae891ac3006f903166g_1.tex
7011,6065,885,89,0,0,0,0,2023_07_08_4eae891ac3006f903166g_2.tex
7824,5166,706,39,0,0,0,0,2023_07_08_4ec51292a7fe2ffa621fg.tex
7224,5527,1000,122,0,0,0,0,2023_07_08_4ee5d08597fa18dc1bc5g.tex
1572,219,21,0,1,0,0,0,2023_07_08_4eebc7bd48cf1b333529g.tex
8928,5541,910,110,0,0,0,0,2023_07_08_4ef8818b03b16beb7d94g.tex
8634,6780,1027,68,0,0,0,0,2023_07_08_4efc1cc9d2760182bc26g.tex
7929,2207,406,66,0,0,0,0,2023_07_08_4f0d70fbc5a07fd3661bg.tex
7849,6851,1079,158,0,0,0,0,2023_07_08_4f139a50fe804ab219d1g.tex
8615,5584,827,69,0,0,0,0,2023_07_08_4f42e2b432506cb16af4g.tex
8053,6224,837,49,1,0,0,0,2023_07_08_4f687f1adcc32293c3b8g.tex
7073,4494,725,72,0,0,0,0,2023_07_08_4f6f35b8a7ac154dcb83g.tex
7710,5026,759,82,0,0,0,0,2023_07_08_4fcb203a8aca3d8b3a34g.tex
7371,6629,1100,66,0,0,0,0,2023_07_08_4fe995e395278e2afe7eg.tex
8356,5749,990,79,0,0,0,0,2023_07_08_4ff172ef1bc3cbe5d42dg.tex
8036,6800,1120,93,0,0,0,0,2023_07_08_4ff52c06e82bbc252693g.tex
6179,4012,597,61,0,0,0,0,2023_07_08_502d8283fe15ce99e0b4g.tex
7561,5667,802,47,0,0,0,0,2023_07_08_5054f0130394917b0b33g.tex
8364,5485,749,83,1,0,0,0,2023_07_08_507e6fb4cb783c3e2c45g.tex
7179,6423,934,44,0,0,0,0,2023_07_08_508580a3214946cc032eg.tex
7688,7053,915,18,0,0,0,0,2023_07_08_50a2a873605733895983g.tex
7202,6922,836,3,0,0,0,0,2023_07_08_50bb423fe93e33c3d003g.tex
8114,5639,876,123,0,0,0,0,2023_07_08_50be96ad260d2fb8f856g.tex
8087,5916,896,117,0,0,0,0,2023_07_08_50d4a69b290bddc79ea0g.tex
8494,6627,998,101,0,0,0,0,2023_07_08_50db508d8c56ca19e6ccg.tex
8067,6160,805,54,0,0,0,0,2023_07_08_50e97e3afe654e30aed2g.tex
7720,6649,1027,54,0,0,0,0,2023_07_08_5108d20b99306d0449a3g.tex
8791,4372,745,90,0,0,0,0,2023_07_08_510abc2f54596b5adc57g.tex
7650,4529,645,67,0,0,0,0,2023_07_08_514affc6d5a6155c3401g.tex
7772,5992,954,87,0,0,0,0,2023_07_08_5167f3de61f16d133169g.tex
8035,6432,1042,91,0,0,0,0,2023_07_08_5175c2d28b99324cac9fg.tex
7870,6092,974,89,0,0,0,0,2023_07_08_5190dfd2e8b47aae07a3g.tex
7981,5506,801,123,0,0,0,0,2023_07_08_5191bcf39245a394aa1eg.tex
8984,6962,1105,135,0,0,0,0,2023_07_08_5193eaa2f1535eff54e0g.tex
8859,5181,889,151,0,0,0,0,2023_07_08_51a86d7fdbe3a8b70b9bg.tex
7998,5309,796,116,0,0,0,0,2023_07_08_51f29e936ba200555c17g.tex
7633,5359,708,85,0,0,0,0,2023_07_08_51fa81623ba11e7c1ad8g.tex
8087,3293,440,67,0,0,0,0,2023_07_08_5234dc45f31147a592e5g.tex
7849,6208,1012,50,0,0,0,0,2023_07_08_52358c6247458ab76971g.tex
8052,6406,1005,57,0,0,0,0,2023_07_08_524ad90cd524fc204609g.tex
8053,6235,966,90,0,0,0,0,2023_07_08_527e8c1cd56390cd0e46g.tex
8101,6775,1113,81,0,0,0,0,2023_07_08_528d476d66d9d67349f2g.tex
8095,6158,980,132,0,0,0,0,2023_07_08_529382e8eeb28b9697c1g.tex
7058,5502,869,60,0,0,0,0,2023_07_08_52a1c8440b1a54f2097fg.tex
7574,5369,852,95,0,0,0,0,2023_07_08_52d12c4138793ee957e3g.tex
8404,5234,958,115,0,0,0,0,2023_07_08_52dff718f3c203cc5f97g.tex
8843,6123,881,136,0,0,0,0,2023_07_08_52e02bb04ad3b3a6230ag.tex
7655,6429,1059,107,0,0,0,0,2023_07_08_52e90a33781019d45f8fg.tex
7479,5885,858,108,0,0,0,0,2023_07_08_52f6a0511a42f95f138eg.tex
7345,4564,697,83,1,0,0,0,2023_07_08_53032b064e78773645acg.tex
8399,6663,994,64,0,0,0,0,2023_07_08_53229e23c506a6587c00g.tex
7668,7338,1076,61,0,0,0,0,2023_07_08_532b5a994ae8c2e87c1cg.tex
7848,5222,844,135,0,0,0,0,2023_07_08_532da3896e366e870c24g.tex
7737,5888,957,86,0,0,0,0,2023_07_08_534ab5f411755f8ed7c8g.tex
8174,6190,1028,108,0,0,0,0,2023_07_08_535f48a731219bff6016g.tex
7845,6765,941,18,0,0,0,0,2023_07_08_5368b0afc66a72a62a88g.tex
8053,5429,927,94,0,0,0,0,2023_07_08_536a839bcf22227b5860g.tex
7754,5880,1091,57,0,0,0,0,2023_07_08_5388a8badf1745f9987ag.tex
8147,5586,852,92,0,0,0,0,2023_07_08_538c59e7d0ee53142860g.tex
7332,4530,727,95,0,0,0,0,2023_07_08_539486042a8a8eae1a8bg.tex
7611,4700,726,100,0,0,0,0,2023_07_08_53b660599d87d164aeb4g.tex
7750,5463,902,77,1,0,0,0,2023_07_08_53cbeb01b6f4729cf45eg.tex
8644,6372,941,132,0,0,0,0,2023_07_08_53d04c933e7f0b3cfe67g.tex
7865,6841,1122,137,0,0,0,0,2023_07_08_53e9a621c78da37ef4b5g.tex
7954,6211,1037,83,0,0,0,0,2023_07_08_53fbe4a11542bab96337g.tex
7289,6448,977,8,0,0,0,0,2023_07_08_541f93b85154c13415d5g.tex
7311,5254,827,67,0,0,0,0,2023_07_08_543d145000d998c79e3ag.tex
7196,5254,827,67,0,0,0,0,2023_07_08_543d145000d998c79e3ag_1.tex
7196,5254,827,67,0,0,0,0,2023_07_08_543d145000d998c79e3ag_2.tex
7570,5454,862,71,0,0,0,0,2023_07_08_546f0d5178262359712eg.tex
7389,6270,874,41,0,0,0,0,2023_07_08_547416cb64a325121a93g.tex
7327,6270,874,41,0,0,0,0,2023_07_08_547416cb64a325121a93g_1.tex
7712,5723,964,103,0,0,0,0,2023_07_08_5475539b011298cbfb60g.tex
8466,7040,1048,115,0,0,0,0,2023_07_08_548c9a6e8bc5905636b3g.tex
7616,6882,1113,91,0,0,0,0,2023_07_08_548dd2799bf7481370a9g.tex
7386,6934,888,1,0,0,0,0,2023_07_08_549c54e780e92dbe1a21g.tex
7344,6934,888,1,0,0,0,0,2023_07_08_549c54e780e92dbe1a21g_1.tex
7344,6934,888,1,0,0,0,0,2023_07_08_549c54e780e92dbe1a21g_2.tex
8151,6588,1055,163,0,0,0,0,2023_07_08_54dab8ab5c4b9253ab4cg.tex
8081,6722,1086,96,0,0,0,0,2023_07_08_54e0f51f8344117c8933g.tex
7253,5818,846,52,0,0,0,0,2023_07_08_550d725626de0977a694g.tex
7689,6093,830,40,0,0,0,0,2023_07_08_551607bc66a39f87726cg.tex
6749,3747,512,69,0,0,0,0,2023_07_08_552c23232b0bf1dd5a1bg.tex
7565,6170,971,65,0,0,0,0,2023_07_08_5577fe903062946448beg.tex
8043,6241,1010,59,0,0,0,0,2023_07_08_55b25ff8eafb7b850705g.tex
7469,6745,1172,112,0,0,0,0,2023_07_08_55d6a9c8852fa8790b4bg.tex
7403,5962,1044,80,0,0,0,0,2023_07_08_55f851233634ab2c9ef9g.tex
6624,5595,917,91,0,0,0,0,2023_07_08_5653eebfcce1a94a6b0bg.tex
7083,3971,632,72,0,0,0,0,2023_07_08_56872f0ed4a76d56274bg.tex
7642,6014,807,63,0,0,0,0,2023_07_08_56941c53dbbed45aeef1g.tex
8269,4643,735,94,0,0,0,0,2023_07_08_569c15c92c6c4b320b58g.tex
7355,7084,983,1,0,0,0,0,2023_07_08_56cf342ffe1fdd372e24g.tex
6499,5056,717,41,0,0,0,0,2023_07_08_56d8213d3d5cde34c8d0g.tex
7643,6199,847,46,0,0,0,0,2023_07_08_56fb6b17848ae88ea2dag.tex
7286,6268,936,65,0,0,0,0,2023_07_08_56fec47715621d794427g.tex
7225,6268,936,65,0,0,0,0,2023_07_08_56fec47715621d794427g_1.tex
7273,6953,907,4,0,0,0,0,2023_07_08_57285e1418d4f0934756g.tex
7642,5747,920,102,0,0,0,0,2023_07_08_575bea5d2554dc8dfd19g.tex
7307,4952,717,68,0,0,0,0,2023_07_08_577114e276e159485f49g.tex
7178,4752,726,95,0,0,0,0,2023_07_08_57b6f77dfe0d6c5f7168g.tex
8302,5274,769,136,0,0,0,0,2023_07_08_57cb6635d83c69d15c28g.tex
8856,6113,958,119,0,0,0,0,2023_07_08_57f018282c6653510098g.tex
7337,4775,759,98,0,0,0,0,2023_07_08_57f32ce58e5e7716d73bg.tex
7644,6341,896,17,0,0,0,0,2023_07_08_57f8144fc739f458d10cg.tex
7649,6934,1081,32,0,0,0,0,2023_07_08_580d08302785c7165512g.tex
6978,4382,665,67,0,0,0,0,2023_07_08_5817fc96f28b47314562g.tex
7520,5116,796,64,0,0,0,0,2023_07_08_581bc18b30fd561fd485g.tex
8139,7128,1265,83,0,0,0,0,2023_07_08_58219a1ec1b5e22e431dg.tex
7899,7310,1015,63,0,0,0,0,2023_07_08_58301918dd7d745c8b5fg.tex
7737,6506,985,95,0,0,0,0,2023_07_08_58357a75f189188d3b0cg.tex
8387,7112,1246,91,0,0,0,0,2023_07_08_5897d16ba1f51c899931g.tex
6902,5163,790,63,0,0,0,0,2023_07_08_58a6d9b403bf4a14d50ag.tex
7024,4922,800,57,0,0,0,0,2023_07_08_58ac685803645f9d9b64g.tex
8834,6071,884,139,0,0,0,0,2023_07_08_58b5213bbb74b9a00143g.tex
7473,6168,1020,81,0,0,0,0,2023_07_08_58bd23cc061f8d78db15g.tex
6855,4600,759,64,1,0,0,0,2023_07_08_58f11b1bc262ba5b3e62g.tex
8593,6336,919,92,0,0,0,0,2023_07_08_58f3340b588619adbaa8g.tex
7438,5479,760,90,0,0,0,0,2023_07_08_58f903eb5a83a0e13a93g.tex
7340,5479,760,90,0,0,0,0,2023_07_08_58f903eb5a83a0e13a93g_1.tex
7340,5479,760,90,0,0,0,0,2023_07_08_58f903eb5a83a0e13a93g_2.tex
7838,6018,852,76,0,0,0,0,2023_07_08_591cc4642f15eafb0483g.tex
8276,7535,1206,80,0,0,0,0,2023_07_08_59486f6b29583546ff7eg.tex
4004,2168,366,31,0,0,0,0,2023_07_08_594c6c569f7d5adebca4g.tex
7546,5790,819,52,0,0,0,0,2023_07_08_594f36ca3f85772b3243g.tex
7339,6486,971,75,0,0,0,0,2023_07_08_5974ab8e8a8bc085f797g.tex
8452,7200,1203,109,0,0,0,0,2023_07_08_5977c34535cd14da65fbg.tex
8412,7200,1203,109,0,0,0,0,2023_07_08_5977c34535cd14da65fbg_1.tex
8412,7200,1203,109,0,0,0,0,2023_07_08_5977c34535cd14da65fbg_2.tex
8066,4708,700,57,0,0,0,0,2023_07_08_59814257d914942bf85eg.tex
7963,5680,828,47,0,0,0,0,2023_07_08_59892c85ebe6b15a162dg.tex
7253,6356,1064,107,0,0,0,0,2023_07_08_599ce49502f58573ab61g.tex
8923,6712,969,135,0,0,0,0,2023_07_08_599dfa6db5a4813eaafdg.tex
7746,5745,872,74,0,0,0,0,2023_07_08_59a3332958ad9c8210e0g.tex
7183,6007,831,58,0,0,0,0,2023_07_08_59d29447aa43d5cfe856g.tex
7308,5530,886,65,0,0,0,0,2023_07_08_59d2f6ead148d62e5d6eg.tex
8707,7156,1181,103,0,0,0,0,2023_07_08_59f942194af875d326a3g.tex
7575,6777,979,29,0,0,0,0,2023_07_08_5a2e49a87865251743a1g.tex
7119,5878,907,40,0,0,0,0,2023_07_08_5a62d1a85e59edfdafb2g.tex
6678,3913,648,61,0,0,0,0,2023_07_08_5a8130ee83ed2ea82202g.tex
6497,3913,648,61,0,0,0,0,2023_07_08_5a8130ee83ed2ea82202g_1.tex
7903,6633,1035,63,0,0,0,0,2023_07_08_5a82fc18a9cc28107ffag.tex
8105,6196,913,92,0,0,0,0,2023_07_08_5a8bc4230346976b590dg.tex
9408,6277,962,152,0,0,0,0,2023_07_08_5a8e40682edd7829ec5ag.tex
7794,4510,735,72,0,0,0,0,2023_07_08_5a8eccea5254213ef035g.tex
7731,6200,985,76,0,0,0,0,2023_07_08_5ab8e9bf55a4f1abf5cag.tex
7645,5912,1020,100,0,0,0,0,2023_07_08_5abf844d4c3a82a02238g.tex
7341,5717,908,41,0,0,0,0,2023_07_08_5ac22076b6b821bc15b9g.tex
7466,4956,779,78,0,0,0,0,2023_07_08_5acc61f00c3c9b187216g.tex
8469,5763,705,75,0,0,0,0,2023_07_08_5ad204ada2c2cae58a63g.tex
8615,6365,989,76,0,0,0,0,2023_07_08_5ad6d532d1f0905a0814g.tex
7649,7057,1165,81,0,0,0,0,2023_07_08_5afad325a6f8041b9e9fg.tex
7628,5886,869,69,0,0,0,0,2023_07_08_5b1febe58a96a368c8b5g.tex
8557,7718,1061,54,0,0,0,0,2023_07_08_5b2ce87d51d3837f5754g.tex
7781,6615,898,49,0,0,0,0,2023_07_08_5b664d37d00d8ce5faffg.tex
7711,6615,898,49,0,0,0,0,2023_07_08_5b664d37d00d8ce5faffg_1.tex
7711,6615,898,49,0,0,0,0,2023_07_08_5b664d37d00d8ce5faffg_2.tex
7781,5126,709,89,0,0,0,0,2023_07_08_5b9ae2dc29930ed6b0dfg.tex
7629,6870,931,67,0,0,0,0,2023_07_08_5ba6555a9ff256882827g.tex
8239,7262,1068,67,0,0,0,0,2023_07_08_5ba65977bc21e9cc5136g.tex
7934,5750,910,65,0,0,0,0,2023_07_08_5bb77d88687dea05cea6g.tex
3971,3247,547,58,0,0,0,0,2023_07_08_5bc7ada5f67286b26c4fg.tex
7041,5760,792,18,0,0,0,0,2023_07_08_5be83a7c58174be2a278g.tex
7407,4267,681,62,0,0,0,0,2023_07_08_5beed5b2446e4f117d51g.tex
7359,5431,782,68,0,0,0,0,2023_07_08_5c0c608be4ac1fde09cbg.tex
7913,5637,830,70,0,0,0,0,2023_07_08_5c0f11f7477109a66586g.tex
7215,4162,565,68,0,0,0,0,2023_07_08_5c20ce35b05b1444299dg.tex
6320,5927,877,17,0,0,0,0,2023_07_08_5c30d8d381dcada0c5e0g.tex
6679,4151,695,90,0,0,0,0,2023_07_08_5c33dd6df459458826bag.tex
7325,7048,1195,1,0,0,0,0,2023_07_08_5c36bd66805b35913d07g.tex
8003,4209,707,83,0,0,0,0,2023_07_08_5c3a75a1d3e3cad65474g.tex
8495,6579,1008,106,0,0,0,0,2023_07_08_5c56ed85e87c05d49c70g.tex
7450,5885,926,72,0,0,0,0,2023_07_08_5c61a43f15395127587dg.tex
7653,6982,973,78,0,0,0,0,2023_07_08_5c69c5d2abc86149369ag.tex
7771,5246,763,59,0,0,0,0,2023_07_08_5c83cf715e5dbae2b283g.tex
7325,4950,624,60,0,0,0,0,2023_07_08_5c90d9833ebe8479b1aeg.tex
5881,4920,706,54,0,0,0,0,2023_07_08_5cad30a1d4717a7f0a51g.tex
7920,6284,1006,93,0,0,0,0,2023_07_08_5cb9b6e493787c4ad64dg.tex
8203,6563,1177,66,0,0,0,0,2023_07_08_5cdd37314abb13806a78g.tex
8678,7712,1286,47,0,0,0,0,2023_07_08_5ce43341e1733e684ab7g.tex
7377,6016,1047,101,0,0,0,0,2023_07_08_5cf695a144c9e9d0fe45g.tex
7651,6973,1084,39,0,0,0,0,2023_07_08_5d171c6ff1ee60ac5f51g.tex
7346,5301,729,63,0,0,0,0,2023_07_08_5d1825754f51e39e05cfg.tex
7338,5196,885,63,0,0,0,0,2023_07_08_5d676fad421a70dcd9ddg.tex
6411,4190,580,92,0,0,0,0,2023_07_08_5d85bfd7627e7dee20cbg.tex
8251,6602,1094,78,0,0,0,0,2023_07_08_5d98ce991e0011e6b713g.tex
7879,6281,1107,106,0,0,0,0,2023_07_08_5daa4f6f00561b26c36ag.tex
5587,3707,589,60,0,0,0,0,2023_07_08_5dae2bee379372e86aa1g.tex
7941,4722,673,73,1,0,0,0,2023_07_08_5dae49df1215748d989dg.tex
7914,6317,1016,137,0,0,0,0,2023_07_08_5dbe2ca704821b26b754g.tex
7675,6485,974,60,0,0,0,0,2023_07_08_5dc441fb22587670409cg.tex
7805,6410,943,54,0,0,0,0,2023_07_08_5dd96fb04b20912c9d71g.tex
7377,4716,746,81,1,0,0,0,2023_07_08_5dfa0c40dd08d90ecebfg.tex
7078,5082,818,83,0,0,0,0,2023_07_08_5dfdc89e6b440aa06184g.tex
7547,5365,742,75,0,0,0,0,2023_07_08_5e1608f3dcbcd237f749g.tex
7058,4724,783,73,0,0,0,0,2023_07_08_5e1fe2e700d7007cbe71g.tex
8584,7417,1198,162,0,0,0,0,2023_07_08_5e2cdac6f18c58fd6755g.tex
7591,6111,992,46,0,0,0,0,2023_07_08_5e2ec0a1ed56ec503b0dg.tex
7742,5899,1045,133,0,0,0,0,2023_07_08_5e41d6cacece680fddbeg.tex
8769,7557,1204,116,0,0,0,0,2023_07_08_5e523e0f320025e3a770g.tex
7813,6837,977,41,0,0,0,0,2023_07_08_5e5450dc086cc958dd93g.tex
7767,6837,977,41,0,0,0,0,2023_07_08_5e5450dc086cc958dd93g_1.tex
7767,6837,977,41,0,0,0,0,2023_07_08_5e5450dc086cc958dd93g_2.tex
7516,6542,995,63,0,0,0,0,2023_07_08_5e70a9b6f3fbe255177bg.tex
6985,5261,838,71,0,0,0,0,2023_07_08_5e874576969b00f94579g.tex
7705,5619,891,51,0,0,0,0,2023_07_08_5e9427aafee7248cd670g.tex
7336,7040,936,12,0,0,0,0,2023_07_08_5ebe538d0a0038393a77g.tex
6788,3584,543,95,0,0,0,0,2023_07_08_5ed8299f90fd5fa9ad32g.tex
7640,5825,862,119,0,0,0,0,2023_07_08_5edf443d14c4a8da8e11g.tex
7539,5976,979,68,0,0,0,0,2023_07_08_5ee4df6df65b12d52487g.tex
7458,5976,979,68,0,0,0,0,2023_07_08_5ee4df6df65b12d52487g_1.tex
7458,5976,979,68,0,0,0,0,2023_07_08_5ee4df6df65b12d52487g_2.tex
7552,5207,749,51,0,0,0,0,2023_07_08_5ee6c9554b86d1d7ce69g.tex
8202,5544,874,74,0,0,0,0,2023_07_08_5f1947a25322616df93cg.tex
7368,5800,824,46,0,0,0,0,2023_07_08_5f2e560405a3dbafe620g.tex
7699,6472,1058,75,0,0,0,0,2023_07_08_5f316030c5e00e008c29g.tex
7698,5718,826,61,1,0,0,0,2023_07_08_5f40f101bfc11d6c5122g.tex
7884,4129,527,41,0,0,0,0,2023_07_08_5f47367d79e51a11f39dg.tex
8658,6396,1070,126,0,0,0,0,2023_07_08_5f652255c820833cae1dg.tex
7352,4518,650,95,0,0,0,0,2023_07_08_5f876aeda83ce1d68ee8g.tex
7572,6786,965,143,0,0,0,0,2023_07_08_5f8a6654addb502f1591g.tex
8233,6676,1056,92,0,0,0,0,2023_07_08_5f921365a33675828d32g.tex
7975,6269,922,67,0,0,0,0,2023_07_08_5faa959df70d217e7961g.tex
8243,7135,1135,47,0,0,0,0,2023_07_08_5fb30a1784416a427d77g.tex
8122,6880,911,49,0,0,0,0,2023_07_08_5fc27b1ab8c4bc768fdag.tex
7511,5055,882,70,0,0,0,0,2023_07_08_6028303e43c6bcab6ef2g.tex
7368,5055,882,70,0,0,0,0,2023_07_08_6028303e43c6bcab6ef2g_1.tex
7368,5055,882,70,0,0,0,0,2023_07_08_6028303e43c6bcab6ef2g_2.tex
7736,6243,927,23,0,0,0,0,2023_07_08_603796607c0e98b5f292g.tex
7774,5896,960,140,0,0,0,0,2023_07_08_603c612f5cdb31ef9228g.tex
8280,6384,868,117,0,0,0,0,2023_07_08_60404711385de2f9f870g.tex
7214,4125,645,85,0,0,0,0,2023_07_08_605dbbcacc2fe9e071c2g.tex
7049,4125,645,85,0,0,0,0,2023_07_08_605dbbcacc2fe9e071c2g_1.tex
7418,5624,768,63,0,0,0,0,2023_07_08_607aaa0639ab9066242ag.tex
7379,6317,915,62,0,0,0,0,2023_07_08_608c317e5086ec1afa4dg.tex
7821,5375,828,85,0,0,0,0,2023_07_08_608d38e336b07a2a0888g.tex
5109,3537,583,44,0,0,0,0,2023_07_08_60935fdb7f73dab81b52g.tex
7626,5207,805,100,0,0,0,0,2023_07_08_60978ea8b9b785c2cc8ag.tex
7863,7328,1086,50,0,0,0,0,2023_07_08_60c4a064d3bebdddc7f1g.tex
7289,5182,828,62,0,0,0,0,2023_07_08_60f93b32c41b705d6edbg.tex
7358,5716,812,41,0,0,0,0,2023_07_08_61075bd3fe2a498ce803g.tex
7604,6038,991,50,0,0,0,0,2023_07_08_6115449382100eed3414g.tex
9072,6811,1119,90,0,0,0,0,2023_07_08_6143e298cf88d776895eg.tex
7886,6251,927,54,0,0,0,0,2023_07_08_6144ef6154c3b5a846d5g.tex
7562,5940,817,105,0,0,0,0,2023_07_08_6147511acb410851a64eg.tex
7628,7165,1020,33,0,0,0,0,2023_07_08_617ae2b10f935019c4cbg.tex
8102,6449,1069,72,0,0,0,0,2023_07_08_6180943d5a198b634764g.tex
8064,5912,1200,76,0,0,0,0,2023_07_08_61b00568b94b2401c49eg.tex
7951,5988,920,77,0,0,0,0,2023_07_08_61cfc1ef78c1a746a184g.tex
7079,4327,769,57,0,0,0,0,2023_07_08_61d61ca3ac86449ecf67g.tex
7098,6048,920,70,0,0,0,0,2023_07_08_61e97a12f84ae5c2244dg.tex
7857,6796,921,34,0,0,0,0,2023_07_08_6222387cd5b7cf176e5eg.tex
7315,5887,1010,61,0,0,0,0,2023_07_08_6227e20e7afdab0a3596g.tex
7616,6095,867,92,0,0,0,0,2023_07_08_622b021e783b6dd23068g.tex
7759,6194,887,94,0,0,0,0,2023_07_08_623a41da6f45f7290183g.tex
7566,5703,701,48,0,0,0,0,2023_07_08_62438f50803485a07e3ag.tex
9244,4064,580,124,0,0,0,0,2023_07_08_627017acc6ee5938ed3eg.tex
8517,6731,1059,124,0,0,0,0,2023_07_08_62794b3aee604b998a52g.tex
7837,6436,996,97,0,0,0,0,2023_07_08_627b9605bb4838d8715fg.tex
8039,5648,1004,83,0,0,0,0,2023_07_08_629da4cb3202f58cedcbg.tex
7441,4202,666,67,0,0,0,0,2023_07_08_629fa336541044fa6dcag.tex
7337,4202,666,67,0,0,0,0,2023_07_08_629fa336541044fa6dcag_1.tex
7992,5923,868,87,0,0,0,0,2023_07_08_62a161bf9cc1ff3ff4c1g.tex
7792,6411,1057,89,0,0,0,0,2023_07_08_62bae0756977231ffe01g.tex
7171,6238,850,38,0,0,0,0,2023_07_08_62ea39e8d7a9c2a24c4eg.tex
7391,6899,1018,18,0,0,0,0,2023_07_08_6300645296cc410e96deg.tex
7422,6036,942,60,0,0,0,0,2023_07_08_6311e62c71b81fc73d33g.tex
8026,4989,818,74,0,0,0,0,2023_07_08_6321b9e955ac3ef8bfc5g.tex
8272,6550,980,52,0,0,0,0,2023_07_08_63389e66598f999cae10g.tex
7603,6646,955,86,0,0,0,0,2023_07_08_6345cb62afeee045016dg.tex
8263,6515,959,31,0,0,0,0,2023_07_08_6359bb33173a09e3bb28g.tex
7025,5595,839,23,0,0,0,0,2023_07_08_638c568c0317b596f361g.tex
7420,5777,848,90,0,0,0,0,2023_07_08_6395cff2eae9431ad46eg.tex
7323,5777,848,90,0,0,0,0,2023_07_08_6395cff2eae9431ad46eg_1.tex
7323,5777,848,90,0,0,0,0,2023_07_08_6395cff2eae9431ad46eg_2.tex
7945,6351,1011,118,0,0,0,0,2023_07_08_639eef361b76ea3f5458g.tex
8269,7079,1172,123,0,0,0,0,2023_07_08_63c130ed9e5ee04aeeedg.tex
8023,6711,1059,71,0,0,0,0,2023_07_08_63db87c133e973372b99g.tex
8151,5754,794,65,0,0,0,0,2023_07_08_63e36ea434f745ffb41bg.tex
7424,3541,494,85,0,0,0,0,2023_07_08_63e8f95abc6c933a81feg.tex
8172,2295,480,167,0,0,0,0,2023_07_08_63f78d438421251e418cg.tex
7203,5533,814,65,0,0,0,0,2023_07_08_640ee87c0c609e3ba5b1g.tex
8615,6619,1028,129,0,0,0,0,2023_07_08_64473a7b8d2f238ec613g.tex
7759,6661,957,42,0,0,0,0,2023_07_08_645e99dcce2d3d7ffc3bg.tex
7946,6732,1061,47,0,0,0,0,2023_07_08_646f8748ad4993d69e00g.tex
8162,5856,866,111,0,0,0,0,2023_07_08_64708bbb1aaebb4c639dg.tex
8122,4447,634,65,0,0,0,0,2023_07_08_647702ea9ea21d4dbd2dg.tex
8996,6950,1146,98,0,0,0,0,2023_07_08_64773d28afc0a869b1d9g.tex
6231,4702,737,47,0,0,0,0,2023_07_08_647c3328985b1faeda24g.tex
6142,4702,737,47,0,0,0,0,2023_07_08_647c3328985b1faeda24g_1.tex
6142,4702,737,47,0,0,0,0,2023_07_08_647c3328985b1faeda24g_2.tex
7992,6798,1086,106,0,0,0,0,2023_07_08_648ca3f01b84dac9abedg.tex
7491,6077,922,102,0,0,0,0,2023_07_08_64a32740c9a3312c5719g.tex
7704,6499,992,112,0,0,0,0,2023_07_08_64a47c4ce6d83e4c1ad0g.tex
7734,4666,794,98,0,0,0,0,2023_07_08_64ce9cbc2045861dfe6ag.tex
7402,5335,920,97,0,0,0,0,2023_07_08_64d3134d957805b2c4aag.tex
8533,6058,995,102,0,0,0,0,2023_07_08_64df31488defbf842c71g.tex
7519,7056,962,19,0,0,0,0,2023_07_08_64e4f2ef3420c4bde04fg.tex
8080,6226,1082,86,0,0,0,0,2023_07_08_64e68b9a607abbaa70d4g.tex
7496,6416,975,66,0,0,0,0,2023_07_08_64f6d8470862aaba91ecg.tex
7159,5314,834,81,0,0,0,0,2023_07_08_64f6f423cee420ab61cag.tex
6240,4946,788,71,0,0,0,0,2023_07_08_6517c8cc656c5314f819g.tex
7578,6366,881,70,0,0,0,0,2023_07_08_651d7711e7e529af1a40g.tex
7009,6117,759,26,0,0,0,0,2023_07_08_653f847e30095fc7648fg.tex
7174,6849,926,4,0,0,0,0,2023_07_08_65565aee23cfb1d46bd9g.tex
6719,5306,847,53,0,0,0,0,2023_07_08_656b4c30efb00c3f2bf9g.tex
7636,5503,688,33,0,0,0,0,2023_07_08_656e30c392dc2a86c1d4g.tex
7793,6307,972,123,0,0,0,0,2023_07_08_6584a59bd7eb7d67d7aag.tex
8297,7352,1123,170,0,0,0,0,2023_07_08_658d7a4283eb327deb77g.tex
7166,6048,929,38,0,0,0,0,2023_07_08_659ba8aac4f15ca6d9e0g.tex
7887,7232,1093,27,0,0,0,0,2023_07_08_65a9f522b58d39fec4b8g.tex
8936,7468,1269,65,0,0,0,0,2023_07_08_65aac79e995dcbc0aaf7g.tex
7393,5031,836,115,0,0,0,0,2023_07_08_65b7d9542852b43e9002g.tex
8273,6793,1075,161,0,0,0,0,2023_07_08_65ba42d79ed9478683b8g.tex
7575,6953,992,20,0,0,0,0,2023_07_08_65c967f08a82136f0b4cg.tex
7179,5416,800,61,0,0,0,0,2023_07_08_65e4377d3f00c46f7558g.tex
7773,6565,1136,82,0,0,0,0,2023_07_08_65e6f1fd4ebe7687510fg.tex
8903,5667,855,136,0,0,0,0,2023_07_08_65e79836bcfa3f27e6b1g.tex
7436,5907,987,75,0,0,0,0,2023_07_08_65e894bb9315984037eag.tex
6233,3601,620,93,0,0,0,0,2023_07_08_65fe994ff12c9a444f16g.tex
8426,6333,911,121,0,0,0,0,2023_07_08_66037ece46e17875b30bg.tex
8393,7320,1061,47,0,0,0,0,2023_07_08_6640ef273ae74d9610efg.tex
7238,6084,984,88,0,0,0,0,2023_07_08_66b63b2ea869b5be3e34g.tex
7733,6163,1003,112,0,0,0,0,2023_07_08_66f6f0101c99a26ca1c5g.tex
8173,6550,1017,61,0,0,0,0,2023_07_08_672a9d43e90ce4bbd827g.tex
7981,6421,984,71,0,0,0,0,2023_07_08_6735927a8e4217a71256g.tex
7490,6703,1067,98,1,0,0,0,2023_07_08_67403fe0debf7933e543g.tex
8327,6263,1091,117,0,0,0,0,2023_07_08_6784ac76bc9080bee912g.tex
7794,6107,976,111,0,0,0,0,2023_07_08_67a359ba30ed49e5d8d0g.tex
6774,5806,820,58,0,0,0,0,2023_07_08_67c2b4d88f2ad939c802g.tex
6708,5806,820,58,0,0,0,0,2023_07_08_67c2b4d88f2ad939c802g_1.tex
6708,5806,820,58,0,0,0,0,2023_07_08_67c2b4d88f2ad939c802g_2.tex
7230,6485,1037,34,0,0,0,0,2023_07_08_67c628f3a768af5b8002g.tex
7872,5569,888,82,0,0,0,0,2023_07_08_67cafdcb018513371a20g.tex
7365,5936,1007,71,0,0,0,0,2023_07_08_67d42979df312e157cf2g.tex
7502,5310,847,64,1,0,0,0,2023_07_08_67e0443b3a3acbdec152g.tex
7969,5012,706,72,1,0,0,0,2023_07_08_67ed11dcf15efdb051e7g.tex
8455,4160,645,61,0,0,0,0,2023_07_08_6822d4b68da5a18c21bbg.tex
8322,4160,645,61,0,0,0,0,2023_07_08_6822d4b68da5a18c21bbg_1.tex
8322,4160,645,61,0,0,0,0,2023_07_08_6822d4b68da5a18c21bbg_2.tex
6642,4114,669,68,0,0,0,0,2023_07_08_6827bd8257c3aaa0b9cag.tex
7709,7171,1029,23,0,0,0,0,2023_07_08_682ebc2be4f3ebaa4aacg.tex
7963,5399,864,145,0,0,0,0,2023_07_08_683343912768707f7965g.tex
7390,5700,957,89,0,0,0,0,2023_07_08_6839641a2c1984815feag.tex
7895,5395,804,90,0,0,0,0,2023_07_08_685f1fa881dab75fdb3dg.tex
7250,5702,810,93,1,0,0,0,2023_07_08_689340fb1ffb092e9079g.tex
7027,5866,870,65,0,0,0,0,2023_07_08_689f04059db6e2b12410g.tex
7896,5786,849,120,0,0,0,0,2023_07_08_68ba8cc00b0ca55526a2g.tex
7597,5310,780,72,0,0,0,0,2023_07_08_68bcc4ab8615a0f0b965g.tex
7022,5783,784,49,0,0,0,0,2023_07_08_68bd6848304c5e82c383g.tex
8144,5729,910,134,0,0,0,0,2023_07_08_68d09d27314fe394f4a1g.tex
8860,4864,817,135,0,0,0,0,2023_07_08_68f23375ff84425f4fadg.tex
7919,6887,1000,32,0,0,0,0,2023_07_08_690031eb848c194c568fg.tex
7155,6069,903,53,0,0,0,0,2023_07_08_692490d1b45a656b18feg.tex
7386,6313,937,68,0,0,0,0,2023_07_08_6930500998daac988995g.tex
7372,6374,1031,82,0,0,0,0,2023_07_08_69366c8b1c7bf16eb5e4g.tex
8262,6707,974,96,0,0,0,0,2023_07_08_6945767785c131642076g.tex
6787,4299,707,84,0,0,0,0,2023_07_08_695f9f49f754f06692dfg.tex
7506,5646,832,51,0,0,0,0,2023_07_08_698d924e66548716094ag.tex
6693,3972,764,142,0,0,0,0,2023_07_08_699ba998dc88e34769afg.tex
8094,3645,500,81,0,0,0,0,2023_07_08_69a53b41a3ee340109b6g.tex
7740,5174,826,144,0,0,0,0,2023_07_08_69b900d8562dd1d0c2c4g.tex
7221,5741,835,47,0,0,0,0,2023_07_08_69ebbe6f936e3768ecc4g.tex
7211,5554,914,61,0,0,0,0,2023_07_08_69fbb90c9f5850891cccg.tex
7152,6871,906,9,0,0,0,0,2023_07_08_6a6133f673d69d4da4d6g.tex
7924,7166,1055,18,0,0,0,0,2023_07_08_6a7eed4e88e3f0384316g.tex
8234,6137,1032,88,0,0,0,0,2023_07_08_6a9cb2394a1c4211cb49g.tex
8043,5422,744,117,0,0,0,0,2023_07_08_6addafbba4f5c847ab81g.tex
8432,5460,904,127,0,0,0,0,2023_07_08_6ae05335d22457132018g.tex
7280,6751,955,28,0,0,0,0,2023_07_08_6aeb35f021c71286a614g.tex
6602,3849,601,90,0,0,0,0,2023_07_08_6aed76ec1ab566ed4d20g.tex
6461,3849,601,90,0,0,0,0,2023_07_08_6aed76ec1ab566ed4d20g_1.tex
6461,3849,601,90,0,0,0,0,2023_07_08_6aed76ec1ab566ed4d20g_2.tex
7967,5454,827,66,0,0,0,0,2023_07_08_6b1cfa89519d890ee68bg.tex
8083,6344,989,66,0,0,0,0,2023_07_08_6b38e632482a4e6139f9g.tex
6805,2651,421,68,0,0,0,0,2023_07_08_6bbd06acdf2af014a619g.tex
7857,7199,1216,48,0,0,0,0,2023_07_08_6bcd6f57357f38dbcd2bg.tex
8168,7206,1177,52,0,0,0,0,2023_07_08_6bcffe540c6fa80b4b66g.tex
8166,6153,909,138,0,0,0,0,2023_07_08_6bdc953d30cd4afd1278g.tex
7374,5523,847,66,0,0,0,0,2023_07_08_6be1e514f5e5d8c4bbceg.tex
6896,4934,812,58,0,0,0,0,2023_07_08_6be3e46f06651a975066g.tex
8116,6150,884,69,0,0,0,0,2023_07_08_6c0c34ec088c6028e899g.tex
7835,6714,1078,85,0,0,0,0,2023_07_08_6c1130e2dcf77ccb08afg.tex
8038,6555,1087,108,0,0,0,0,2023_07_08_6c44b54d735de945cf1dg.tex
6711,4306,671,81,0,0,0,0,2023_07_08_6c4818fbfb7d16c5a542g.tex
7983,5645,901,75,0,0,0,0,2023_07_08_6c70d0d6a3b42e8d21a2g.tex
7500,6248,949,56,0,0,0,0,2023_07_08_6cb5f106dbddd2b9f16dg.tex
7642,5764,754,63,0,0,0,0,2023_07_08_6cb81dccbb3f3e86defdg.tex
7938,5037,859,72,0,0,0,0,2023_07_08_6cbc5f1a8d7077e09710g.tex
8240,6262,885,68,0,0,0,0,2023_07_08_6cdbe6996cb2ea569500g.tex
7262,5511,848,59,0,0,0,0,2023_07_08_6ce61e4d765ca2a4b593g.tex
8347,5094,901,103,0,0,0,0,2023_07_08_6cfd214005862b947bc7g.tex
7574,7278,993,10,0,0,0,0,2023_07_08_6cfeef01abbb1dbaad08g.tex
7861,6091,914,91,0,0,0,0,2023_07_08_6d3c3793f02ea83415e4g.tex
7471,6319,970,60,0,0,0,0,2023_07_08_6da545f2a63452688e01g.tex
7949,6309,1152,80,0,0,0,0,2023_07_08_6dd0fa525d122b4459acg.tex
7484,5945,839,50,0,0,0,0,2023_07_08_6e11225d0f358bc86eccg.tex
8006,6875,1011,98,0,0,0,0,2023_07_08_6e188be744bf0006d521g.tex
7300,6839,1088,37,0,0,0,0,2023_07_08_6e6c5929ed1013e67a99g.tex
8441,6611,1150,127,0,0,0,0,2023_07_08_6e8aaba486a6838b1743g.tex
8414,7434,1307,77,0,0,0,0,2023_07_08_6e8c288b61993dd1d964g.tex
8214,6194,816,57,0,0,0,0,2023_07_08_6e945b896aae40dcfea9g.tex
7400,5786,930,87,0,0,0,0,2023_07_08_6e98e76838f5325e1f44g.tex
7272,5207,771,52,0,0,0,0,2023_07_08_6e99e11161a9b14a707dg.tex
8766,7230,1275,117,0,0,0,0,2023_07_08_6ea32ac020d6d65f31e6g.tex
7061,5008,747,65,0,0,0,0,2023_07_08_6eda8aab64c354d212fbg.tex
8119,4714,662,49,0,0,0,0,2023_07_08_6ee662d05a83cb2d15e1g.tex
6495,3856,580,64,0,0,0,0,2023_07_08_6f1d74ec7cc8c5c4c98eg.tex
7924,5114,727,91,0,0,0,0,2023_07_08_6f1e70f73c72970023a0g.tex
8726,6019,851,74,0,0,0,0,2023_07_08_6f2f56bf2b99e5fc4bfbg.tex
8471,6760,1082,151,0,0,0,0,2023_07_08_6f3dad3ab53900a9e6afg.tex
8057,6874,1057,114,0,0,0,0,2023_07_08_6f4080665e3acaaaa7ebg.tex
5959,4755,715,69,0,0,0,0,2023_07_08_6f4f58b1827c4ec6e610g.tex
6666,4450,677,91,0,0,0,0,2023_07_08_6fbe61c2f59bcd18cc18g.tex
7374,5824,956,57,0,0,0,0,2023_07_08_6ff18d963ebff835add8g.tex
7437,5318,854,61,0,0,0,0,2023_07_08_70422aef8b16f69701c8g.tex
7773,6451,1041,48,0,0,0,0,2023_07_08_70539038f94f4cac85b9g.tex
7319,6143,936,114,0,0,0,0,2023_07_08_7063acabb3897ac920acg.tex
6844,5320,773,56,0,0,0,0,2023_07_08_706f22f6df02561cd61dg.tex
7962,5373,761,53,0,0,0,0,2023_07_08_707d5fe11d7a05f509b0g.tex
6834,5249,875,36,0,0,0,0,2023_07_08_7085b98c65a099481ac4g.tex
7480,6349,1019,106,0,0,0,0,2023_07_08_70aba34dcaf36e7306ceg.tex
6484,3918,699,70,0,0,0,0,2023_07_08_70c1a2bf2563ee185178g.tex
7404,4725,664,63,0,0,0,0,2023_07_08_70eb7251ff022d8c9e12g.tex
7282,4725,664,63,0,0,0,0,2023_07_08_70eb7251ff022d8c9e12g_1.tex
7282,4725,664,63,0,0,0,0,2023_07_08_70eb7251ff022d8c9e12g_2.tex
7328,5376,812,93,0,0,0,0,2023_07_08_70fd4688a86eff876c39g.tex
7537,6540,933,35,0,0,0,0,2023_07_08_710ca9d7d598b614ff65g.tex
7883,6732,1192,77,0,0,0,0,2023_07_08_711df61103ef1ca7b699g.tex
7862,5039,886,84,0,0,0,0,2023_07_08_7121c1c7112ba4f24f3ag.tex
7596,5837,915,103,0,0,0,0,2023_07_08_713309bf2765f3b3723bg.tex
8697,3253,541,119,0,0,0,0,2023_07_08_715b69e1f7b7dbe3c566g.tex
8175,7317,1174,106,0,0,0,0,2023_07_08_71670a324efd5eaaa3f6g.tex
6967,4750,729,80,0,0,0,0,2023_07_08_7189a7b4ae80c4f9a586g.tex
8156,4695,632,86,0,0,0,0,2023_07_08_71b28b9b097df64f2b3fg.tex
7711,6520,1020,90,0,0,0,0,2023_07_08_71c1b403e11941f4f02cg.tex
7762,4943,798,108,0,0,0,0,2023_07_08_71c26da83d7de1f38c80g.tex
7250,5825,953,63,0,0,0,0,2023_07_08_71ccc4c041f6c5549575g.tex
8401,7099,1026,91,0,0,0,0,2023_07_08_71dd994b31bdb1d5258bg.tex
8247,6883,925,68,0,0,0,0,2023_07_08_71e2855f481c975ff63bg.tex
8498,6965,970,122,0,0,0,0,2023_07_08_721286a2024f01d4c599g.tex
7672,7088,1034,43,0,0,0,0,2023_07_08_72199ff80f1f01223179g.tex
7381,6714,848,16,0,0,0,0,2023_07_08_721eeacfa0e169968668g.tex
7957,6804,1037,76,0,0,0,0,2023_07_08_7237f795de5a1cf38f21g.tex
7248,5066,751,110,0,0,0,0,2023_07_08_723a7050bf324df0775bg.tex
7124,5066,751,110,0,0,0,0,2023_07_08_723a7050bf324df0775bg_1.tex
8357,6701,1084,168,0,0,0,0,2023_07_08_72ca99f2ad9d7a1f4c68g.tex
8301,6701,1084,168,0,0,0,0,2023_07_08_72ca99f2ad9d7a1f4c68g_1.tex
8301,6701,1084,168,0,0,0,0,2023_07_08_72ca99f2ad9d7a1f4c68g_2.tex
7048,5142,849,55,0,0,0,0,2023_07_08_7310a220bcf8f0be388bg.tex
7336,6485,1021,68,0,0,0,0,2023_07_08_732fa62c6b0810b0abb3g.tex
7463,6257,1025,76,0,0,0,0,2023_07_08_7344bd8a85acbd5405d2g.tex
7384,6256,1025,76,0,0,0,0,2023_07_08_7344bd8a85acbd5405d2g_1.tex
7384,6256,1025,76,0,0,0,0,2023_07_08_7344bd8a85acbd5405d2g_2.tex
7720,6161,938,54,0,0,0,0,2023_07_08_734fb8b11c42d82be933g.tex
7936,6822,1134,85,0,0,0,0,2023_07_08_736e8633f3124f3bbfcdg.tex
8176,6728,1128,141,0,0,0,0,2023_07_08_7379ecdb873e848d3ec4g.tex
7249,6715,871,11,0,0,0,0,2023_07_08_737c0e3cdd442ae60feeg.tex
8388,6391,963,73,0,0,0,0,2023_07_08_73b1de8b9341996c4b98g.tex
9020,6130,892,164,0,0,0,0,2023_07_08_73bb263e774a0f66a2c1g.tex
7386,6337,949,66,0,0,0,0,2023_07_08_73e042c67de16f5879cag.tex
7601,5253,791,86,0,0,0,0,2023_07_08_73e0b7146c583ff5400ag.tex
7949,6302,928,91,0,0,0,0,2023_07_08_73e248ac2cf221570cedg.tex
7612,6965,982,49,0,0,0,0,2023_07_08_73fe52522302cdcc788cg.tex
7925,7043,1121,90,0,0,0,0,2023_07_08_740a489db5896f70fef0g.tex
7917,5756,809,77,0,0,0,0,2023_07_08_741a1d9d9212b97c8978g.tex
7419,7206,1022,50,0,0,0,0,2023_07_08_7437135f68daa6cc5250g.tex
7060,5293,851,59,0,0,0,0,2023_07_08_746bb1d397d321f8b8f9g.tex
7311,5241,729,86,0,0,0,0,2023_07_08_747802b06155674ad140g.tex
7510,6156,997,48,0,0,0,0,2023_07_08_74d237d0a75c823ea3f4g.tex
8296,6846,925,46,0,0,0,0,2023_07_08_74e23c55c4bbc51ada49g.tex
8195,6539,1154,129,0,0,0,0,2023_07_08_74e965fc06e8ebfdf1abg.tex
7106,5522,886,87,0,0,0,0,2023_07_08_74ecbdc22970e3a61dc7g.tex
7769,6038,904,90,0,0,0,0,2023_07_08_75000dad241f05375526g.tex
7626,6780,1132,67,0,0,0,0,2023_07_08_7506885e637aee63cd8eg.tex
7409,6300,973,89,0,0,0,0,2023_07_08_7545692b35df14d899e2g.tex
7335,6300,973,89,0,0,0,0,2023_07_08_7545692b35df14d899e2g_1.tex
7335,6300,973,89,0,0,0,0,2023_07_08_7545692b35df14d899e2g_2.tex
7880,6368,896,101,0,0,0,0,2023_07_08_756445da84b622448d54g.tex
6655,5333,775,69,0,0,0,0,2023_07_08_756a87b670a057d1c139g.tex
6727,5041,731,52,0,0,0,0,2023_07_08_758945259f34a963e6e4g.tex
7213,6061,987,80,0,0,0,0,2023_07_08_758b114de65cf8bfe68ag.tex
8233,6865,1129,101,0,0,0,0,2023_07_08_75c5d5115ba88570468bg.tex
7420,5888,768,24,0,0,0,0,2023_07_08_762f32db70efaa6ec561g.tex
7352,5888,768,24,0,0,0,0,2023_07_08_762f32db70efaa6ec561g_1.tex
7554,6093,896,55,0,0,0,0,2023_07_08_763efa9bed8700c88119g.tex
7496,5624,804,85,0,0,0,0,2023_07_08_766e782e44886564e424g.tex
7844,3991,586,58,0,0,0,0,2023_07_08_76729975bd4a1a5848e0g.tex
7805,6216,959,113,0,0,0,0,2023_07_08_76b9a439f189534b1fc4g.tex
8405,7618,1124,142,0,0,0,0,2023_07_08_773013dacd8be349bbd9g.tex
6900,4625,627,59,0,0,0,0,2023_07_08_77345edd7487c531b5a8g.tex
7112,5230,796,93,0,0,0,0,2023_07_08_77657a092a5e1e3aea96g.tex
8431,6876,944,86,0,0,0,0,2023_07_08_778c7034ee552abe4653g.tex
7560,5974,886,86,0,0,0,0,2023_07_08_77bf593b9c3455e571eeg.tex
7347,6478,989,64,0,0,0,0,2023_07_08_77e6cbc6daae9b6c0bc5g.tex
7326,5704,842,91,0,0,0,0,2023_07_08_7838cd2b45a651f29607g.tex
7357,5277,882,79,0,0,0,0,2023_07_08_784d2ed64a2d2f45c5beg.tex
7722,5392,862,109,0,0,0,0,2023_07_08_785c51a14c8a2d397708g.tex
7507,5897,872,50,0,0,0,0,2023_07_08_7880a2c5af74df289dc5g.tex
7508,4344,640,91,0,0,0,0,2023_07_08_7885a8ef157058692d79g.tex
7885,5844,992,118,0,0,0,0,2023_07_08_78917c0ef5cdff444bafg.tex
7761,5416,808,69,0,0,0,0,2023_07_08_78942b8c45348d1135a8g.tex
7845,7164,1113,26,0,0,0,0,2023_07_08_7897301301363193d492g.tex
7386,5463,898,67,0,0,0,0,2023_07_08_789e551ec628c47873c3g.tex
7299,5129,821,80,0,0,0,0,2023_07_08_78af0673f093b9ddf874g.tex
7168,5129,821,80,0,0,0,0,2023_07_08_78af0673f093b9ddf874g_1.tex
7243,6730,864,16,0,0,0,0,2023_07_08_78bb638342234b494b5cg.tex
8475,4499,643,68,0,0,0,0,2023_07_08_78c05a3aec763d4dd21bg.tex
7741,6418,1106,93,0,0,0,0,2023_07_08_78d429cef45886947d20g.tex
7555,6889,1043,53,0,0,0,0,2023_07_08_78dbd49bc654f00e966bg.tex
7139,5474,780,49,0,0,0,0,2023_07_08_78de76c1b43b6f0e1a00g.tex
7612,7064,1112,59,0,0,0,0,2023_07_08_790477d117963b86b881g.tex
6963,4589,689,70,0,0,0,0,2023_07_08_791b5c56de00f3909644g.tex
6689,5126,717,53,0,0,0,0,2023_07_08_793e62ddd4c616367be5g.tex
8003,6078,910,83,0,0,0,0,2023_07_08_79524cf53cdb5f9695adg.tex
6840,4442,735,59,0,0,0,0,2023_07_08_7966327823d0cb2092aag.tex
7845,6185,846,30,0,0,0,0,2023_07_08_7973f1695c4aef3d6f43g.tex
7171,5393,768,38,0,0,0,0,2023_07_08_79956ea9c7b3a32ce80ag.tex
7061,6487,912,18,0,0,0,0,2023_07_08_79a4fad18c6f08141b50g.tex
7019,5670,883,78,0,0,0,0,2023_07_08_79a6f2a82ca4f5a2305eg.tex
8074,6996,1077,63,0,0,0,0,2023_07_08_79b426d62614c0bd7fc6g.tex
8296,6832,1064,100,0,0,0,0,2023_07_08_7a039359d188858558a0g.tex
7883,5865,906,44,0,0,0,0,2023_07_08_7a063894034ed48d66a7g.tex
7371,4965,760,62,0,0,0,0,2023_07_08_7a6080d4c5fd87fea135g.tex
7235,4965,760,62,0,0,0,0,2023_07_08_7a6080d4c5fd87fea135g_1.tex
7693,5265,770,101,0,0,0,0,2023_07_08_7a6489a9de87fcc48e3dg.tex
7374,4658,633,63,0,0,0,0,2023_07_08_7a91542bb408af304603g.tex
7331,7005,1033,9,0,0,0,0,2023_07_08_7a951fab5068218bb83fg.tex
8435,7259,1058,101,0,0,0,0,2023_07_08_7a99c24e03d2b872612ag.tex
6971,4420,651,116,0,0,0,0,2023_07_08_7abbe0c7c6f518ba4f31g.tex
7489,6289,998,110,0,0,0,0,2023_07_08_7b07bb1da60ed77761ceg.tex
7172,5670,849,80,0,0,0,0,2023_07_08_7b0d9c9688785d629a58g.tex
8073,5416,774,64,1,0,0,0,2023_07_08_7b2b997979ced9aaf17fg.tex
8589,6675,1206,133,0,0,0,0,2023_07_08_7b4bba16eab658db0792g.tex
8509,6675,1206,133,0,0,0,0,2023_07_08_7b4bba16eab658db0792g_1.tex
8509,6675,1206,133,0,0,0,0,2023_07_08_7b4bba16eab658db0792g_2.tex
6946,5105,858,75,0,0,0,0,2023_07_08_7b8191f68ac94c5be558g.tex
7128,6392,850,20,0,0,0,0,2023_07_08_7b8618ea78735c8dad56g.tex
8442,6319,1046,118,0,0,0,0,2023_07_08_7b8c75bc627bbf8a4fd4g.tex
6661,4734,807,62,0,0,0,0,2023_07_08_7b92fd8fedf9bbbd8edag.tex
7943,6851,981,87,0,0,0,0,2023_07_08_7b96202f74157cd42008g.tex
7659,6483,848,69,0,0,0,0,2023_07_08_7ba345ad9b86186c585ag.tex
7480,7010,1220,42,0,0,0,0,2023_07_08_7ba567005d69e6399b8fg.tex
7225,5198,856,93,0,0,0,0,2023_07_08_7bcb1f1bac1e1e7f0cddg.tex
6319,4546,762,49,0,0,0,0,2023_07_08_7bd6f24a520c6154e162g.tex
7821,6348,957,68,0,0,0,0,2023_07_08_7bedc2b72b271ce42625g.tex
7850,6555,1124,110,0,0,0,0,2023_07_08_7c2047fd2b811ad82da7g.tex
6982,5243,826,63,0,0,0,0,2023_07_08_7c3c7a8d3939a3a313a2g.tex
7483,5756,918,40,0,0,0,0,2023_07_08_7c4d9bc728dcb28a68b5g.tex
7439,5190,979,93,0,0,0,0,2023_07_08_7c8ca40933f7736c7df8g.tex
7770,6464,977,93,0,0,0,0,2023_07_08_7c8dc1b9cebb5f591506g.tex
7254,5611,874,60,0,0,0,0,2023_07_08_7caca41be77333a38ca8g.tex
3885,3334,547,19,0,0,0,0,2023_07_08_7cb843c759259019bf8bg.tex
7613,6242,950,92,0,0,0,0,2023_07_08_7cd74e37440aac9a2c02g.tex
7359,6121,825,60,0,0,0,0,2023_07_08_7d269ea81805d607c0cfg.tex
8713,6875,1130,111,0,0,0,0,2023_07_08_7d3ef7cfd9f937c7b7deg.tex
8130,7016,991,52,0,0,0,0,2023_07_08_7d407fec31b112a4b8e8g.tex
8140,7284,1177,117,0,0,0,0,2023_07_08_7d44ee4524e6d5620629g.tex
7378,5542,852,42,0,0,0,0,2023_07_08_7d6ab638eb8b65e9fdeag.tex
8002,6552,1067,93,0,0,0,0,2023_07_08_7d7e54b698f964b09d3eg.tex
8048,4711,634,40,0,0,0,0,2023_07_08_7d86dd28297ff2563e61g.tex
7208,6059,829,72,1,0,0,0,2023_07_08_7d968f3031342f0ad744g.tex
6901,3695,493,52,0,0,0,0,2023_07_08_7d975d61552e4494f85fg.tex
8086,7413,1155,88,0,0,0,0,2023_07_08_7d9c9ecadbacacd29032g.tex
7307,4561,650,37,0,0,0,0,2023_07_08_7dbaa7c77a179fa998e2g.tex
7873,6494,1032,101,0,0,0,0,2023_07_08_7dbdd9d90b23b0224815g.tex
7516,6707,956,36,0,0,0,0,2023_07_08_7dc4f10fdf793b7fe404g.tex
8574,3634,493,70,0,0,0,0,2023_07_08_7de28ee68f6d750e266dg.tex
5976,4996,755,52,0,0,0,0,2023_07_08_7de62995ad5c95151885g.tex
7273,5957,1002,57,0,0,0,0,2023_07_08_7e037e27edba11ae4eeeg.tex
6721,4433,610,41,0,0,0,0,2023_07_08_7e0bb5da5500a8cc948fg.tex
8023,6559,899,57,0,0,0,0,2023_07_08_7e0d3bfb2187f7255c16g.tex
7879,6844,1071,47,0,0,0,0,2023_07_08_7e295cec9f7c3f448a96g.tex
7504,5341,805,68,0,0,0,0,2023_07_08_7e302a7f555727b190e2g.tex
8250,6249,1039,97,0,0,0,0,2023_07_08_7e35c603cf2f511b2a98g.tex
8148,6249,1039,97,0,0,0,0,2023_07_08_7e35c603cf2f511b2a98g_1.tex
8148,6249,1039,97,0,0,0,0,2023_07_08_7e35c603cf2f511b2a98g_2.tex
7754,5757,912,106,0,0,0,0,2023_07_08_7e827bd48518d5e4a419g.tex
8433,6353,940,73,0,0,0,0,2023_07_08_7e8665197f95030028c6g.tex
8362,6353,940,73,0,0,0,0,2023_07_08_7e8665197f95030028c6g_1.tex
8362,6353,940,73,0,0,0,0,2023_07_08_7e8665197f95030028c6g_2.tex
7508,6024,1070,114,0,0,0,0,2023_07_08_7ebc6cf07498e34d88d9g.tex
7781,5728,885,51,0,0,0,0,2023_07_08_7ecd5aa9d848744d53aag.tex
7688,5728,885,51,0,0,0,0,2023_07_08_7ecd5aa9d848744d53aag_1.tex
7688,5728,885,51,0,0,0,0,2023_07_08_7ecd5aa9d848744d53aag_2.tex
6912,5724,867,31,0,0,0,0,2023_07_08_7ece2e211acce0069f67g.tex
6841,5724,867,31,0,0,0,0,2023_07_08_7ece2e211acce0069f67g_1.tex
6841,5724,867,31,0,0,0,0,2023_07_08_7ece2e211acce0069f67g_2.tex
7606,6391,848,42,0,0,0,0,2023_07_08_7ed22036926cc137d1b1g.tex
7984,5019,813,73,0,0,0,0,2023_07_08_7ee43df786b6a6b8c7d5g.tex
7057,4480,631,72,0,0,0,0,2023_07_08_7eea62f00038d5f8aae4g.tex
6656,5058,714,57,0,0,0,0,2023_07_08_7ef65e5de32435e0f4bcg.tex
7854,6380,989,120,0,0,0,0,2023_07_08_7ef685dcdfab02964d47g.tex
6862,5360,792,51,0,0,0,0,2023_07_08_7f445f996fd73b3e11cdg.tex
6232,4172,593,52,1,0,0,0,2023_07_08_7f7ccf3c4abefa015792g.tex
7888,5360,891,82,0,0,0,0,2023_07_08_7f7fee7278bab7c71632g.tex
7627,7158,1033,3,0,0,0,0,2023_07_08_7f86af14acc1a5525442g.tex
7129,3723,559,103,0,0,0,0,2023_07_08_7fecb3120f9488f59972g.tex
9018,5449,724,50,0,0,0,0,2023_07_08_7ff1cce959b7e6344b00g.tex
7304,5613,823,58,0,0,0,0,2023_07_08_80812e3238dee02471bfg.tex
7377,5904,952,74,0,0,0,0,2023_07_08_80b236ac3ffe0c2c79c1g.tex
8055,6302,921,80,0,0,0,0,2023_07_08_81005f2a01282e6de093g.tex
7174,6180,999,116,0,0,0,0,2023_07_08_810fe97786721f563b20g.tex
7000,5626,782,73,0,0,0,0,2023_07_08_814b61deb9921d2f5167g.tex
9268,5148,846,96,0,0,0,0,2023_07_08_8155e39bc01ed6b92d6eg.tex
5619,3694,610,28,0,0,0,0,2023_07_08_81759908cdf2a162a9f6g.tex
8209,6590,1051,99,0,0,0,0,2023_07_08_81aa50cbd26bb419c2b4g.tex
7542,5636,917,56,0,0,0,0,2023_07_08_81aaa0db32e058e36e3fg.tex
6129,4241,579,45,0,0,0,0,2023_07_08_81ba2affb88795df6ec9g.tex
6508,4959,686,66,0,0,0,0,2023_07_08_81dec5a373d35ed26303g.tex
7868,6041,981,84,0,0,0,0,2023_07_08_81e7d6c83b879db6e272g.tex
7380,4635,752,85,0,0,0,0,2023_07_08_8209489ee8c1da9625d6g.tex
8286,6677,1099,47,0,0,0,0,2023_07_08_8223703bf0388091eb85g.tex
8197,6677,1099,47,0,0,0,0,2023_07_08_8223703bf0388091eb85g_1.tex
8197,6677,1099,47,0,0,0,0,2023_07_08_8223703bf0388091eb85g_2.tex
7635,4765,713,83,0,0,0,0,2023_07_08_822a3d8e4f45fcbbe48ag.tex
4869,3149,491,53,0,0,0,0,2023_07_08_823b3a0c15137b4c9135g.tex
4796,3149,491,53,0,0,0,0,2023_07_08_823b3a0c15137b4c9135g_1.tex
4796,3149,491,53,0,0,0,0,2023_07_08_823b3a0c15137b4c9135g_2.tex
6905,5543,757,32,0,0,0,0,2023_07_08_824ad34f97fd3363d5c1g.tex
4456,3137,434,23,0,0,0,0,2023_07_08_82672b556e40c7814739g.tex
7970,5030,636,62,0,0,0,0,2023_07_08_827476118cecbfdf5544g.tex
7472,4910,736,81,0,0,0,0,2023_07_08_827b420fefd5743e2042g.tex
7492,5306,883,108,0,0,0,0,2023_07_08_828063018f7b74d19749g.tex
6864,4898,757,77,0,0,0,0,2023_07_08_828878dffb7842e6d39dg.tex
7286,5686,746,27,1,0,0,0,2023_07_08_82a6e87e7d43ef9cc193g.tex
7200,5686,746,27,1,0,0,0,2023_07_08_82a6e87e7d43ef9cc193g_1.tex
7200,5686,746,27,1,0,0,0,2023_07_08_82a6e87e7d43ef9cc193g_2.tex
7398,5679,843,41,0,0,0,0,2023_07_08_82bc622f8f91ed46719bg.tex
6896,4557,594,42,0,0,0,0,2023_07_08_82d9b1cffdb023b37bf1g.tex
7889,6355,1019,71,0,0,0,0,2023_07_08_82fc1d66307cd334f316g.tex
8143,6393,1006,83,0,0,0,0,2023_07_08_832d818c688a67886fe2g.tex
7531,6052,898,55,0,0,0,0,2023_07_08_834f948ad561260d4100g.tex
6999,4278,672,87,0,0,0,0,2023_07_08_8359c2a82d81740a618bg.tex
7986,6542,1042,134,0,0,0,0,2023_07_08_836970d35f862914cb73g.tex
7684,7147,1016,13,0,0,0,0,2023_07_08_83870c85cba0f85f78bbg.tex
7605,6035,952,63,0,0,0,0,2023_07_08_8396fbc9b13d6b4d1938g.tex
7407,5980,864,93,0,0,0,0,2023_07_08_83ab30a120daf0ac03dag.tex
8090,6618,1111,103,0,0,0,0,2023_07_08_83b074d36dbb38070121g.tex
7489,4981,664,49,0,0,0,0,2023_07_08_83c408eb53dddb52ef8bg.tex
7349,6155,851,38,0,0,0,0,2023_07_08_8401731ef3b9acb1a81eg.tex
7287,6155,851,38,0,0,0,0,2023_07_08_8401731ef3b9acb1a81eg_1.tex
7287,6155,851,38,0,0,0,0,2023_07_08_8401731ef3b9acb1a81eg_2.tex
8067,6370,974,108,0,0,0,0,2023_07_08_841881530c75a62883ebg.tex
7444,5965,916,50,0,0,0,0,2023_07_08_8432c13ce781b9da2a84g.tex
8145,5712,953,72,0,0,0,0,2023_07_08_846037bcc7e436877a93g.tex
8132,6094,912,141,0,0,0,0,2023_07_08_846674d0b9a88d2fc555g.tex
7247,5781,770,70,0,0,0,0,2023_07_08_846f383f40f2af6325c8g.tex
7788,6405,1007,86,0,0,0,0,2023_07_08_847c069604259827e49ag.tex
8137,6004,891,68,0,0,0,0,2023_07_08_84945d39972b5b0aa3bag.tex
7456,5860,989,76,0,0,0,0,2023_07_08_8498811693bf0a41d7ceg.tex
7969,6250,833,28,1,0,0,0,2023_07_08_84a249e62eeaec088fa8g.tex
7651,5847,964,98,0,0,0,0,2023_07_08_84b3ac04c7c7255cb65fg.tex
7830,6624,1159,156,0,0,0,0,2023_07_08_84d62d62383f4c2c22e7g.tex
7742,6624,1159,156,0,0,0,0,2023_07_08_84d62d62383f4c2c22e7g_1.tex
7742,6624,1159,156,0,0,0,0,2023_07_08_84d62d62383f4c2c22e7g_2.tex
8558,5933,1020,117,0,0,0,0,2023_07_08_84f7da0364ad910c7349g.tex
8077,6080,1003,85,0,0,0,0,2023_07_08_84fddc57772e4d3edb77g.tex
6994,6070,921,49,0,0,0,0,2023_07_08_85442a93184c50b525d2g.tex
6956,5022,793,78,0,0,0,0,2023_07_08_8553ea1094e6188242d2g.tex
7305,4454,768,94,0,0,0,0,2023_07_08_8571a55c71985f33a86dg.tex
8242,6825,1147,77,0,0,0,0,2023_07_08_8572a5151158370f496dg.tex
7372,4360,626,50,0,0,0,0,2023_07_08_858e3c3d94bebfc34d19g.tex
7219,6546,870,25,0,0,0,0,2023_07_08_859873d95e0e6d529702g.tex
7603,5703,799,79,0,0,0,0,2023_07_08_85a60a9582db530ea80ag.tex
7929,6566,859,66,0,0,0,0,2023_07_08_85c0f4e6ca4e3abcd894g.tex
7596,6817,1033,52,0,0,0,0,2023_07_08_85d410ab3951ec3f180cg.tex
7622,6522,1038,138,0,0,0,0,2023_07_08_8603322d0a31a8e7dc96g.tex
7910,6912,1186,141,0,0,0,0,2023_07_08_860be3d708c1465b6264g.tex
6013,4226,640,49,0,0,0,0,2023_07_08_860e6232aed7e8296033g.tex
7897,6473,1071,111,0,0,0,0,2023_07_08_8613dd0d8e5f678201b5g.tex
8139,6329,1017,78,0,0,0,0,2023_07_08_8619531daa19b13b57f2g.tex
8015,7241,1178,49,0,0,0,0,2023_07_08_86266efdce26535a0ac5g.tex
7845,6524,963,112,0,0,0,0,2023_07_08_863175607454c3599f26g.tex
7927,6638,954,66,0,0,0,0,2023_07_08_863cf848a7f1f2552ab9g.tex
8189,6433,819,72,0,0,0,0,2023_07_08_863d22b964a32bdc5929g.tex
7379,4594,689,73,0,0,0,0,2023_07_08_864c21d871571d5aff9eg.tex
7940,6936,944,52,0,0,0,0,2023_07_08_868f5d68591f3095aad1g.tex
6133,4713,668,13,0,0,0,0,2023_07_08_869b08b993db49acfcbfg.tex
7471,5138,847,110,0,0,0,0,2023_07_08_86ac643fb4120ec32fd2g.tex
7605,6278,1001,67,0,0,0,0,2023_07_08_86af4bd0ec88d011be91g.tex
7312,5474,997,89,0,0,0,0,2023_07_08_86b1a381ac8c14771512g.tex
7838,5286,917,95,0,0,0,0,2023_07_08_86cebe5bd861cefc9c3eg.tex
6802,4276,749,61,0,0,0,0,2023_07_08_86e85116b1e4bd47d8c0g.tex
7117,4593,689,72,1,0,0,0,2023_07_08_86ee65564fe2fadd0558g.tex
6639,4407,613,85,0,0,0,0,2023_07_08_86efc62cdfe2f7486ef7g.tex
6510,4407,613,85,0,0,0,0,2023_07_08_86efc62cdfe2f7486ef7g_1.tex
6510,4407,613,85,0,0,0,0,2023_07_08_86efc62cdfe2f7486ef7g_2.tex
8883,6147,886,89,0,0,0,0,2023_07_08_86f7c27abec153f3ccc8g.tex
8350,7489,1109,40,0,0,0,0,2023_07_08_86ff4db5821f7cdbc6bdg.tex
8111,4685,603,55,0,0,0,0,2023_07_08_8713a29d226571d6980fg.tex
3157,1893,297,44,0,0,0,0,2023_07_08_875b8f059e02a6f0ef7dg.tex
8250,6580,1021,119,0,0,0,0,2023_07_08_876757e7787ea8beab35g.tex
7347,5114,780,72,0,0,0,0,2023_07_08_879a627541bc526d28fcg.tex
7553,5477,770,69,1,0,0,0,2023_07_08_87c2bd38fb39345e7a5ag.tex
4434,3320,553,36,0,0,0,0,2023_07_08_87d2d8d732de8594e95cg.tex
7377,5785,803,52,0,0,0,0,2023_07_08_87ec826babbe8149392eg.tex
6472,6033,796,11,0,0,0,0,2023_07_08_88000f573efc91015817g.tex
7424,6722,1220,106,0,0,0,0,2023_07_08_8855c3ee676ece94f926g.tex
6376,4998,806,63,0,0,0,0,2023_07_08_886389fd1d7018b31fb8g.tex
6721,4127,602,50,0,0,0,0,2023_07_08_88722bc0fb9435118325g.tex
7913,5705,812,98,0,0,0,0,2023_07_08_8877f6fef5488c42ca75g.tex
7975,7469,1057,8,0,0,0,0,2023_07_08_887f31c28de81dbce871g.tex
8602,5309,837,104,0,0,0,0,2023_07_08_88a01e5848275f0b0d01g.tex
8448,4094,580,86,0,0,0,0,2023_07_08_88ae8af79d640aaadfbag.tex
7965,6559,952,53,0,0,0,0,2023_07_08_88b014dc7fdc24e86fc9g.tex
7870,4976,699,62,0,0,0,0,2023_07_08_88bc7a546a1d54bb01bdg.tex
7933,5659,867,129,0,0,0,0,2023_07_08_88ce3e7f553102d6cda9g.tex
9009,5754,900,137,0,0,0,0,2023_07_08_891b02faea66ff312144g.tex
6719,4458,736,32,0,0,0,0,2023_07_08_893bd3bc7a4d84bf735fg.tex
7952,6046,993,105,0,0,0,0,2023_07_08_89a3224182ed4430dfd6g.tex
7996,7055,1086,163,0,0,0,0,2023_07_08_89c4bf62c2427fd88dabg.tex
7315,5660,699,39,0,0,0,0,2023_07_08_8a17207e95fac7fb29b0g.tex
6808,4921,792,76,0,0,0,0,2023_07_08_8a4b7839e285a64bb2b8g.tex
7588,5907,941,99,0,0,0,0,2023_07_08_8a51a8d699b0e02608b6g.tex
7855,7067,1122,97,0,0,0,0,2023_07_08_8a6a3df4de6edd7b9078g.tex
7884,6274,842,55,0,0,0,0,2023_07_08_8a6c38fbee1b51b8f364g.tex
8256,5376,868,95,0,0,0,0,2023_07_08_8a8466c5067e34118e0ag.tex
7297,6228,1071,92,0,0,0,0,2023_07_08_8a9436091cb56113c038g.tex
7681,5620,888,108,0,0,0,0,2023_07_08_8aa534aef5f24ad55459g.tex
7182,5558,850,97,0,0,0,0,2023_07_08_8aa54ed9084ff22d63f5g.tex
7142,6073,931,52,0,0,0,0,2023_07_08_8aa88c32ec98c6f40963g.tex
8187,7124,1106,100,0,0,0,0,2023_07_08_8ad070cefcac44b86bd1g.tex
7816,5232,875,96,0,0,0,0,2023_07_08_8b10793ea0eb11b4bbcdg.tex
8845,6999,1039,162,0,0,0,0,2023_07_08_8b18016a1869b77fcb88g.tex
7034,4104,681,75,0,0,0,0,2023_07_08_8b42a2698daf7845520ag.tex
7260,6941,836,7,0,0,0,0,2023_07_08_8b48ee49559a65ebebb2g.tex
7186,5827,987,42,0,0,0,0,2023_07_08_8b590f287a9d8c184fb2g.tex
7863,6486,925,39,0,0,0,0,2023_07_08_8b63c8822573d79bf99fg.tex
7449,6206,1042,54,0,0,0,0,2023_07_08_8b799202d8032fd54578g.tex
7621,7099,1086,39,0,0,0,0,2023_07_08_8b9793d0c74b9050a9d4g.tex
7582,5428,890,75,0,0,0,0,2023_07_08_8b9a6a90fde8b6c584bag.tex
8107,5943,798,56,0,0,0,0,2023_07_08_8bac2044815b1cb06ec9g.tex
6586,5155,741,58,0,0,0,0,2023_07_08_8bb1f80779bcee352811g.tex
6516,5155,741,58,0,0,0,0,2023_07_08_8bb1f80779bcee352811g_1.tex
6516,5155,741,58,0,0,0,0,2023_07_08_8bb1f80779bcee352811g_2.tex
5819,4383,698,48,0,0,0,0,2023_07_08_8bcfebb52dfb6b660c7bg.tex
7098,6431,1084,29,0,0,0,0,2023_07_08_8bd67c04f9e449f1fe06g.tex
7867,6977,1043,59,0,0,0,0,2023_07_08_8c06958fa91b183d22f3g.tex
6934,4374,583,75,0,0,0,0,2023_07_08_8c3d045154f289853bb2g.tex
6774,5079,843,53,0,0,0,0,2023_07_08_8c3d35762ccbde85ffc9g.tex
7258,4822,767,69,0,0,0,0,2023_07_08_8c7ae427795853b272aag.tex
7825,4324,643,57,0,0,0,0,2023_07_08_8ca93aa36bc96f296159g.tex
7738,4881,746,93,0,0,0,0,2023_07_08_8cafb47deb7691fb0255g.tex
7822,5350,838,87,0,0,0,0,2023_07_08_8cb201296fd09384a496g.tex
6539,4697,742,67,0,0,0,0,2023_07_08_8cb6897c9878da8b1127g.tex
7408,5698,951,117,0,0,0,0,2023_07_08_8cbccb94fa0909900897g.tex
8443,6862,1163,101,0,0,0,0,2023_07_08_8d0f2cb65e4a902e249cg.tex
7513,5094,856,57,0,0,0,0,2023_07_08_8d10358811d6fd4e88fag.tex
8084,7459,1049,89,0,0,0,0,2023_07_08_8d116d53cee73b90ebe6g.tex
7000,4334,605,57,0,0,0,0,2023_07_08_8d2572b5e6fd25dd332dg.tex
1043,133,13,0,0,0,0,0,2023_07_08_8d27e084e2b84839495dg.tex
7881,6279,1019,64,0,0,0,0,2023_07_08_8d3c1f7d760f0689d6b6g.tex
6411,4915,684,52,0,0,0,0,2023_07_08_8d4784faa80a9090d7fcg.tex
6654,5139,743,56,0,0,0,0,2023_07_08_8d49d922f4210514a294g.tex
6779,5456,886,58,0,0,0,0,2023_07_08_8d61fac790c7e712526ag.tex
7926,6700,1120,69,0,0,0,0,2023_07_08_8d638532475d349ab56dg.tex
7878,6690,1119,69,0,0,0,0,2023_07_08_8d638532475d349ab56dg_1.tex
7878,6690,1119,69,0,0,0,0,2023_07_08_8d638532475d349ab56dg_2.tex
7583,6765,1014,36,0,0,0,0,2023_07_08_8d6f2c6c44b9dd7a8de6g.tex
7738,6283,897,103,0,0,0,0,2023_07_08_8d82ec22bb03c2a8b4a7g.tex
7865,6612,1021,103,0,0,0,0,2023_07_08_8d865508142b5ca03c82g.tex
8486,6811,1056,90,0,0,0,0,2023_07_08_8d98c09aab91430eacb3g.tex
7516,5875,997,105,0,0,0,0,2023_07_08_8d9dfde7b2228f6af30eg.tex
8427,6666,1041,106,0,0,0,0,2023_07_08_8da52297e07b896662eag.tex
8363,6666,1041,106,0,0,0,0,2023_07_08_8da52297e07b896662eag_1.tex
6663,5396,843,62,0,0,0,0,2023_07_08_8db644432a74151d9e94g.tex
6526,5396,843,62,0,0,0,0,2023_07_08_8db644432a74151d9e94g_1.tex
6526,5396,843,62,0,0,0,0,2023_07_08_8db644432a74151d9e94g_2.tex
7990,6879,1014,96,0,0,0,0,2023_07_08_8db6b8b9b87de43d1d96g.tex
7461,5758,888,115,0,0,0,0,2023_07_08_8dcd02eb7131f9a1f7a4g.tex
8259,5736,865,52,0,0,0,0,2023_07_08_8dcf81f6b607b02073f4g.tex
7512,2612,460,92,0,0,0,0,2023_07_08_8e22c3d619a29d03f3a7g.tex
8286,6737,980,54,0,0,0,0,2023_07_08_8e4f284e1a1aa389603eg.tex
7631,5600,744,57,0,0,0,0,2023_07_08_8e5e7897de5ce1df58c3g.tex
7365,5014,847,113,0,0,0,0,2023_07_08_8e9083e199e704635521g.tex
7240,5014,847,113,0,0,0,0,2023_07_08_8e9083e199e704635521g_1.tex
8104,6004,918,65,0,0,0,0,2023_07_08_8f22faff9fd360b1926dg.tex
8417,5822,957,101,0,0,0,0,2023_07_08_8f8e072abc2c9a5791e8g.tex
8165,6999,1190,103,0,0,0,0,2023_07_08_8f99cca7b8a9e5bc37bfg.tex
8274,7144,1141,104,0,0,0,0,2023_07_08_8f9e6f42ede7c024759fg.tex
7727,6372,953,75,0,0,0,0,2023_07_08_8ffc560a8631169a0dc0g.tex
7082,5690,834,77,0,0,0,0,2023_07_08_8ffe88edd444b4632855g.tex
7742,5845,924,77,0,0,0,0,2023_07_08_9014f55b15cba8ad4da8g.tex
7026,4643,710,90,0,0,0,0,2023_07_08_902704a98ca882315e5dg.tex
7869,5305,897,88,0,0,0,0,2023_07_08_90273463e6e8ac0fe574g.tex
7751,5305,897,88,0,0,0,0,2023_07_08_90273463e6e8ac0fe574g_1.tex
7751,5305,897,88,0,0,0,0,2023_07_08_90273463e6e8ac0fe574g_2.tex
8218,7493,1177,26,0,0,0,0,2023_07_08_9046a89db5838bc7d69dg.tex
6321,5093,749,67,0,0,0,0,2023_07_08_90957a765d49bdbd1442g.tex
6621,5091,808,70,0,0,0,0,2023_07_08_90a68a0dbdc0146d0ae1g.tex
7737,6852,1089,59,0,0,0,0,2023_07_08_90e517fc178273bdd9bbg.tex
7208,4521,708,73,0,0,0,0,2023_07_08_90e83df348d983c2c16bg.tex
7259,4955,793,47,0,0,0,0,2023_07_08_90ec8ec2cbd13716b12fg.tex
8189,7212,1025,87,0,0,0,0,2023_07_08_90f7d2e9b77b78f28b91g.tex
7884,6110,989,131,0,0,0,0,2023_07_08_90fdab0408207554b48ag.tex
8025,6837,1055,66,0,0,0,0,2023_07_08_910555c4afe4699ba1b0g.tex
7472,6174,967,82,0,0,0,0,2023_07_08_91066b24279f7d25f812g.tex
7828,3527,573,108,0,0,0,0,2023_07_08_9141e29a38e1d04c9e66g.tex
7872,7096,971,62,0,0,0,0,2023_07_08_9146d77bde0601423d20g.tex
6538,4080,586,62,0,0,0,0,2023_07_08_914cf68816d6bd2d8c02g.tex
6713,5406,768,37,0,0,0,0,2023_07_08_916d67ec9e67a2d82101g.tex
8471,5846,989,125,0,0,0,0,2023_07_08_9183b728f0460f840497g.tex
7318,5627,955,52,0,0,0,0,2023_07_08_918bdb7941d115a0b4cdg.tex
7413,5867,916,104,0,0,0,0,2023_07_08_918f6af5df828502e219g.tex
8461,2325,469,93,0,0,0,0,2023_07_08_919c7ccdbee16366d8eeg.tex
8101,6765,920,50,0,0,0,0,2023_07_08_91b593083348a328f7c6g.tex
7018,4882,745,100,0,0,0,0,2023_07_08_91b9dede95c244c8aac8g.tex
6900,4882,745,100,0,0,0,0,2023_07_08_91b9dede95c244c8aac8g_1.tex
7509,6712,897,15,0,0,0,0,2023_07_08_91bb9a7be5c242fd5d22g.tex
7478,7002,1003,6,0,0,0,0,2023_07_08_91e92c26ec9dd4f22eccg.tex
7827,5977,837,96,0,0,0,0,2023_07_08_9205c0b73eda86512408g.tex
8457,6724,1011,93,0,0,0,0,2023_07_08_92192123ccecf73c7112g.tex
7740,5421,764,55,0,0,0,0,2023_07_08_921b76621d79d6020c23g.tex
6985,5059,738,51,0,0,0,0,2023_07_08_92374291ac446e37c50ag.tex
8211,6859,1100,130,0,0,0,0,2023_07_08_925b76c2e2d445b97f3ag.tex
6108,2873,472,60,0,0,0,0,2023_07_08_9263da126bf48fa16d0bg.tex
7501,6203,1036,86,0,0,0,0,2023_07_08_9267a2704c6b165ecbc6g.tex
6656,4046,602,68,0,0,0,0,2023_07_08_926f5bd17df092a453f4g.tex
7840,5424,806,121,0,0,0,0,2023_07_08_92768e602869cf74c75cg.tex
7040,5728,840,41,0,0,0,0,2023_07_08_928353487eda67c712b7g.tex
7661,6775,972,48,0,0,0,0,2023_07_08_92899cb916965dcf530ag.tex
7322,5490,828,60,0,0,0,0,2023_07_08_9297a5c444464ea5f4d7g.tex
8271,6279,988,101,0,0,0,0,2023_07_08_929ef9424ba76a743baag.tex
8265,7289,1220,39,0,0,0,0,2023_07_08_92d2de4c9717b5b1369dg.tex
8191,7289,1220,39,0,0,0,0,2023_07_08_92d2de4c9717b5b1369dg_1.tex
8191,7289,1220,39,0,0,0,0,2023_07_08_92d2de4c9717b5b1369dg_2.tex
7981,5379,809,76,1,0,0,0,2023_07_08_92e9610c5e4ea89c35d9g.tex
7716,6120,923,115,0,0,0,0,2023_07_08_9302b0fd09af3f3a3c76g.tex
7394,5693,761,40,0,0,0,0,2023_07_08_931d0e5433f89aa24162g.tex
6999,5357,725,37,0,0,0,0,2023_07_08_934e6e6998a015c5364bg.tex
7997,5525,870,66,0,0,0,0,2023_07_08_936c7cd80b7cc8262864g.tex
7355,4895,675,64,0,0,0,0,2023_07_08_9373f2a1221de245f130g.tex
7889,5894,970,98,0,0,0,0,2023_07_08_937643a20a5ec8e0ca62g.tex
7920,5831,955,82,0,0,0,0,2023_07_08_93a7fdc871b955a716bag.tex
8303,7317,1365,117,0,0,0,0,2023_07_08_93b096cd9b6d8722472eg.tex
7661,6949,1060,42,0,0,0,0,2023_07_08_93b5bbd08e13f9f3e237g.tex
7195,5296,818,89,0,0,0,0,2023_07_08_942fc574167a5863259cg.tex
7430,6531,951,31,0,0,0,0,2023_07_08_9439b72eeb00402cca05g.tex
8284,6957,1107,74,0,0,0,0,2023_07_08_94575f81888ea28059eag.tex
7742,3588,603,108,0,0,0,0,2023_07_08_945b42bd963981a47a9cg.tex
7457,1213,235,38,0,0,0,0,2023_07_08_94773de9ad1821f456d9g.tex
8076,5613,950,120,0,0,0,0,2023_07_08_94943bc1d76b5d7af177g.tex
7583,5030,815,111,0,0,0,0,2023_07_08_9499688adfd493a3ff9ag.tex
6608,4339,681,70,0,0,0,0,2023_07_08_94be429a92f0595341c7g.tex
8074,7110,917,78,0,0,0,0,2023_07_08_94edad980172c6403d7fg.tex
7369,6422,958,39,0,0,0,0,2023_07_08_94fc1f13db7f13f2dfecg.tex
8339,6022,954,111,0,0,0,0,2023_07_08_95205299eccf5a726d7bg.tex
8890,6475,873,85,0,0,0,0,2023_07_08_952a537ec574ebc93c6fg.tex
7502,6058,812,73,0,0,0,0,2023_07_08_954f252581d3d8e6c2d6g.tex
7091,5547,805,63,0,0,0,0,2023_07_08_955595a18e959aa8cc58g.tex
7313,5407,876,106,0,0,0,0,2023_07_08_9565e513c54c2634d177g.tex
7871,6363,1020,86,0,0,0,0,2023_07_08_957be0a4d809783ad108g.tex
7772,6451,1148,109,0,0,0,0,2023_07_08_957bf4058fbc02968d20g.tex
7696,6451,1148,109,0,0,0,0,2023_07_08_957bf4058fbc02968d20g_1.tex
7923,6598,1058,102,0,0,0,0,2023_07_08_957dc0facac708061d1fg.tex
7506,6260,953,88,0,0,0,0,2023_07_08_95899bf309bf47c5ba29g.tex
8235,7274,1146,101,0,0,0,0,2023_07_08_95a6a5180f92b5bc3bb9g.tex
7690,6690,957,30,0,0,0,0,2023_07_08_95c281c18cafbedb8358g.tex
5828,3138,399,25,0,0,0,0,2023_07_08_95d8e737ccb00714ad53g.tex
7296,6216,872,55,0,0,0,0,2023_07_08_95ff634719feaa3d2914g.tex
8808,6229,1060,101,0,0,0,0,2023_07_08_961f8bc73366a5c846c0g.tex
7793,5331,904,81,0,0,0,0,2023_07_08_9626a57e071f2794abb4g.tex
6985,4890,835,123,0,0,0,0,2023_07_08_96275bc28453dd99cc03g.tex
7810,4728,728,107,0,0,0,0,2023_07_08_963152084ee68703f127g.tex
8238,6682,916,111,0,0,0,0,2023_07_08_96375dab37c7c21cc9a4g.tex
7135,5840,750,31,0,0,0,0,2023_07_08_9656bc8b7e8152bfc3d7g.tex
7586,6622,947,43,0,0,0,0,2023_07_08_965bf48406246b9ae951g.tex
7789,6947,965,41,0,0,0,0,2023_07_08_9671d557e7adb966dfaeg.tex
6858,5290,802,46,0,0,0,0,2023_07_08_967a5a8b95a356728587g.tex
6764,5290,802,46,0,0,0,0,2023_07_08_967a5a8b95a356728587g_1.tex
8584,6673,1127,108,0,0,0,0,2023_07_08_967b329ba6d1503c9824g.tex
7446,6303,936,48,0,0,0,0,2023_07_08_968372f36a3d827b1bd5g.tex
8040,7554,1065,26,0,0,0,0,2023_07_08_96a92a12682660dca0b3g.tex
7504,5120,774,70,0,0,0,0,2023_07_08_96be37edcd3af01a4623g.tex
6928,4643,700,78,0,0,0,0,2023_07_08_96cb8de69b5e7bffa466g.tex
6904,4379,616,60,0,0,0,0,2023_07_08_96d490da493f382d6acdg.tex
6763,4379,616,60,0,0,0,0,2023_07_08_96d490da493f382d6acdg_1.tex
6763,4379,616,60,0,0,0,0,2023_07_08_96d490da493f382d6acdg_2.tex
7982,4745,693,66,0,0,0,0,2023_07_08_96dce01cde447f42e1a3g.tex
7748,6477,1072,71,0,0,0,0,2023_07_08_96e3037bae58d29c94ceg.tex
7345,4834,768,107,0,0,0,0,2023_07_08_9720e024fc30ccd61142g.tex
7552,6229,1101,81,0,0,0,0,2023_07_08_972abc3353e9f3082cc2g.tex
7482,6229,1101,81,0,0,0,0,2023_07_08_972abc3353e9f3082cc2g_1.tex
7482,6229,1101,81,0,0,0,0,2023_07_08_972abc3353e9f3082cc2g_2.tex
8656,5706,800,103,1,0,0,0,2023_07_08_972f89e673b784b51111g.tex
7504,5403,825,110,0,0,0,0,2023_07_08_9738f982b18de838571ag.tex
7383,5403,825,110,0,0,0,0,2023_07_08_9738f982b18de838571ag_1.tex
7383,5403,825,110,0,0,0,0,2023_07_08_9738f982b18de838571ag_2.tex
6945,5493,744,44,0,0,0,0,2023_07_08_974393938a0316cdac18g.tex
7296,5845,936,63,0,0,0,0,2023_07_08_9750cb79bde05e1dc0dbg.tex
8115,6309,980,76,0,0,0,0,2023_07_08_97626f6782cd8f41b99fg.tex
8298,5615,811,53,0,0,0,0,2023_07_08_9797221ea1d64105dd3eg.tex
8211,7172,1155,109,0,0,0,0,2023_07_08_979a64ffe75c6c692743g.tex
7472,4632,632,67,0,0,0,0,2023_07_08_97a521938659bd833f78g.tex
8705,6557,1007,64,0,0,0,0,2023_07_08_97aced4d527275a58548g.tex
8182,6305,1017,85,0,0,0,0,2023_07_08_97bab18d929a2fef6359g.tex
7788,6611,1034,97,0,0,0,0,2023_07_08_97c184074b08ad54a5a1g.tex
7228,6157,905,51,0,0,0,0,2023_07_08_97d96d8c997b5528dd1eg.tex
7161,6157,905,51,0,0,0,0,2023_07_08_97d96d8c997b5528dd1eg_1.tex
7161,6157,905,51,0,0,0,0,2023_07_08_97d96d8c997b5528dd1eg_2.tex
7768,6980,1120,88,0,0,0,0,2023_07_08_97dba51242749ce241eag.tex
7703,5792,899,75,0,0,0,0,2023_07_08_97f354e49bc6286870e1g.tex
7667,5868,831,66,0,0,0,0,2023_07_08_9802e4b27348ed8fbb66g.tex
6855,4558,677,102,0,0,0,0,2023_07_08_9817f3118b0340c968b1g.tex
7559,6149,853,48,0,0,0,0,2023_07_08_98557841894c477cec3fg.tex
7915,6721,1022,75,0,0,0,0,2023_07_08_98577cdce04ae50b5d46g.tex
7585,5915,870,79,0,0,0,0,2023_07_08_985fadb6fe231747ee31g.tex
7770,5329,764,62,0,0,0,0,2023_07_08_986dc2714f88fef4aeceg.tex
7973,6583,1013,76,0,0,0,0,2023_07_08_987dea0051292e04e1bbg.tex
8061,6437,926,86,0,0,0,0,2023_07_08_989a9cd14804ff19bc18g.tex
8595,5762,855,144,0,0,0,0,2023_07_08_98aa1b8324252552db66g.tex
7789,5783,780,47,0,0,0,0,2023_07_08_98d504b7a55080e2c946g.tex
8048,3802,531,60,0,0,0,0,2023_07_08_98e1c8f90ad073055f68g.tex
7553,5981,843,47,0,0,0,0,2023_07_08_9900ef8fdab4181ababfg.tex
8118,6594,1047,119,0,0,0,0,2023_07_08_992d51f6758fae54d835g.tex
6932,5592,862,55,0,0,0,0,2023_07_08_9947bbae598715d8a08ag.tex
7740,7206,953,19,0,0,0,0,2023_07_08_9967e098186af95f106fg.tex
8916,7238,1258,157,0,0,0,0,2023_07_08_996914c2f306bb417c67g.tex
7455,6645,1068,53,0,0,0,0,2023_07_08_9998b5054a910fe7caf2g.tex
8005,5694,874,120,0,0,0,0,2023_07_08_99ad3f0cfaf8fa3ddf45g.tex
7554,5570,867,74,0,0,0,0,2023_07_08_99bfa5b1dbb4ba5ec314g.tex
7293,6821,957,32,0,0,0,0,2023_07_08_99c708c17ba49d332fb3g.tex
7113,5747,825,116,0,0,0,0,2023_07_08_99fc39400e04126242acg.tex
1751,1503,231,4,0,0,0,0,2023_07_08_9a04ab46fcd8dce4e02ag.tex
7615,5138,755,49,0,0,0,0,2023_07_08_9a1a2416743cc3a756b6g.tex
7942,6261,962,23,0,0,0,0,2023_07_08_9a355b7b0893e4c785b0g.tex
7783,6092,950,66,0,0,0,0,2023_07_08_9a36869637cd57e68517g.tex
7145,5795,799,45,0,0,0,0,2023_07_08_9a4f33408b62dbb53d32g.tex
7228,5850,905,36,0,0,0,0,2023_07_08_9a6b1ac637d5c77ab762g.tex
7923,6649,1044,87,0,0,0,0,2023_07_08_9a7e23e0b0b5d6b774edg.tex
8164,5976,972,89,0,0,0,0,2023_07_08_9ab9b4d2dada184aea01g.tex
7427,5911,911,46,0,0,0,0,2023_07_08_9abc0915a917230e4b1dg.tex
7855,6021,872,70,0,0,0,0,2023_07_08_9af99876bc6e65484517g.tex
7215,6545,899,14,0,0,0,0,2023_07_08_9af9c8fa6e2b1f3c0653g.tex
7791,5971,1005,86,0,0,0,0,2023_07_08_9afa31fbf87889a86c32g.tex
8487,7136,1202,108,0,0,0,0,2023_07_08_9b07bd56cda80ab842adg.tex
6273,5639,886,33,0,0,0,0,2023_07_08_9b121d34e5d3e1397170g.tex
7844,6357,918,40,0,0,0,0,2023_07_08_9b12c6b21dc0ad212a47g.tex
7477,5833,933,74,0,0,0,0,2023_07_08_9b23cc99a0fb08abbcc5g.tex
8685,7103,1169,88,0,0,0,0,2023_07_08_9b382d9aca2441937daag.tex
8630,7103,1169,88,0,0,0,0,2023_07_08_9b382d9aca2441937daag_1.tex
8630,7103,1169,88,0,0,0,0,2023_07_08_9b382d9aca2441937daag_2.tex
7472,5343,769,66,0,0,0,0,2023_07_08_9b5e06f08a8f74a0a2dcg.tex
8026,6213,1010,63,0,0,0,0,2023_07_08_9b601c195a6aca2d899eg.tex
7944,5866,955,88,0,0,0,0,2023_07_08_9b76809af7687defefa3g.tex
7794,6396,928,53,0,0,0,0,2023_07_08_9b86fd2cc00317c73d3eg.tex
8396,5013,691,65,0,0,0,0,2023_07_08_9baa14bdd3436347811dg.tex
7314,1781,243,47,0,0,0,0,2023_07_08_9bcf2bcecd092a3a2650g.tex
7696,4458,601,61,0,0,0,0,2023_07_08_9bd4afc497db0b41ea3bg.tex
7522,6636,1003,81,0,0,0,0,2023_07_08_9bf6e268ab5287f3d2a9g.tex
7948,5894,832,52,0,0,0,0,2023_07_08_9c0087509f66dfbd0017g.tex
7293,6122,993,104,0,0,0,0,2023_07_08_9c3078b35a69f37c86adg.tex
7766,7067,995,122,0,0,0,0,2023_07_08_9c33923686002d377ecag.tex
6495,5414,720,25,0,0,0,0,2023_07_08_9c4402da2c12a779b413g.tex
7830,5416,839,102,0,0,0,0,2023_07_08_9cb5cdbf31d05a67de57g.tex
8154,6279,1063,67,0,0,0,0,2023_07_08_9cc65a62c0e261d91a5bg.tex
7897,6856,932,34,0,0,0,0,2023_07_08_9cd251889cac07d961b4g.tex
7422,5535,882,116,0,0,0,0,2023_07_08_9d0bc4ed4e76198d8e83g.tex
8107,6555,1065,63,0,0,0,0,2023_07_08_9d0fa38e9dbccfad0748g.tex
7594,6347,939,66,0,0,0,0,2023_07_08_9d1985492639f30622ccg.tex
9362,7563,1355,115,0,0,0,0,2023_07_08_9d213eee0879b0078855g.tex
5956,4366,586,42,0,0,0,0,2023_07_08_9d22aceb44311e4aa8f5g.tex
7473,7114,1160,33,0,0,0,0,2023_07_08_9d300cd871b487164be0g.tex
7463,5354,813,69,0,0,0,0,2023_07_08_9d452c1b4b93ab770adcg.tex
7047,5701,867,89,0,0,0,0,2023_07_08_9dabc03e20f50486afc4g.tex
4242,3047,422,49,0,0,0,0,2023_07_08_9db603c86eb97828a542g.tex
8094,5425,824,60,0,0,0,0,2023_07_08_9dc3caf9b94755caecdcg.tex
7969,5925,912,79,0,0,0,0,2023_07_08_9ddb4ecabe049c4b2562g.tex
7455,5706,996,89,0,0,0,0,2023_07_08_9df74ba244bdf3443fd3g.tex
7343,5706,996,89,0,0,0,0,2023_07_08_9df74ba244bdf3443fd3g_1.tex
7343,5706,996,89,0,0,0,0,2023_07_08_9df74ba244bdf3443fd3g_2.tex
5011,3390,543,54,0,0,0,0,2023_07_08_9df97fab341f1df75551g.tex
7601,6364,882,39,0,0,0,0,2023_07_08_9e2ebf3f03d93a2e8cc1g.tex
6872,5564,752,57,0,0,0,0,2023_07_08_9e53000da0d7cf269d3fg.tex
6092,3737,576,61,0,0,0,0,2023_07_08_9e7dd356cc677b0300d1g.tex
7212,4842,657,55,0,0,0,0,2023_07_08_9ecb04df46d074a2d0abg.tex
7227,6760,935,12,0,0,0,0,2023_07_08_9eef57c51a3887b66072g.tex
6818,5485,764,47,0,0,0,0,2023_07_08_9f4b8e6d625d6e9c11f5g.tex
7046,4907,743,71,0,0,0,0,2023_07_08_9f60c6de6ecb6aaa38cdg.tex
7756,5671,893,129,0,0,0,0,2023_07_08_9f6926b2d7433e278b85g.tex
8556,6862,1086,148,0,0,0,0,2023_07_08_9f7810f3fb160459361ag.tex
7516,6303,852,45,0,0,0,0,2023_07_08_9f7e08335ddd930684d2g.tex
7162,5776,850,56,0,0,0,0,2023_07_08_9faa896ddfd103075430g.tex
7680,6254,946,85,0,0,0,0,2023_07_08_9fc0c80e762309bd6850g.tex
8126,7284,1238,70,0,0,0,0,2023_07_08_9fc42f7708bc1cbd8a4bg.tex
7141,5801,963,70,0,0,0,0,2023_07_08_9fd7e2afa58e9f5e43d9g.tex
7047,5801,963,70,0,0,0,0,2023_07_08_9fd7e2afa58e9f5e43d9g_1.tex
7047,5801,963,70,0,0,0,0,2023_07_08_9fd7e2afa58e9f5e43d9g_2.tex
3310,2152,402,55,0,0,0,0,2023_07_08_9fe714af5b4a775bdf42g.tex
7362,6233,884,55,0,0,0,0,2023_07_08_9feb2894d2d8f2b24cc5g.tex
7618,6478,986,36,0,0,0,0,2023_07_08_9fedfda03fd5c3eeec0fg.tex
7089,5782,880,69,0,0,0,0,2023_07_08_a020e7757b2915506688g.tex
6511,5604,802,24,0,0,0,0,2023_07_08_a0294db304cb795d3910g.tex
6231,4498,641,59,0,0,0,0,2023_07_08_a044ac68dda77f6b28dfg.tex
6447,4282,675,74,0,0,0,0,2023_07_08_a05194fee674a8d5d584g.tex
7686,5513,804,93,0,0,0,0,2023_07_08_a0886cd7570683a18f26g.tex
7949,6031,978,76,0,0,0,0,2023_07_08_a0a51bf3ea43a5a2f4a3g.tex
7709,5857,965,90,0,0,0,0,2023_07_08_a0b2d380b4a5d9bd0f8fg.tex
8258,3177,447,69,0,0,0,0,2023_07_08_a0c178bbbeb3e4117903g.tex
7783,6790,1053,130,0,0,0,0,2023_07_08_a0e4e9bcdb835998fdc1g.tex
7850,6448,897,52,0,0,0,0,2023_07_08_a12afbd3b6e562bd3f97g.tex
7296,6487,786,17,0,0,0,0,2023_07_08_a139451efc7b4b92626eg.tex
8551,5434,814,76,0,0,0,0,2023_07_08_a142e31017082fa70ad9g.tex
7357,6819,969,14,0,0,0,0,2023_07_08_a157b88fc48b910bde7eg.tex
7930,5612,864,103,0,0,0,0,2023_07_08_a15ebcd4a70254037739g.tex
6922,6013,857,40,0,0,0,0,2023_07_08_a16129f8a6e6b634a6bdg.tex
7348,5811,850,75,0,0,0,0,2023_07_08_a185f34fbfdb2aad6b4ag.tex
8471,6110,1058,130,0,0,0,0,2023_07_08_a19bc9ba400ddb0315fag.tex
7819,6633,1043,122,0,0,0,0,2023_07_08_a1af8433f9fd6a341c62g.tex
8597,6290,1045,122,0,0,0,0,2023_07_08_a1e4e87ac13065c930bfg.tex
7173,4601,700,90,0,0,0,0,2023_07_08_a1fc7a690e785ebeb419g.tex
7275,5036,805,70,0,0,0,0,2023_07_08_a2078f4cfd8fe417b96bg.tex
6962,5248,828,85,0,0,0,0,2023_07_08_a21dfacf454f5bf38c7eg.tex
8213,7083,1122,107,0,0,0,0,2023_07_08_a220d06e0832d4cad72dg.tex
7985,6996,1042,122,0,0,0,0,2023_07_08_a23d6ed04eab76000fbag.tex
8114,6776,1057,120,0,0,0,0,2023_07_08_a24b0b5483a5fb994c38g.tex
8063,5977,1023,84,0,0,0,0,2023_07_08_a251686717f475a74d62g.tex
8003,6781,1137,82,0,0,0,0,2023_07_08_a257c047d1457b99002cg.tex
7205,5623,847,38,0,0,0,0,2023_07_08_a25b41728528f124d2d6g.tex
7981,6226,960,80,0,0,0,0,2023_07_08_a266c67f8a8cae16722eg.tex
7562,5477,695,55,0,0,0,0,2023_07_08_a26bb848b748ced113e5g.tex
7654,6047,1011,97,0,0,0,0,2023_07_08_a286c99db60768a79fabg.tex
7461,6563,881,31,0,0,0,0,2023_07_08_a2a84a761ff014af354dg.tex
7400,6563,881,31,0,0,0,0,2023_07_08_a2a84a761ff014af354dg_1.tex
7400,6563,881,31,0,0,0,0,2023_07_08_a2a84a761ff014af354dg_2.tex
7773,6454,1006,98,0,0,0,0,2023_07_08_a2ce91c20f2b95be471fg.tex
7496,7064,1163,45,0,0,0,0,2023_07_08_a2dd2946f4b02d7b6736g.tex
11670,5947,973,152,0,0,0,0,2023_07_08_a2e4d54377a57c634e91g.tex
6700,4797,693,80,0,0,0,0,2023_07_08_a2f209ae189c05445eecg.tex
6641,4646,708,84,0,0,0,0,2023_07_08_a314cb6f9190f5f3643fg.tex
8497,2818,484,95,0,0,0,0,2023_07_08_a35061c9d8406fa6eb93g.tex
7451,3688,502,81,0,0,0,0,2023_07_08_a3b452e659093a9a7975g.tex
6926,4377,718,63,0,0,0,0,2023_07_08_a3e2978e15b748cab61cg.tex
7339,5189,756,47,0,0,0,0,2023_07_08_a41b4eb9aa245ed89faag.tex
6907,5489,883,41,0,0,0,0,2023_07_08_a44250abbaf322e76760g.tex
6809,5558,799,46,0,0,0,0,2023_07_08_a4522ef0cca2085c5bf6g.tex
7307,7017,894,5,0,0,0,0,2023_07_08_a495fd79065b982fefcfg.tex
6568,3367,528,77,0,0,0,0,2023_07_08_a4a5be0aed18fae44394g.tex
7901,6042,794,54,0,0,0,0,2023_07_08_a4b7a776f116687c15d1g.tex
7953,6711,1134,82,0,0,0,0,2023_07_08_a4c689d64ab35a0d71f3g.tex
7900,5983,971,138,0,0,0,0,2023_07_08_a4cb5410d2d985059f89g.tex
7265,2702,516,66,0,0,0,0,2023_07_08_a4f9dac4d1c7dcb0b88bg.tex
7530,5721,906,98,0,0,0,0,2023_07_08_a51997adfc4b1d7559afg.tex
8055,7241,1088,103,0,0,0,0,2023_07_08_a5394a08da5bb811c420g.tex
7961,5759,890,72,0,0,0,0,2023_07_08_a5425cdd9b8eae31d140g.tex
8350,6980,1102,108,0,0,0,0,2023_07_08_a546474c621519188ba4g.tex
7490,6030,862,34,0,0,0,0,2023_07_08_a58656dfc647e6710a97g.tex
8294,5966,1068,92,0,0,0,0,2023_07_08_a5c49a99e2253cc67b14g.tex
7742,5886,867,106,0,0,0,0,2023_07_08_a5c625c105aa6ffa0580g.tex
8110,6993,1024,111,0,0,0,0,2023_07_08_a5d06adc53250a73460eg.tex
7202,5797,829,62,0,0,0,0,2023_07_08_a5e666ed1db38b95dfd2g.tex
8209,7161,1100,99,0,0,0,0,2023_07_08_a6004d10ce20fbaba52cg.tex
7122,4574,757,88,0,0,0,0,2023_07_08_a60c4e5ce8f2d22fd47cg.tex
8439,7329,1115,111,0,0,0,0,2023_07_08_a610a5a2eea8429141b4g.tex
8063,6352,964,56,0,0,0,0,2023_07_08_a64aaae930ef812b9606g.tex
7507,6451,843,38,0,0,0,0,2023_07_08_a64f6fd79774dd23de19g.tex
7441,6451,843,38,0,0,0,0,2023_07_08_a64f6fd79774dd23de19g_1.tex
7441,6451,843,38,0,0,0,0,2023_07_08_a64f6fd79774dd23de19g_2.tex
7710,5772,1016,48,0,0,0,0,2023_07_08_a663c612869741694c5fg.tex
7601,5772,1016,48,0,0,0,0,2023_07_08_a663c612869741694c5fg_1.tex
6248,5471,756,48,0,0,0,0,2023_07_08_a66d1a1bad49b81855ccg.tex
8109,6451,1027,110,0,0,0,0,2023_07_08_a6a2494a29728a6cb415g.tex
7994,7496,1204,51,0,0,0,0,2023_07_08_a6a7a0bbe7788c00e923g.tex
6547,5421,870,77,0,0,0,0,2023_07_08_a70f97393c1fd3389e68g.tex
7440,5512,816,64,0,0,0,0,2023_07_08_a710d8ec4a1fac92c253g.tex
8219,7072,1174,68,0,0,0,0,2023_07_08_a716e8775d706e56140bg.tex
7963,7090,1200,105,0,0,0,0,2023_07_08_a72817f18096eed045a2g.tex
7595,6897,970,78,0,0,0,0,2023_07_08_a72b96080d17848aa09bg.tex
7634,6101,909,35,0,0,0,0,2023_07_08_a75c007909bacfb3d9b8g.tex
8544,7337,1141,165,1,0,0,0,2023_07_08_a793797e6ead4d1fe06cg.tex
9336,6264,857,105,0,0,0,0,2023_07_08_a7d4be26cd20cd37c426g.tex
7126,5130,812,127,0,0,0,0,2023_07_08_a7eff6536fe90c333b24g.tex
7713,6545,1042,106,0,0,0,0,2023_07_08_a84a184c5e92a429eee2g.tex
8008,6418,1094,89,0,0,0,0,2023_07_08_a8574ed425b8d913ed3eg.tex
7270,5351,921,117,0,0,0,0,2023_07_08_a885bf46aa4d498d6b5bg.tex
6981,5119,869,51,0,0,0,0,2023_07_08_a8a25b6cc545dbbb22d4g.tex
7736,6102,740,42,0,0,0,0,2023_07_08_a8a4ddd1c4dc7be0415ag.tex
7182,5754,837,84,1,0,0,0,2023_07_08_a8acd95a5c25b760752cg.tex
6920,5008,713,49,0,0,0,0,2023_07_08_a8b5c42eb2dbba050275g.tex
7779,5991,957,104,0,0,0,0,2023_07_08_a90b87dc13115b6ec664g.tex
8020,7545,1106,71,0,0,0,0,2023_07_08_a93434d0378dda77dae8g.tex
7329,6938,820,81,0,0,0,0,2023_07_08_a947dcff675a48887cb6g.tex
7764,5109,700,60,0,0,0,0,2023_07_08_a957fb82d9960e552508g.tex
7754,6233,974,95,0,0,0,0,2023_07_08_a95a1192c2755be68898g.tex
7870,5991,744,51,0,0,0,0,2023_07_08_a97325c8e042edc505c2g.tex
8065,5340,935,48,0,0,0,0,2023_07_08_a97cb785943adfbdc2b1g.tex
7919,5340,935,48,0,0,0,0,2023_07_08_a97cb785943adfbdc2b1g_1.tex
7919,5340,935,48,0,0,0,0,2023_07_08_a97cb785943adfbdc2b1g_2.tex
6851,4277,649,102,0,0,0,0,2023_07_08_a99663d1c17a0847ac90g.tex
8089,5603,895,87,0,0,0,0,2023_07_08_a99fb65d52b45f5c54eag.tex
7961,6804,897,25,0,0,0,0,2023_07_08_a9ba28ed3c8fa0aa3f01g.tex
7441,4896,689,70,0,0,0,0,2023_07_08_a9e15f943a222d14d276g.tex
7227,5502,853,75,0,0,0,0,2023_07_08_a9e168b71fda2e74d177g.tex
8532,6585,1002,83,0,0,0,0,2023_07_08_a9f38239f09644a75cb2g.tex
7023,5257,864,112,0,0,0,0,2023_07_08_aa40ca56226a3515785dg.tex
7584,5763,813,47,0,0,0,0,2023_07_08_aa4c74f51d6ca8044ff1g.tex
7641,6132,979,51,0,0,0,0,2023_07_08_aa4d939bf5f607849ccbg.tex
7824,6830,1071,94,0,0,0,0,2023_07_08_aa53b05008ba4a20d388g.tex
8310,6816,1058,121,0,0,0,0,2023_07_08_aa5e126cb9ad41bb12adg.tex
8131,7020,1162,124,0,0,0,0,2023_07_08_aa9667307cc906f6bc7fg.tex
7107,5723,828,46,0,0,0,0,2023_07_08_aa9a750ffe400de9c99dg.tex
7430,6164,988,61,0,0,0,0,2023_07_08_aac53d80061469d03d7bg.tex
8273,6510,1061,135,0,0,0,0,2023_07_08_aad1bfea06e6f099708dg.tex
7312,6226,1028,38,0,0,0,0,2023_07_08_ab20e83095e9e0f58f4cg.tex
8305,6026,944,113,0,0,0,0,2023_07_08_ab26f5062ceb5fbbeaf9g.tex
7430,4120,609,68,0,0,0,0,2023_07_08_ab36c0bb9fc299a322adg.tex
6673,5462,857,57,0,0,0,0,2023_07_08_ab49259018adae743264g.tex
7468,5991,873,68,0,0,0,0,2023_07_08_ab7ae336e5c248942331g.tex
8315,6197,964,120,0,0,0,0,2023_07_08_ab8af2c5375172152efcg.tex
7179,6378,902,26,0,0,0,0,2023_07_08_ab9b00668d8f16206ac2g.tex
6539,5650,783,31,0,0,0,0,2023_07_08_ab9becd712cc5b4f1b92g.tex
6488,5650,783,31,0,0,0,0,2023_07_08_ab9becd712cc5b4f1b92g_1.tex
6488,5650,783,31,0,0,0,0,2023_07_08_ab9becd712cc5b4f1b92g_2.tex
7470,5025,671,85,0,0,0,0,2023_07_08_ab9c2d71f923d0ad9a2dg.tex
8002,6095,892,102,0,0,0,0,2023_07_08_abecd72a7a11a15ff7fdg.tex
8023,5132,785,95,0,0,0,0,2023_07_08_ac33147d4973b098e9edg.tex
7532,6214,1051,180,0,0,0,0,2023_07_08_ac5de0e055c6d23521ceg.tex
7409,6214,1051,180,0,0,0,0,2023_07_08_ac5de0e055c6d23521ceg_1.tex
7409,6214,1051,180,0,0,0,0,2023_07_08_ac5de0e055c6d23521ceg_2.tex
8244,5366,901,80,0,0,0,0,2023_07_08_ac6d1fcd937651b94e6fg.tex
7180,5194,767,88,0,0,0,0,2023_07_08_ac7596cdc1ca17cbd54fg.tex
7611,6860,1012,33,0,0,0,0,2023_07_08_ac7c70e360f6c721b1cbg.tex
8215,4387,680,89,0,0,0,0,2023_07_08_ac85a1a23b7d406e3d75g.tex
5490,3207,481,38,0,0,0,0,2023_07_08_ac8c49c3a328eb81cf53g.tex
7809,5598,889,87,0,0,0,0,2023_07_08_acce1153832edf86e4c2g.tex
7394,7126,938,13,0,0,0,0,2023_07_08_ad33d15d54b909dfacb2g.tex
7724,5301,843,85,0,0,0,0,2023_07_08_ad3d95c005bb772b759eg.tex
7947,6122,982,56,0,0,0,0,2023_07_08_ad502336b83fb2ccd730g.tex
5900,4308,644,40,0,0,0,0,2023_07_08_ad66712331f78cc2ab25g.tex
7878,4620,643,85,0,0,0,0,2023_07_08_ad6c4722c6d16a930e35g.tex
8033,5529,801,94,0,0,0,0,2023_07_08_ad79bb55d326169e0855g.tex
7871,7336,1213,76,0,0,0,0,2023_07_08_ad80681197cf6b3868b3g.tex
7538,5986,757,53,0,0,0,0,2023_07_08_ad9c8ae2b58a2eb87316g.tex
7698,6601,1123,82,0,0,0,0,2023_07_08_addcc7d9388fecaf4b44g.tex
8581,6767,1086,63,0,0,0,0,2023_07_08_adf587383307ff1b6a8fg.tex
6702,5213,798,111,0,0,0,0,2023_07_08_adf5ff829bd898a9c030g.tex
7815,5086,853,68,0,0,0,0,2023_07_08_ae08195fc6a126688e18g.tex
8614,7498,952,34,0,0,0,0,2023_07_08_ae1797ee0b7ed9730c8ag.tex
7313,6392,971,62,0,0,0,0,2023_07_08_ae3d3b12d8508c9f24c6g.tex
7246,6392,971,62,0,0,0,0,2023_07_08_ae3d3b12d8508c9f24c6g_1.tex
7246,6392,971,62,0,0,0,0,2023_07_08_ae3d3b12d8508c9f24c6g_2.tex
7400,6515,1032,87,0,0,0,0,2023_07_08_ae3f414d6a038f2c195bg.tex
8111,6679,958,43,0,0,0,0,2023_07_08_ae406c36ad9b7429dac4g.tex
7759,6814,976,41,0,0,0,0,2023_07_08_ae44b03b79877647c9c1g.tex
8252,6316,913,94,0,0,0,0,2023_07_08_ae455b7a522926e1cbfdg.tex
6865,5061,792,94,0,0,0,0,2023_07_08_ae58533dcd106adc3722g.tex
7975,6424,936,110,0,0,0,0,2023_07_08_ae74517df77f62e0e9a3g.tex
5928,4733,681,29,0,0,0,0,2023_07_08_ae95fd759310c41356c9g.tex
6127,3227,522,58,0,0,0,0,2023_07_08_aedb0accd64e56ce7ca1g.tex
7778,6231,967,82,0,0,0,0,2023_07_08_aeed0f483b94e904231eg.tex
7410,5198,696,79,0,0,0,0,2023_07_08_af0cc38323e3bf5c8e0bg.tex
8303,7096,1067,108,0,0,0,0,2023_07_08_af2b8d55b0638601d188g.tex
8510,7125,1182,137,0,0,0,0,2023_07_08_af46e8315b519f82b972g.tex
6838,5671,846,72,0,0,0,0,2023_07_08_af7bd6ad0ecbc25b8731g.tex
8014,5195,837,97,0,0,0,0,2023_07_08_af98fa99cc6910b9d79dg.tex
8387,4850,800,102,0,0,0,0,2023_07_08_af99ab77409529be8c72g.tex
7093,4300,672,32,0,0,0,0,2023_07_08_af9e0987b930353ff8b1g.tex
9836,5946,961,173,0,0,0,0,2023_07_08_afcdac7ef8d5592acaacg.tex
8119,3042,484,79,0,0,0,0,2023_07_08_afe818066d86c9108130g.tex
7938,4705,670,79,0,0,0,0,2023_07_08_afec0844b9af4018c7a6g.tex
7626,5006,826,98,0,0,0,0,2023_07_08_afee34ab422a559a0f7dg.tex
7257,4878,765,66,0,0,0,0,2023_07_08_b00c2c51663e0706bbd8g.tex
7858,5115,800,117,0,0,0,0,2023_07_08_b017ec827dff71a489bcg.tex
7939,6715,981,117,0,0,0,0,2023_07_08_b02180d7334d2d7e38ffg.tex
7883,3931,715,118,0,0,0,0,2023_07_08_b05f01e97096297b5a71g.tex
7306,4734,593,35,0,0,0,0,2023_07_08_b0c7b288ff1b153c8ba1g.tex
7489,5735,860,40,0,0,0,0,2023_07_08_b0cc096e8af970ca474ag.tex
7344,5935,826,104,0,0,0,0,2023_07_08_b0f465aaf076579df2a0g.tex
7259,5906,856,51,0,0,0,0,2023_07_08_b108c961febc6794db29g.tex
4069,2678,443,39,0,0,0,0,2023_07_08_b113e613062582e094beg.tex
8050,5506,904,59,0,0,0,0,2023_07_08_b12a30ddd1d69094bec0g.tex
6560,5074,717,80,0,0,0,0,2023_07_08_b1348817283dcae1e672g.tex
6443,5074,717,80,0,0,0,0,2023_07_08_b1348817283dcae1e672g_1.tex
6443,5074,717,80,0,0,0,0,2023_07_08_b1348817283dcae1e672g_2.tex
7261,4386,785,60,0,0,0,0,2023_07_08_b1613c0178cf83a70b79g.tex
7259,4679,731,70,0,0,0,0,2023_07_08_b188dfbbeb50060f0f46g.tex
7334,5581,910,94,0,0,0,0,2023_07_08_b18b248be5bc1634e171g.tex
7391,6191,1006,57,0,0,0,0,2023_07_08_b2337f744015a1e0166bg.tex
7640,5543,764,56,0,0,0,0,2023_07_08_b26dd71df854d4daf2e2g.tex
7705,7207,1033,89,0,0,0,0,2023_07_08_b27e03a9a71b0e2d13ceg.tex
8467,5507,887,140,0,0,0,0,2023_07_08_b284cc313350bc40950ag.tex
6707,4708,611,33,0,0,0,0,2023_07_08_b28afe8d0df10418339bg.tex
8905,6831,1155,150,0,0,0,0,2023_07_08_b28d10b5fdc875f6648ag.tex
8006,5403,766,76,0,0,0,0,2023_07_08_b2c74f9e15b600713309g.tex
6674,4085,625,65,0,0,0,0,2023_07_08_b2cacff18e03d77b07e4g.tex
7051,3958,594,62,0,0,0,0,2023_07_08_b2dbe245adc3f4db10bcg.tex
7716,5651,748,79,0,0,0,0,2023_07_08_b2e797430498215b92bdg.tex
7830,5338,788,100,0,0,0,0,2023_07_08_b2ebc088b14127cf02d9g.tex
9582,6075,1009,138,0,0,0,0,2023_07_08_b2edad69333226fc5e61g.tex
6624,4970,640,42,0,0,0,0,2023_07_08_b2ff8eefc813d5310b00g.tex
7001,4911,768,81,0,0,0,0,2023_07_08_b30b93d90608076916e5g.tex
7870,5255,796,70,0,0,0,0,2023_07_08_b320ce977ac150bf330fg.tex
7627,6841,1113,116,0,0,0,0,2023_07_08_b32d44892875a9760e0bg.tex
7689,6783,1005,79,0,0,0,0,2023_07_08_b3417e1b784a83c3cb29g.tex
6803,5426,709,66,0,0,0,0,2023_07_08_b343f98a53f3ed84254cg.tex
7802,5814,768,106,0,0,0,0,2023_07_08_b360fad42f3482b2227ag.tex
7321,6606,993,76,0,0,0,0,2023_07_08_b3641dbfa9b935358e74g.tex
7386,6016,1042,136,0,0,0,0,2023_07_08_b3a169001b5c75bfc81eg.tex
7133,6870,886,12,0,0,0,0,2023_07_08_b3ab4473dfe18d05a9fdg.tex
8018,5582,736,62,0,0,0,0,2023_07_08_b3bad2d0861b6bf1b4dag.tex
7315,4120,559,47,0,0,0,0,2023_07_08_b3c567f5b0ad73774907g.tex
7429,4670,748,87,0,0,0,0,2023_07_08_b3cb7ce398bb380600eeg.tex
8225,7017,1112,93,0,0,0,0,2023_07_08_b3e078d8a532bb27b947g.tex
7878,7255,1243,84,0,0,0,0,2023_07_08_b3e6fc972acf88abb003g.tex
7831,5953,824,59,0,0,0,0,2023_07_08_b3f998edd0a948019e57g.tex
6489,4084,618,92,0,0,0,0,2023_07_08_b402878f3688acf1a437g.tex
7644,5940,761,18,0,0,0,0,2023_07_08_b406f9ad4e884a903ac9g.tex
8334,6223,1079,122,0,0,0,0,2023_07_08_b42ba164ee97cbb08a3eg.tex
6877,4266,641,66,0,0,0,0,2023_07_08_b43028b0101ca7028f25g.tex
7662,5935,788,61,0,0,0,0,2023_07_08_b4323053463fa527000bg.tex
6512,5285,704,33,0,0,0,0,2023_07_08_b44f738094efde8251f4g.tex
7228,5929,948,37,0,0,0,0,2023_07_08_b453bb39af2d598eb48cg.tex
7463,6593,1028,84,0,0,0,0,2023_07_08_b4696b88eb19d8797da4g.tex
8816,7216,1168,115,0,0,0,0,2023_07_08_b46b5526723b60c60b30g.tex
7952,7231,1163,83,0,0,0,0,2023_07_08_b46c305ab008f68c1f37g.tex
7069,3630,593,74,0,0,0,0,2023_07_08_b478b332a06e68c92516g.tex
6971,5092,717,58,0,0,0,0,2023_07_08_b4a19650cf8ecc3dab03g.tex
7590,5649,916,121,0,0,0,0,2023_07_08_b4b04cb613921a0dd28cg.tex
6544,4319,704,58,0,0,0,0,2023_07_08_b4b0753994612a7a6d57g.tex
7928,7089,1211,163,0,0,0,0,2023_07_08_b4c581cdab65c3b28d25g.tex
7003,6311,890,55,0,0,0,0,2023_07_08_b4c9efe0d7c5a69e8cddg.tex
6303,3935,605,53,0,0,0,0,2023_07_08_b4e14471b52b906709f6g.tex
7704,7114,916,34,0,0,0,0,2023_07_08_b505ed71489034d484e1g.tex
7814,7097,983,51,0,0,0,0,2023_07_08_b509539db575a8fc3d3dg.tex
7801,6943,1080,54,0,0,0,0,2023_07_08_b51a7cc625e777770c3fg.tex
8174,6655,1220,146,0,0,0,0,2023_07_08_b521724f88547b931587g.tex
7610,6669,988,67,0,0,0,0,2023_07_08_b53ef48e102e747f347bg.tex
7979,7433,1199,51,0,0,0,0,2023_07_08_b5476ac7ea3089ec484bg.tex
8182,5346,789,100,0,0,0,0,2023_07_08_b563a190234478097139g.tex
8176,4649,668,61,0,0,0,0,2023_07_08_b566aeb214f4f23638a8g.tex
7981,6364,966,110,0,0,0,0,2023_07_08_b567a9a577a1a1b549adg.tex
6959,4720,712,59,0,0,0,0,2023_07_08_b56b7c137b9c0f1c8190g.tex
8237,6286,1018,111,0,0,0,0,2023_07_08_b58231814c0941a4cb42g.tex
8117,5850,813,59,0,0,0,0,2023_07_08_b598beb1a371ffb7f325g.tex
7920,7099,1024,25,0,0,0,0,2023_07_08_b5b9945c2eb016a2dbdbg.tex
7656,6888,958,37,0,0,0,0,2023_07_08_b5cd8b32b4ed7f7744b5g.tex
6856,4902,692,71,0,0,0,0,2023_07_08_b5ebaec0feb1a7a97167g.tex
7047,4013,636,81,0,0,0,0,2023_07_08_b631e021ce3438c8645fg.tex
6796,5230,725,27,0,0,0,0,2023_07_08_b6474cffc4ad948ac3f2g.tex
8387,6331,930,67,0,0,0,0,2023_07_08_b659d02c49aad32883e8g.tex
7882,6936,1248,95,0,0,0,0,2023_07_08_b677dd6989d4724e89f6g.tex
8111,6449,1038,88,0,0,0,0,2023_07_08_b67b03e5f27ae77507cfg.tex
6902,5502,865,70,0,0,0,0,2023_07_08_b682e39bd92092b57529g.tex
7173,5905,970,112,0,0,0,0,2023_07_08_b696bbc6b7a835bcc8fag.tex
8441,6613,1183,108,0,0,0,0,2023_07_08_b6ae0629cde4104759efg.tex
2459,1995,351,9,0,0,0,0,2023_07_08_b6b7d2017dd82e3890e0g.tex
8311,7229,1168,123,0,0,0,0,2023_07_08_b6b94c29aa58e51eeccdg.tex
6771,5455,831,78,0,0,0,0,2023_07_08_b6d0bc04d60515820140g.tex
7897,5141,866,109,0,0,0,0,2023_07_08_b6d589cf43c39b095bdeg.tex
6949,5088,816,101,0,0,0,0,2023_07_08_b6dab35a48791ea4d3d3g.tex
7435,6054,984,68,0,0,0,0,2023_07_08_b6eb78fafae7d33d9a46g.tex
7966,4817,648,64,0,0,0,0,2023_07_08_b726b8a5130830c6604eg.tex
7665,5608,878,87,0,0,0,0,2023_07_08_b758eefdb94db35cd7dcg.tex
6601,3780,625,66,0,0,0,0,2023_07_08_b76ed59cc04f64750555g.tex
6790,5601,802,52,0,0,0,0,2023_07_08_b78c0eb3c7b8c235344fg.tex
6178,3204,464,46,0,0,0,0,2023_07_08_b7abfec461838860d5b1g.tex
8701,6908,1119,141,0,0,0,0,2023_07_08_b7b8286f67c66907def3g.tex
8052,6794,1216,93,0,0,0,0,2023_07_08_b7b9092b5fd7a70580b7g.tex
7769,5965,954,102,0,0,0,0,2023_07_08_b8148b3da0b17e753d3cg.tex
7477,4549,815,66,0,0,0,0,2023_07_08_b830f57e92a21d1d903dg.tex
7324,6985,873,14,0,0,0,0,2023_07_08_b8625e22a02fdb1f7825g.tex
7617,4769,717,77,0,0,0,0,2023_07_08_b879b00d1e41fa6282b9g.tex
8292,7097,1215,124,0,0,0,0,2023_07_08_b89736afc0f7353b3e37g.tex
7544,5503,804,97,0,0,0,0,2023_07_08_b8a9a07ec617df5a50ebg.tex
7113,6381,1083,33,0,0,0,0,2023_07_08_b8eb845f92065cf2039ag.tex
7050,6381,1083,33,0,0,0,0,2023_07_08_b8eb845f92065cf2039ag_1.tex
7050,6381,1083,33,0,0,0,0,2023_07_08_b8eb845f92065cf2039ag_2.tex
7418,6733,1007,100,0,0,0,0,2023_07_08_b8ed86304eb2fdd7945bg.tex
8347,6146,974,99,0,0,0,0,2023_07_08_b903d1e18190bdeab223g.tex
6764,5567,767,43,0,0,0,0,2023_07_08_b91fb3b361dd1b8757ecg.tex
8309,6762,1092,108,0,0,0,0,2023_07_08_b927987b6b2b94baeeefg.tex
7457,5353,826,93,0,0,0,0,2023_07_08_b96426a04b370297de3fg.tex
7752,5301,725,77,0,0,0,0,2023_07_08_b964bbddcfcbd2559277g.tex
8048,6379,1041,48,0,0,0,0,2023_07_08_b9656c4affc0c1a03b51g.tex
7906,5751,867,111,0,0,0,0,2023_07_08_b974c4cc4e5863176341g.tex
7913,6022,960,52,0,0,0,0,2023_07_08_b989fe46565abb34022fg.tex
7186,5611,817,66,0,0,0,0,2023_07_08_b9a46e77b4ba4b9bb8d1g.tex
7567,5504,809,98,0,0,0,0,2023_07_08_b9a84f4ed4b3f579ca11g.tex
7991,6814,1076,76,0,0,0,0,2023_07_08_b9bdcb6a186bd2bd91ddg.tex
7873,6364,1016,100,0,0,0,0,2023_07_08_b9c123044aff8a94dcf3g.tex
7387,6481,952,34,0,0,0,0,2023_07_08_b9e939379c388d1d4c34g.tex
7211,6336,994,29,0,0,0,0,2023_07_08_b9ee2d9f6938bdb8a760g.tex
8835,6998,1100,143,0,0,0,0,2023_07_08_ba0b7145c145d21fe020g.tex
6884,5184,811,94,0,0,0,0,2023_07_08_ba1fe898ec8793c393d7g.tex
7149,5961,819,41,0,0,0,0,2023_07_08_ba394586ff29a39e7053g.tex
7722,5087,868,122,0,0,0,0,2023_07_08_ba55d485f31d08e7826eg.tex
8216,6469,982,100,0,0,0,0,2023_07_08_ba736ab27ccd17c37b0bg.tex
7174,5069,757,87,0,0,0,0,2023_07_08_ba7c3b7565325c89f830g.tex
7426,5404,743,95,0,0,0,0,2023_07_08_ba8e1eb23c904de8739eg.tex
7568,5785,967,79,0,0,0,0,2023_07_08_baa5d0cc0da44a440d70g.tex
7516,5914,895,65,0,0,0,0,2023_07_08_bab03dac89b51bfcb0acg.tex
7293,6300,1043,67,0,0,0,0,2023_07_08_bac86c2ca0c29907ca3dg.tex
7264,5906,820,44,1,0,0,0,2023_07_08_baca69decf6538bd240fg.tex
7822,6292,942,63,1,0,0,0,2023_07_08_baec9fbb1139fad1695fg.tex
8159,5403,910,100,0,0,0,0,2023_07_08_baf9fff9255c660efa15g.tex
7078,5104,811,80,0,0,0,0,2023_07_08_bb17b407e56d4883096fg.tex
7739,6977,1137,69,0,0,0,0,2023_07_08_bb25095324945571e73ag.tex
8270,7009,1111,120,0,0,0,0,2023_07_08_bb2577ca4a2775891503g.tex
8694,4242,608,66,0,0,0,0,2023_07_08_bb4d547fbd5491a560ffg.tex
7288,5400,785,64,0,0,0,0,2023_07_08_bb557379dc09012f5b44g.tex
8129,7272,1255,88,0,0,0,0,2023_07_08_bb59cd4139ccc87a398ag.tex
7480,6011,869,75,0,0,0,0,2023_07_08_bb7226de18f8020c70cag.tex
6436,4714,799,91,0,0,0,0,2023_07_08_bb7cbbe05d6fe3eb56b8g.tex
8596,6242,935,132,0,0,0,0,2023_07_08_bb98a82bbc565384e320g.tex
7217,4663,827,64,0,0,0,0,2023_07_08_bb9e1c97270876af8e7dg.tex
7185,5263,765,22,0,0,0,0,2023_07_08_bba359af1e0dd3aa1146g.tex
6116,4521,733,107,0,0,0,0,2023_07_08_bba504804bf572800827g.tex
8421,6111,988,91,0,0,0,0,2023_07_08_bbb239cc848e46939e9ag.tex
7557,6068,1032,93,0,0,0,0,2023_07_08_bbcb9cc31c662621dcf8g.tex
7605,6202,920,83,0,0,0,0,2023_07_08_bbd92eeabc79457b4cc3g.tex
7173,5557,896,108,0,0,0,0,2023_07_08_bbeace5be2b51a126bc1g.tex
7272,4576,745,86,0,0,0,0,2023_07_08_bbf80a2264b29ebe8163g.tex
8044,6767,1039,105,0,0,0,0,2023_07_08_bc0bf64cb896270e50b3g.tex
7961,6767,1039,105,0,0,0,0,2023_07_08_bc0bf64cb896270e50b3g_1.tex
7961,6767,1039,105,0,0,0,0,2023_07_08_bc0bf64cb896270e50b3g_2.tex
8241,4362,553,56,1,0,0,0,2023_07_08_bc1a50bc3a7fb2e49768g.tex
7988,6034,841,117,0,0,0,0,2023_07_08_bc30118d08c623c4c251g.tex
6595,3926,622,72,0,0,0,0,2023_07_08_bc38a2648785bdf700adg.tex
8175,6502,849,50,0,0,0,0,2023_07_08_bc4d670f17d26c30b160g.tex
7423,5157,768,103,0,0,0,0,2023_07_08_bc69fee54a794909c9f2g.tex
8290,6194,1147,117,0,0,0,0,2023_07_08_bc7221f05006d72f1072g.tex
8204,6194,1147,117,0,0,0,0,2023_07_08_bc7221f05006d72f1072g_1.tex
8204,6194,1147,117,0,0,0,0,2023_07_08_bc7221f05006d72f1072g_2.tex
9919,6339,1120,158,0,0,0,0,2023_07_08_bc74924e8ff0cba850a8g.tex
6723,5622,933,65,0,0,0,0,2023_07_08_bcab05acc73bc35aecffg.tex
8258,6795,974,59,0,0,0,0,2023_07_08_bcd9ef1054173e5be0abg.tex
7754,7364,979,8,0,0,0,0,2023_07_08_bd047849a12c97c98a68g.tex
7978,3847,599,133,0,0,0,0,2023_07_08_bd33ee7aab8fca901380g.tex
7871,6734,853,14,0,0,0,0,2023_07_08_bd34dee9fed355f48038g.tex
7257,6478,806,26,0,0,0,0,2023_07_08_bd46520950157045bb54g.tex
8831,5346,797,127,0,0,0,0,2023_07_08_bd46654f8d0e3d951050g.tex
8101,4980,858,131,0,0,0,0,2023_07_08_bd5e50659f063587f701g.tex
7624,5702,833,98,0,0,0,0,2023_07_08_bd6ce186051f09bd0da2g.tex
5849,3754,541,74,0,0,0,0,2023_07_08_bdc806d74499b4f1a59dg.tex
7097,5402,931,78,0,0,0,0,2023_07_08_bdc971b48298cca3e951g.tex
7516,6662,1070,43,0,0,0,0,2023_07_08_bdd2f50d4f007dc31ee4g.tex
7779,5162,859,101,0,0,0,0,2023_07_08_bdf536628a323b2aac19g.tex
6858,4355,629,73,0,0,0,0,2023_07_08_be16a8f450733f65effcg.tex
7131,5333,886,91,0,0,0,0,2023_07_08_be17ea75d7c898ddd520g.tex
5769,3472,497,45,0,0,0,0,2023_07_08_be4c87071b133947a8dcg.tex
6815,5131,775,82,0,0,0,0,2023_07_08_be4e927b52c212f1e8f7g.tex
7280,5691,870,31,0,0,0,0,2023_07_08_be814b5d56eff32829c7g.tex
7358,4663,656,53,0,0,0,0,2023_07_08_beb009eb897029361baeg.tex
8201,6105,875,91,0,0,0,0,2023_07_08_beb97638694792137dd2g.tex
7778,6886,1111,83,0,0,0,0,2023_07_08_bedbb17eb11d4529d4cbg.tex
6862,5367,701,50,0,0,0,0,2023_07_08_bf066e4eec0e8313418cg.tex
8344,6633,1006,109,0,0,0,0,2023_07_08_bf0f6881edef80e0274cg.tex
6512,4549,668,75,0,0,0,0,2023_07_08_bf2e84276622041ebb9fg.tex
8097,6780,1144,61,0,0,0,0,2023_07_08_bf43cca906f6a0322b85g.tex
7584,6348,882,73,0,0,0,0,2023_07_08_bf573671aa9b0dd76916g.tex
7380,5211,855,101,0,0,0,0,2023_07_08_bf9c56d46335d3403464g.tex
7621,5861,990,75,0,0,0,0,2023_07_08_bff3d24bad773f64e0feg.tex
7388,6281,1010,89,0,0,0,0,2023_07_08_c0007681a96e3059c33cg.tex
7793,6925,994,27,0,0,0,0,2023_07_08_c00d933129737bc89662g.tex
9146,6550,937,79,0,0,0,0,2023_07_08_c04ec4dad1b20261b882g.tex
7418,5364,775,93,0,0,0,0,2023_07_08_c05290e91e0ce9e2fb0dg.tex
7319,5364,775,93,0,0,0,0,2023_07_08_c05290e91e0ce9e2fb0dg_1.tex
7270,5583,872,99,0,0,0,0,2023_07_08_c05ea4870b48bb96d6e8g.tex
7536,5692,852,87,0,0,0,0,2023_07_08_c076bf3211634ad39d90g.tex
7922,4817,677,93,0,0,0,0,2023_07_08_c078d0e088a536878dedg.tex
7888,5152,956,104,0,0,0,0,2023_07_08_c07925c604eb593bb0d6g.tex
7987,6079,1094,95,0,0,0,0,2023_07_08_c07c705ed59c3deedd92g.tex
6917,6136,959,35,0,0,0,0,2023_07_08_c0811944df13ef634384g.tex
6482,3727,679,113,0,0,0,0,2023_07_08_c08fcc45e358ea5ba739g.tex
7551,6002,973,69,0,0,0,0,2023_07_08_c097f8e15ec5a7529509g.tex
7613,4696,822,96,0,0,0,0,2023_07_08_c0be9d67110f5fcca503g.tex
6278,4669,767,49,0,0,0,0,2023_07_08_c0def25f4e13d817922eg.tex
7713,3859,596,80,0,0,0,0,2023_07_08_c0f8eccde446a5386feeg.tex
8213,6749,1200,101,0,0,0,0,2023_07_08_c0fef4ac27cc8fbe5935g.tex
7966,6072,930,39,0,0,0,0,2023_07_08_c125e7b567ddf1a11612g.tex
7578,6261,919,56,0,0,0,0,2023_07_08_c1468d8b613df19c542dg.tex
7343,7069,913,5,0,0,0,0,2023_07_08_c16cf16f1d0a4d57fd31g.tex
8019,5485,813,91,0,0,0,0,2023_07_08_c172844d1c0c37b0db71g.tex
8118,5735,800,59,0,0,0,0,2023_07_08_c19bac6194699fc1b535g.tex
7546,4894,735,60,0,0,0,0,2023_07_08_c1ac41f442d1728465bfg.tex
8043,4495,618,74,0,0,0,0,2023_07_08_c1ccb328240649476170g.tex
7606,5551,908,75,0,0,0,0,2023_07_08_c2042c8121060c51aadag.tex
6306,2154,354,52,0,0,0,0,2023_07_08_c2063a3ee6cbb281facfg.tex
6862,5722,937,55,0,0,0,0,2023_07_08_c212fc24f5d65a109c35g.tex
7049,5982,822,16,0,0,0,0,2023_07_08_c22d508fd4abd55259c5g.tex
7795,2681,437,99,0,0,0,0,2023_07_08_c2394bcea4e929bdcb72g.tex
7541,6303,1006,110,0,0,0,0,2023_07_08_c2ae1585520851099fadg.tex
8048,6645,998,69,0,0,0,0,2023_07_08_c2e70969aa82886c99fcg.tex
7070,5465,866,75,0,0,0,0,2023_07_08_c31284e631260141b9f7g.tex
7222,5662,896,102,0,0,0,0,2023_07_08_c321f853c95f3f6ed666g.tex
7407,6286,980,57,0,0,0,0,2023_07_08_c32360797349f89e0fa7g.tex
7394,6405,1100,63,0,0,0,0,2023_07_08_c332702dbc445d2e41c8g.tex
7840,6535,1157,72,0,0,0,0,2023_07_08_c35260a32114de3c15cdg.tex
7192,5199,868,64,0,0,0,0,2023_07_08_c35b86b934a6be434526g.tex
8547,6353,1052,118,0,0,0,0,2023_07_08_c36b22dc5840a4de0e69g.tex
7755,6445,937,89,0,0,0,0,2023_07_08_c372fe14c05c786ce25ag.tex
7934,5094,683,80,0,0,0,0,2023_07_08_c373e4073464f4038942g.tex
8194,4233,619,57,0,0,0,0,2023_07_08_c374e407e6339903637ag.tex
7824,6125,1076,121,0,0,0,0,2023_07_08_c398109c801d52da982dg.tex
7715,6125,1076,121,0,0,0,0,2023_07_08_c398109c801d52da982dg_1.tex
7715,6125,1076,121,0,0,0,0,2023_07_08_c398109c801d52da982dg_2.tex
6976,6192,957,58,0,0,0,0,2023_07_08_c39e014f42ae7baf060eg.tex
7283,6667,859,18,0,0,0,0,2023_07_08_c3a4b8e7db113a73ccb6g.tex
5092,4272,650,25,0,0,0,0,2023_07_08_c3b00f4d884ae59c0a01g.tex
8424,5883,1035,110,0,0,0,0,2023_07_08_c3b173a5f7e84a8b3713g.tex
7330,5462,870,76,0,0,0,0,2023_07_08_c3c1fc250b47d3f9f7a7g.tex
7273,6031,998,80,0,0,0,0,2023_07_08_c3c66c5a043c37ffe70eg.tex
6739,4250,563,55,0,0,0,0,2023_07_08_c3cddfc65b5576164611g.tex
7186,6834,899,31,0,0,0,0,2023_07_08_c3d5b1233becf31577aeg.tex
7780,6825,1055,69,0,0,0,0,2023_07_08_c4195e35c1ef4eb25f61g.tex
8201,5962,917,126,0,0,0,0,2023_07_08_c428075053f866bec30fg.tex
7544,6843,927,26,0,0,0,0,2023_07_08_c452175483502867678ag.tex
8949,7060,1078,151,0,0,0,0,2023_07_08_c489727f2b4d17496923g.tex
8165,5894,909,38,0,0,0,0,2023_07_08_c48e65f6c5524aa40bf7g.tex
7363,4621,727,106,0,0,0,0,2023_07_08_c4a7ae9fbff0b08b61ccg.tex
8027,5585,895,89,0,0,0,0,2023_07_08_c4e2a28b46d5ed401007g.tex
6732,3415,536,73,0,0,0,0,2023_07_08_c4e97c77bfd11a729451g.tex
7478,3843,557,71,0,0,0,0,2023_07_08_c4ea6d3be809f281cc73g.tex
7666,6718,947,43,0,0,0,0,2023_07_08_c53af135e2cb603d2b9ag.tex
7140,5285,784,76,0,0,0,0,2023_07_08_c5441811ff7e19a867f6g.tex
6961,5941,939,110,0,0,0,0,2023_07_08_c56bf598ad3ae19ea85dg.tex
7423,6091,783,58,0,0,0,0,2023_07_08_c576451be61961401b0fg.tex
7529,6195,999,66,0,0,0,0,2023_07_08_c578af8fe2826f436851g.tex
8492,5102,695,43,0,0,0,0,2023_07_08_c57a17bf2025ab8ed6c6g.tex
6764,4762,648,50,0,0,0,0,2023_07_08_c5976a8b321a19ff6a3eg.tex
8361,6908,910,94,0,0,0,0,2023_07_08_c5aeaa2444fd48d4fc08g.tex
7684,6404,931,95,0,0,0,0,2023_07_08_c5b49e8ee2b192a64c16g.tex
8010,6694,1024,69,0,0,0,0,2023_07_08_c5c3f35c0cf33bcc270cg.tex
7622,5951,842,33,0,0,0,0,2023_07_08_c5fdd2455e3175f62f31g.tex
8130,6181,1048,64,0,0,0,0,2023_07_08_c5fe0fb6fa046eb92259g.tex
6804,4345,699,70,0,0,0,0,2023_07_08_c629ac1ece106cfd9065g.tex
7251,4787,642,55,0,0,0,0,2023_07_08_c6375572e69132c28827g.tex
7949,6215,1005,94,0,0,0,0,2023_07_08_c63d4700d1b7a9cb8fe5g.tex
6838,5470,822,76,0,0,0,0,2023_07_08_c65c036b9316be096930g.tex
7281,6206,992,60,0,0,0,0,2023_07_08_c662f8e3f136787737e9g.tex
7190,6206,992,60,0,0,0,0,2023_07_08_c662f8e3f136787737e9g_1.tex
8523,5726,870,110,0,0,0,0,2023_07_08_c6956f8429ade56d3486g.tex
7121,5783,912,72,0,0,0,0,2023_07_08_c6be03dee6242c0e3b9cg.tex
6903,5747,837,44,0,0,0,0,2023_07_08_c6be95898473f1f0b41bg.tex
8380,6569,1012,92,0,0,0,0,2023_07_08_c6df00f0f5bab5423688g.tex
8095,5952,1049,115,0,0,0,0,2023_07_08_c7049c6da0b638d23dadg.tex
7731,5923,991,98,0,0,0,0,2023_07_08_c7230b92bc7165758617g.tex
8035,5745,834,117,0,0,0,0,2023_07_08_c72add6fd9dd3cb036acg.tex
7533,6636,940,62,0,0,0,0,2023_07_08_c730a6bdb6860d1a99f1g.tex
9922,6143,861,138,0,0,0,0,2023_07_08_c78faddb7327b2c419bag.tex
7808,6669,1198,117,0,0,0,0,2023_07_08_c7980182d053f1b35f13g.tex
7937,5841,840,129,0,0,0,0,2023_07_08_c79e0fbe85d3fa70c357g.tex
7683,4591,800,57,0,0,0,0,2023_07_08_c7ac8fb678bee4107db6g.tex
7172,4805,722,93,0,0,0,0,2023_07_08_c7c4bf62705bd1752148g.tex
8809,7097,1171,112,0,0,0,0,2023_07_08_c7db75c4d22ea73aeaf4g.tex
7809,6607,897,79,0,0,0,0,2023_07_08_c81984b7c9579485d5dag.tex
7837,6546,1145,100,0,0,0,0,2023_07_08_c81d0c51988223e55e5eg.tex
7666,7132,1112,11,0,0,0,0,2023_07_08_c854551dd4a3c6232b6cg.tex
8345,7098,972,120,0,0,0,0,2023_07_08_c87f696e3c653c3fca93g.tex
7897,6299,976,95,0,0,0,0,2023_07_08_c8915fbe76b65acde10eg.tex
7273,4946,784,99,0,0,0,0,2023_07_08_c8a1bbe59c1156c5bc2cg.tex
7738,6306,1073,114,0,0,0,0,2023_07_08_c8a479f518307807234ag.tex
7608,5641,972,144,0,0,0,0,2023_07_08_c8d3b4eb56693f20d3e0g.tex
8314,6627,1194,109,0,0,0,0,2023_07_08_c8f079af566ab069e7a9g.tex
7854,6672,1126,49,0,0,0,0,2023_07_08_c90acc5ff0c09cb2448ag.tex
8499,7169,1116,108,0,0,0,0,2023_07_08_c92f4c2e16c9d0cffd6cg.tex
8280,6110,957,105,0,0,0,0,2023_07_08_c945bb7fd4a32ef52a87g.tex
7564,4783,657,88,0,0,0,0,2023_07_08_c983a8b5ca65a155e5f9g.tex
7653,6353,939,68,0,0,0,0,2023_07_08_c98e7c85696e59206f62g.tex
7691,6242,1025,78,0,0,0,0,2023_07_08_c9b3fe06bf825e06f3c5g.tex
6670,5269,910,90,0,0,0,0,2023_07_08_c9dfc2a4896ae4fdb21eg.tex
8098,5132,680,58,0,0,0,0,2023_07_08_c9e658ddccab043daaa4g.tex
8005,7328,1062,66,0,0,0,0,2023_07_08_c9eafe548d35010ab51fg.tex
6716,5472,845,56,0,0,0,0,2023_07_08_ca2697b5cd1dd88fe416g.tex
8135,6243,918,101,0,0,0,0,2023_07_08_ca2da5bb1f425d8a8beeg.tex
7705,6130,902,84,0,0,0,0,2023_07_08_ca474911ebc1216699f0g.tex
8256,6194,1014,126,0,0,0,0,2023_07_08_ca48b233642e56fcfb52g.tex
8328,6283,908,105,0,0,0,0,2023_07_08_ca492cd43b43f9c1f769g.tex
6183,4521,652,63,0,0,0,0,2023_07_08_ca578bcd9056b8745214g.tex
7482,7021,880,36,0,0,0,0,2023_07_08_ca5c9d05453e3462fc11g.tex
9180,5723,923,139,0,0,0,0,2023_07_08_ca5d591bf3b5c3f2615bg.tex
8242,7134,1094,85,0,0,0,0,2023_07_08_ca64978d43b031454db2g.tex
7627,4636,806,98,0,0,0,0,2023_07_08_ca7596eb44cbc8c74dfcg.tex
7580,5633,825,132,0,0,0,0,2023_07_08_ca9a7c64676a05b66ea1g.tex
7478,5633,825,132,0,0,0,0,2023_07_08_ca9a7c64676a05b66ea1g_1.tex
7110,5135,766,83,0,0,0,0,2023_07_08_caade51fe8f2a6f1d341g.tex
7693,6753,1041,54,0,0,0,0,2023_07_08_cab12030e469817a4f8dg.tex
8025,6296,1033,60,0,0,0,0,2023_07_08_cab40c854c0ff9c1449dg.tex
7944,6296,1033,60,0,0,0,0,2023_07_08_cab40c854c0ff9c1449dg_1.tex
7944,6296,1033,60,0,0,0,0,2023_07_08_cab40c854c0ff9c1449dg_2.tex
7530,6663,928,59,0,0,0,0,2023_07_08_cab67f3ba82ad401992bg.tex
7667,6434,1079,50,0,0,0,0,2023_07_08_cad0e25fe535b9ff8cecg.tex
8509,6631,1115,124,0,0,0,0,2023_07_08_cad95bb789b1130f211ag.tex
8162,3914,615,67,0,0,0,0,2023_07_08_caecfb7a26b7ee5d9ef1g.tex
7281,5961,907,81,0,0,0,0,2023_07_08_caf295c255edd44cdbd3g.tex
7682,6389,1153,65,0,0,0,0,2023_07_08_caf8e092af4ded4dab85g.tex
7583,6389,1153,65,0,0,0,0,2023_07_08_caf8e092af4ded4dab85g_1.tex
7583,6389,1153,65,0,0,0,0,2023_07_08_caf8e092af4ded4dab85g_2.tex
7405,4481,716,69,0,0,0,0,2023_07_08_cb0c4b1cd3cef9edfe9fg.tex
8249,7219,1151,143,0,0,0,0,2023_07_08_cb15402769f9726212fdg.tex
7411,6638,1023,80,0,0,0,0,2023_07_08_cb1bbb153361161f8c3dg.tex
7535,6339,1077,65,0,0,0,0,2023_07_08_cb2c9b3994ec60033286g.tex
7577,5845,901,51,0,0,0,0,2023_07_08_cb2c9eafdb564070e1ecg.tex
7832,6418,859,49,0,0,0,0,2023_07_08_cb348250706fe0f24d64g.tex
8222,6272,1001,136,0,0,0,0,2023_07_08_cb3b7b8cae9026c4b87bg.tex
8064,6568,849,75,0,0,0,0,2023_07_08_cb50f9f8204b262a07b6g.tex
7079,5540,958,84,0,0,0,0,2023_07_08_cb77bd9e88a9b8525b19g.tex
6912,3920,670,86,0,0,0,0,2023_07_08_cb79b66dfdf27bb01276g.tex
8073,6318,886,67,0,0,0,0,2023_07_08_cb7a6d1dca2271241191g.tex
7265,6892,953,63,0,0,0,0,2023_07_08_cb809aa2425ef17e46e3g.tex
7119,5721,963,80,0,0,0,0,2023_07_08_cbc34f3acff5f953cb85g.tex
7823,6216,891,48,0,0,0,0,2023_07_08_cbcb8983d2aa8e34b103g.tex
7104,6645,1089,93,0,0,0,0,2023_07_08_cbd0f97ecfe4c9bba8c4g.tex
7804,6554,1085,47,0,0,0,0,2023_07_08_cbe15f5ced5ba98b431cg.tex
8044,6926,1054,85,0,0,0,0,2023_07_08_cbe28e9cbe139323b761g.tex
7766,5691,896,93,0,0,0,0,2023_07_08_cbe5f3ad65cede7412bdg.tex
7326,5461,802,59,0,0,0,0,2023_07_08_cc01a55639d04b092f0fg.tex
7847,6698,1017,54,0,0,0,0,2023_07_08_cc0c043c872a3bf0fd78g.tex
8506,5232,878,126,0,0,0,0,2023_07_08_cc11d7597b9578fc56d9g.tex
6254,5072,711,51,0,0,0,0,2023_07_08_cc19f84b042cde802989g.tex
7093,5390,874,61,0,0,0,0,2023_07_08_cc1ef56a079d2166a8a3g.tex
6978,5390,874,61,0,0,0,0,2023_07_08_cc1ef56a079d2166a8a3g_1.tex
7594,6857,1132,79,0,0,0,0,2023_07_08_cc2871c0925e1b041cdcg.tex
7604,5750,972,79,0,0,0,0,2023_07_08_cc3dc5ee1aaff06a9023g.tex
7435,4512,651,118,0,0,0,0,2023_07_08_cc439984b73b8b9dcd66g.tex
8164,5380,849,76,0,0,0,0,2023_07_08_cc470a7dfe6628b6d2a2g.tex
7416,3336,458,82,0,0,0,0,2023_07_08_cc5fe759526930a6b283g.tex
7321,3336,458,82,0,0,0,0,2023_07_08_cc5fe759526930a6b283g_1.tex
7321,3336,458,82,0,0,0,0,2023_07_08_cc5fe759526930a6b283g_2.tex
8842,6423,1107,123,0,0,0,0,2023_07_08_cc75fb3b23f450f365f5g.tex
8149,6716,975,84,0,0,0,0,2023_07_08_cc8a71f629498affe4e6g.tex
7355,5370,818,57,0,0,0,0,2023_07_08_cc9ad42adc3a026336c6g.tex
7868,5191,861,93,0,0,0,0,2023_07_08_cca4c4d0b597c07970e5g.tex
7334,6428,963,31,0,0,0,0,2023_07_08_ccbbee68c975ecd6ddfeg.tex
7379,2993,566,72,0,0,0,0,2023_07_08_ccceefb0987d98357c6ag.tex
6031,4186,593,67,0,0,0,0,2023_07_08_ccd220dfeedaf69cfaa6g.tex
8141,7094,1137,93,0,0,0,0,2023_07_08_cce2f2e2a94950142bb8g.tex
7728,5941,927,85,0,0,0,0,2023_07_08_cce8acf85c0bc95c57d6g.tex
7213,5433,761,101,0,0,0,0,2023_07_08_cceaf0579a1bfe313008g.tex
7827,5383,876,76,0,0,0,0,2023_07_08_ccee651aacafd3f1cb22g.tex
7157,5330,822,105,0,0,0,0,2023_07_08_cd07caf4c59327e7b837g.tex
8765,6158,986,151,0,0,0,0,2023_07_08_cd0a3d152d2d4c9c45deg.tex
7775,6747,935,65,0,0,0,0,2023_07_08_cd1c04792de1da859759g.tex
7464,6491,1042,62,0,0,0,0,2023_07_08_cd21ff1c36473cba701ag.tex
5310,3641,585,38,0,0,0,0,2023_07_08_cd3b12303966f9831542g.tex
5228,3641,585,38,0,0,0,0,2023_07_08_cd3b12303966f9831542g_1.tex
1864,646,76,3,0,0,0,0,2023_07_08_cd462dd865bca4ee64f0g.tex
7697,6999,1032,42,0,0,0,0,2023_07_08_cd65f99d7565bf70e5f1g.tex
7802,6591,1125,84,0,0,0,0,2023_07_08_cd66e78a1f6c3082e62dg.tex
7538,2462,393,13,0,0,0,0,2023_07_08_cd72de42e2aff341bb29g.tex
7612,7056,1104,104,0,0,0,0,2023_07_08_cd8e1f795af1a942a968g.tex
6993,5012,763,80,0,0,0,0,2023_07_08_cd9f946fd14aafe0a7efg.tex
8238,7763,1256,86,0,0,0,0,2023_07_08_cdbe8a3287ebd2dc2632g.tex
7383,4577,718,80,0,0,0,0,2023_07_08_cdcd04d6fb1ca39bf863g.tex
7608,4686,665,34,0,0,0,0,2023_07_08_cdceff03e9fb4126b197g.tex
7484,4686,665,34,0,0,0,0,2023_07_08_cdceff03e9fb4126b197g_1.tex
7484,4686,665,34,0,0,0,0,2023_07_08_cdceff03e9fb4126b197g_2.tex
8044,5646,935,114,0,0,0,0,2023_07_08_ce174adfb96c3dc7ac5dg.tex
7048,5418,797,82,0,0,0,0,2023_07_08_ce35d95555bbcdf23fdbg.tex
6467,2212,295,57,0,0,0,0,2023_07_08_ce4b5200beb98561b37ag.tex
6588,4167,609,59,0,0,0,0,2023_07_08_ce7aa77c3619eba0b743g.tex
7900,4768,630,129,0,0,0,0,2023_07_08_ce9c9229a8f70bdda0bcg.tex
7688,6166,979,107,0,0,0,0,2023_07_08_ceaf590e28f83ae2114eg.tex
8384,6031,945,117,0,0,0,0,2023_07_08_ceb65c59ad7feae3558ag.tex
7150,5777,920,71,0,0,0,0,2023_07_08_ceca9332e8faccfa0075g.tex
6990,6112,800,30,1,0,0,0,2023_07_08_ced219df0ca76cddf5f1g.tex
7765,5526,872,79,0,0,0,0,2023_07_08_cee39d527bdda5a5e653g.tex
7895,6655,1024,97,0,0,0,0,2023_07_08_cf6320a23d3773405a7ag.tex
8006,6567,1046,51,0,0,0,0,2023_07_08_cf67af7ce7014948157dg.tex
3036,1403,203,25,0,0,0,0,2023_07_08_cf76c60f7ed06e3066f0g.tex
6968,3700,528,81,0,0,0,0,2023_07_08_cfae1add203aca2d67fdg.tex
7780,5466,874,100,0,0,0,0,2023_07_08_cfd94307ce36d9ee627bg.tex
8362,5384,825,99,0,0,0,0,2023_07_08_cfe0bb63866ce7cad744g.tex
7260,6014,959,84,0,0,0,0,2023_07_08_cff1f792d441fbba40afg.tex
8147,6432,999,34,0,0,0,0,2023_07_08_cffd143f92b9c802e1dag.tex
7341,7066,946,34,0,0,0,0,2023_07_08_cffee76eaed820de29bdg.tex
7385,6891,982,3,0,0,0,0,2023_07_08_d006d38496db77dc7e7eg.tex
8857,7250,1308,92,0,0,0,0,2023_07_08_d007ee29470e9aecf56dg.tex
8242,5918,1005,119,0,0,0,0,2023_07_08_d038a11c7dfd075d3ee3g.tex
7302,5670,801,101,0,0,0,0,2023_07_08_d05ad46427b77c411f1bg.tex
8730,5596,939,108,0,0,0,0,2023_07_08_d05c94cc2251fc8c04adg.tex
7291,4751,627,121,0,0,0,0,2023_07_08_d05ea5ad7aa20a17d5d7g.tex
8449,6703,1086,141,0,0,0,0,2023_07_08_d071f80248c90c003416g.tex
7270,6914,936,10,0,0,0,0,2023_07_08_d077122e0fd9ba1af9f0g.tex
7882,7167,997,34,0,0,0,0,2023_07_08_d07a73d9aa229c61b89bg.tex
7793,6521,1120,88,0,0,0,0,2023_07_08_d08dc2ba5d58f169850fg.tex
7482,6490,993,70,0,0,0,0,2023_07_08_d09baa961af1c6e0b236g.tex
5264,2153,372,63,0,0,0,0,2023_07_08_d09d568ed1c950c1e2c6g.tex
7418,5256,885,83,0,0,0,0,2023_07_08_d09f8fd0b21c454a5b9bg.tex
8097,5903,868,62,0,0,0,0,2023_07_08_d0b1dad7e6792a7b8ba6g.tex
7096,3086,487,72,0,0,0,0,2023_07_08_d0b913ce875e38c60198g.tex
6879,5243,912,77,0,0,0,0,2023_07_08_d0c2ae4e6786f86cf241g.tex
6865,4847,748,72,0,0,0,0,2023_07_08_d0c95becefb217498745g.tex
8260,5364,881,85,0,0,0,0,2023_07_08_d0d9a064cd1d97cb2b1cg.tex
8149,5364,881,85,0,0,0,0,2023_07_08_d0d9a064cd1d97cb2b1cg_1.tex
8149,5364,881,85,0,0,0,0,2023_07_08_d0d9a064cd1d97cb2b1cg_2.tex
7483,5709,958,61,0,0,0,0,2023_07_08_d0e71d2a9c99c2cf4cceg.tex
8302,7117,1086,99,0,0,0,0,2023_07_08_d0f1979f30d2077cf46bg.tex
8288,7121,1179,80,0,0,0,0,2023_07_08_d1017d657bbde054c5efg.tex
7830,7008,1183,111,0,0,0,0,2023_07_08_d1148f15c77d7dd765f1g.tex
7628,7185,1024,12,0,0,0,0,2023_07_08_d1175b941a0ea3d01087g.tex
8081,6339,973,71,0,0,0,0,2023_07_08_d1201a72436a49292581g.tex
8157,6971,1187,156,0,0,0,0,2023_07_08_d127a9d7a05cb275b4cdg.tex
7160,5883,922,114,0,0,0,0,2023_07_08_d135468c11e25d960a52g.tex
7914,5557,911,124,0,0,0,0,2023_07_08_d1363a0d7b0850c00b26g.tex
7796,5557,911,124,0,0,0,0,2023_07_08_d1363a0d7b0850c00b26g_1.tex
7796,5557,911,124,0,0,0,0,2023_07_08_d1363a0d7b0850c00b26g_2.tex
7308,5836,877,56,0,0,0,0,2023_07_08_d13713529552c7c5f45bg.tex
7808,5624,853,105,0,0,0,0,2023_07_08_d146adc090f840ff4cc0g.tex
7998,7160,1054,78,0,0,0,0,2023_07_08_d1820f94f15e42b1fc3fg.tex
6216,4919,809,42,0,0,0,0,2023_07_08_d1a478c667ba41f94f4cg.tex
7521,6050,884,109,0,0,0,0,2023_07_08_d1cf4059efa7b4bceaa0g.tex
7531,5780,932,71,0,0,0,0,2023_07_08_d1d9c30271d05f3c67ceg.tex
7275,6663,879,27,0,0,0,0,2023_07_08_d1e9561afd3029e22026g.tex
7730,5436,844,96,0,0,0,0,2023_07_08_d1ea6105f54f35a5d4aag.tex
7341,7099,940,9,0,0,0,0,2023_07_08_d2083a10ab69855b0520g.tex
6295,4170,599,31,0,0,0,0,2023_07_08_d217311b7a2acf3ccd8dg.tex
5927,4135,602,27,0,0,0,0,2023_07_08_d21f0f31d2f80fe5f637g.tex
8441,7031,1125,126,0,0,0,0,2023_07_08_d251f1b52d3006866f1cg.tex
8370,7031,1125,126,0,0,0,0,2023_07_08_d251f1b52d3006866f1cg_1.tex
8370,7031,1125,126,0,0,0,0,2023_07_08_d251f1b52d3006866f1cg_2.tex
7399,6974,1009,1,0,0,0,0,2023_07_08_d2684b2c7a6abfdc65b6g.tex
6335,4317,664,63,0,0,0,0,2023_07_08_d27fe6630bcc7d098047g.tex
7151,5977,911,67,0,0,0,0,2023_07_08_d2902e09a028d388ab43g.tex
7248,5456,827,67,0,0,0,0,2023_07_08_d314dc466bfa12b89355g.tex
7231,5212,910,81,0,0,0,0,2023_07_08_d365854869caa283918cg.tex
6943,5992,888,76,0,0,0,0,2023_07_08_d36aed3b675b9ffdcf4ag.tex
7943,5387,783,64,0,0,0,0,2023_07_08_d36ded0585bb6cd4446bg.tex
7815,6122,854,65,0,0,0,0,2023_07_08_d36e53949d88381af9bcg.tex
7554,5943,925,65,0,0,0,0,2023_07_08_d3960d04327192cd9b27g.tex
8195,6456,925,101,0,0,0,0,2023_07_08_d39948f05e76cd1fc97dg.tex
7580,6192,967,94,0,0,0,0,2023_07_08_d39ed41f86a0480194f6g.tex
7770,6635,1062,65,0,0,0,0,2023_07_08_d3aff084811987287090g.tex
7737,6186,889,92,0,0,0,0,2023_07_08_d3ca651bec661917d897g.tex
7310,6401,934,56,0,0,0,0,2023_07_08_d3e5675eeeecf834f3f6g.tex
7244,6401,934,56,0,0,0,0,2023_07_08_d3e5675eeeecf834f3f6g_1.tex
7244,6401,934,56,0,0,0,0,2023_07_08_d3e5675eeeecf834f3f6g_2.tex
7060,5525,941,103,0,0,0,0,2023_07_08_d3ead3349a4727a6aeefg.tex
7680,6953,1008,43,0,0,0,0,2023_07_08_d412d020f519a7dcca8fg.tex
8159,7395,1062,83,0,0,0,0,2023_07_08_d436bfc6bae96d14ee3fg.tex
7092,6170,837,34,0,0,0,0,2023_07_08_d43fa5b095bee74d4c72g.tex
7099,5008,751,78,0,0,0,0,2023_07_08_d45faab14fe434c2f726g.tex
8279,7693,1121,21,0,0,0,0,2023_07_08_d46a9e376c75a2365835g.tex
7986,5361,753,78,0,0,0,0,2023_07_08_d46b05c351d82f0c4373g.tex
7973,7332,996,28,0,0,0,0,2023_07_08_d473455c90b030c476fag.tex
8302,6052,915,108,0,0,0,0,2023_07_08_d47c4736f8904d607b98g.tex
8212,6052,915,108,0,0,0,0,2023_07_08_d47c4736f8904d607b98g_1.tex
7576,6304,939,74,0,0,0,0,2023_07_08_d4d96421680f29c81f63g.tex
7347,5636,929,78,0,0,0,0,2023_07_08_d53559795c29d0b79d78g.tex
7517,4755,727,106,0,0,0,0,2023_07_08_d54c3096ef627933fb5cg.tex
6822,3652,591,56,0,0,0,0,2023_07_08_d574f9e3ba700c1a94e1g.tex
7423,5275,726,50,0,0,0,0,2023_07_08_d57e94f768fee150f8c5g.tex
7527,7126,1152,39,0,0,0,0,2023_07_08_d584e7dc8275bd844420g.tex
7181,5802,897,142,0,0,0,0,2023_07_08_d5900fbd19e4f0d8f8f2g.tex
9138,6692,1025,144,0,0,0,0,2023_07_08_d5bc8c1857a450de0f17g.tex
8157,6979,1087,56,0,0,0,0,2023_07_08_d5d84b0be1932c476fabg.tex
8550,6333,984,126,0,0,0,0,2023_07_08_d5e2e6ee9bc11080a47cg.tex
7309,5395,819,79,0,0,0,0,2023_07_08_d5ebac53afa4e2f4e29eg.tex
7925,5812,843,79,0,0,0,0,2023_07_08_d6001229c67a22b6db14g.tex
7452,6223,1007,73,0,0,0,0,2023_07_08_d60e0633cfc18816b633g.tex
6846,4534,831,99,0,0,0,0,2023_07_08_d6491b3a07e0ac8dbe30g.tex
6946,4988,728,61,0,0,0,0,2023_07_08_d65fa4e00db365b14041g.tex
7541,7059,915,17,0,0,0,0,2023_07_08_d662db8827390bd46c01g.tex
8171,6412,868,38,0,0,0,0,2023_07_08_d6669fa063ca5c368897g.tex
8101,6058,934,122,0,0,0,0,2023_07_08_d66e75a4cecbbb7c95edg.tex
6883,4441,631,78,0,0,0,0,2023_07_08_d686a82d9e950c0deba4g.tex
7570,6208,925,33,0,0,0,0,2023_07_08_d6922e2cf0ac54cf4009g.tex
7041,6215,950,34,0,0,0,0,2023_07_08_d6b2db6f958538a4c7fag.tex
6724,5137,880,79,0,0,0,0,2023_07_08_d6b36b84530da0a2c5e6g.tex
7790,6605,1070,88,0,0,0,0,2023_07_08_d6cded72677721029d77g.tex
8086,5551,894,103,0,0,0,0,2023_07_08_d6dcb49a0accbbefdedeg.tex
6481,4771,849,62,0,0,0,0,2023_07_08_d6e78ff10cb4ac5a57ceg.tex
6741,5100,814,70,0,0,0,0,2023_07_08_d6e8189238e2b02cb9a5g.tex
8176,6155,1106,106,0,0,0,0,2023_07_08_d6ed492db6069d668be6g.tex
6829,3573,498,92,1,0,0,0,2023_07_08_d6fc33967727ad7a333ag.tex
8330,5862,941,70,0,0,0,0,2023_07_08_d7318bf881e44a6e609ag.tex
1226,811,152,6,0,0,0,0,2023_07_08_d7337afa2d5e295303a5g.tex
7689,6986,901,56,0,0,0,0,2023_07_08_d741469e03592bca7499g.tex
8500,5461,828,61,0,0,0,0,2023_07_08_d743b2b9ab2d998f73fag.tex
7506,4090,548,81,0,0,0,0,2023_07_08_d747a16b1f2bb82785a2g.tex
7524,5637,775,53,0,0,0,0,2023_07_08_d7669ad24d6ae707492dg.tex
8072,7473,958,10,0,0,0,0,2023_07_08_d76fecfcdd6e2689b7b6g.tex
8311,6514,1130,71,0,0,0,0,2023_07_08_d77dbdacab04587b545ag.tex
7246,2264,360,58,0,0,0,0,2023_07_08_d7adbd2505f67dbb32bfg.tex
7727,7034,938,81,0,0,0,0,2023_07_08_d7bff478959ee5d91385g.tex
7132,5246,931,42,0,0,0,0,2023_07_08_d7d1f46858c6c7056670g.tex
8460,5051,745,101,0,0,0,0,2023_07_08_d7d9da2d8e55dd1088dag.tex
7486,6912,1046,63,0,0,0,0,2023_07_08_d8103513808e5a1a8713g.tex
7829,5865,860,60,0,0,0,0,2023_07_08_d810931258077d64e974g.tex
8412,5584,779,88,0,0,0,0,2023_07_08_d81414cf76e63a28615fg.tex
6571,5054,692,49,0,0,0,0,2023_07_08_d842806f176a9434e506g.tex
7793,6523,976,125,0,0,0,0,2023_07_08_d8620c18e16db33a7bddg.tex
7295,4785,813,91,0,0,0,0,2023_07_08_d868b731109478e89939g.tex
7960,7310,1006,27,0,0,0,0,2023_07_08_d8d5383aad1347dd187cg.tex
7837,6390,983,94,0,0,0,0,2023_07_08_d8eb64ab6f924f7065c7g.tex
7711,5864,811,67,0,0,0,0,2023_07_08_d8edb6f3fb9ed56ba246g.tex
7339,5009,730,83,0,0,0,0,2023_07_08_d912090a2f8238583d05g.tex
8061,5819,788,83,0,0,0,0,2023_07_08_d968b475b9354d15b1b6g.tex
7803,6559,1125,94,0,0,0,0,2023_07_08_d9709c3535a8116ce812g.tex
8329,6713,948,30,0,0,0,0,2023_07_08_d973e6c9fb8c8eff05adg.tex
7266,3710,520,104,0,0,0,0,2023_07_08_d993f03ee630042ae8b0g.tex
6716,5311,766,46,0,0,0,0,2023_07_08_d9bb31f49959c72a91e5g.tex
6599,5311,766,46,0,0,0,0,2023_07_08_d9bb31f49959c72a91e5g_1.tex
6599,5311,766,46,0,0,0,0,2023_07_08_d9bb31f49959c72a91e5g_2.tex
7922,7354,998,20,0,0,0,0,2023_07_08_d9bfb634cced1d3d9642g.tex
8679,6930,1074,144,0,0,0,0,2023_07_08_d9bfba4fbc797007ee03g.tex
7356,5460,838,97,0,0,0,0,2023_07_08_d9c464062e9fe215af81g.tex
7748,6306,975,67,0,0,0,0,2023_07_08_da1f11ec11c9f4d1095fg.tex
7740,6387,946,78,0,0,0,0,2023_07_08_da345f2ce5ff812a41feg.tex
8216,5228,675,58,0,0,0,0,2023_07_08_da6a1c252c44c8dd6fb7g.tex
8332,5585,906,99,0,0,0,0,2023_07_08_da8083a78f40ec68d35dg.tex
8218,5585,906,99,0,0,0,0,2023_07_08_da8083a78f40ec68d35dg_1.tex
7713,6857,914,33,0,0,0,0,2023_07_08_daada13717f65972e994g.tex
6955,5879,814,45,0,0,0,0,2023_07_08_dac22fb17c8f42464b93g.tex
8295,5735,897,109,0,0,0,0,2023_07_08_dae4b21d009f74b45a84g.tex
7058,5557,808,101,0,0,0,0,2023_07_08_dafb71528f9ff4ebc74ag.tex
7058,6402,925,17,0,0,0,0,2023_07_08_db0019ef347c26623d27g.tex
7511,6925,900,24,0,0,0,0,2023_07_08_db0085349860520b3ce1g.tex
7228,6015,884,83,0,0,0,0,2023_07_08_db0b6ff7f215884a36dfg.tex
6295,3444,594,62,0,0,0,0,2023_07_08_db353be624567322b4ecg.tex
6662,4796,749,72,0,0,0,0,2023_07_08_db687503575666098608g.tex
7840,5823,984,97,0,0,0,0,2023_07_08_db7078c61faeb585f9abg.tex
6947,5370,804,46,0,0,0,0,2023_07_08_db94d06b17545ee8bb15g.tex
7697,6081,980,88,0,0,0,0,2023_07_08_dbb3a696a3cf973dd585g.tex
7849,6314,920,67,0,0,0,0,2023_07_08_dbb79d680c39e259baf0g.tex
7850,6332,1022,124,0,0,0,0,2023_07_08_dbe891fd20752c9d7fecg.tex
7935,6903,1024,24,0,0,0,0,2023_07_08_dc08cab8b10e62bcf8afg.tex
7477,6090,849,57,0,0,0,0,2023_07_08_dc65090f7f0c08713e72g.tex
7781,6506,1061,100,0,0,0,0,2023_07_08_dcb275fed79da1b34fd5g.tex
7022,1879,296,41,0,0,0,0,2023_07_08_dcfb9ce26a78a8393eb6g.tex
6341,5018,825,85,0,0,0,0,2023_07_08_dcfc0bf0e5ae711b2450g.tex
8029,5355,782,75,0,0,0,0,2023_07_08_dd0035ae9ddcbb18b4f1g.tex
6829,5852,948,57,0,0,0,0,2023_07_08_dd4b582caf8970bce003g.tex
8105,6879,1090,95,0,0,0,0,2023_07_08_dd55782682f248ca0a36g.tex
8097,6349,1110,92,0,0,0,0,2023_07_08_dd5edd9c28b6b9924f93g.tex
8049,5612,914,90,0,0,0,0,2023_07_08_dd78c5b6ef759d3d1120g.tex
8359,7311,1152,60,0,0,0,0,2023_07_08_dd9095d53f88ee8f26fag.tex
6583,4814,913,36,0,0,0,0,2023_07_08_ddc25e6d3db1862cf6ccg.tex
7673,6571,920,65,0,0,0,0,2023_07_08_ddf2ba6b0eceee4df727g.tex
7995,6275,953,92,0,0,0,0,2023_07_08_ddf9275fde2cd3f1444ag.tex
8060,6358,1009,90,0,0,0,0,2023_07_08_de041bbcf5f540a18908g.tex
8968,3986,594,90,0,0,0,0,2023_07_08_de154b7e914d80975b3dg.tex
7740,5212,782,59,0,0,0,0,2023_07_08_de1da306d0f8268043c8g.tex
8227,6071,914,113,0,0,0,0,2023_07_08_de245939b2a640e06ab9g.tex
8611,4827,779,119,0,0,0,0,2023_07_08_de4740c490b0202d8c3eg.tex
7922,6628,1018,124,0,0,0,0,2023_07_08_de47ca6ec4b865c5a9d4g.tex
5979,4453,673,60,0,0,0,0,2023_07_08_de4e5fc0945a64ecc9fcg.tex
7975,6326,996,71,0,0,0,0,2023_07_08_de54d9f0eadfe11c06d4g.tex
7783,5691,857,62,0,0,0,0,2023_07_08_de5a101a61de1068f41fg.tex
7194,6415,907,13,0,0,0,0,2023_07_08_de8ffd2971fcd8fe69d0g.tex
8707,5565,901,71,0,0,0,0,2023_07_08_de970124c8ac9baaacfeg.tex
8619,7228,1203,75,0,0,0,0,2023_07_08_dec539b8c2d5d156a33cg.tex
7865,5478,757,100,0,0,0,0,2023_07_08_df0411915f95ccca3fd8g.tex
7837,6068,1046,82,0,0,0,0,2023_07_08_df044a0b3efbcd0c68f6g.tex
6997,5821,792,37,0,0,0,0,2023_07_08_df28f13285e28442c3efg.tex
7100,4842,773,95,0,0,0,0,2023_07_08_df39d31224123f155ce3g.tex
7970,6074,1054,119,0,0,0,0,2023_07_08_df67011e0e0bdd05a3d2g.tex
7891,6074,1054,119,0,0,0,0,2023_07_08_df67011e0e0bdd05a3d2g_1.tex
8150,5733,909,73,0,0,0,0,2023_07_08_df69f3606ce4bd41bc10g.tex
7972,5986,938,102,0,0,0,0,2023_07_08_df7155e76fbf68e0e169g.tex
7823,6519,1126,131,0,0,0,0,2023_07_08_df72aedd7cb6eaceb848g.tex
6990,4560,658,60,0,0,0,0,2023_07_08_df954f5fa50bf0db8e7cg.tex
6401,4010,678,96,0,0,0,0,2023_07_08_df9def5cbd62d633ccc8g.tex
7262,5725,976,97,0,0,0,0,2023_07_08_dfa1216001d65a5ddddfg.tex
7156,5721,768,76,0,0,0,0,2023_07_08_dfa7d48cb90b812336d2g.tex
8301,6054,1036,87,0,0,0,0,2023_07_08_dfc880f599af6e77c957g.tex
7557,5876,822,39,0,0,0,0,2023_07_08_dfeb45959f2ed4cc4e61g.tex
8069,5268,733,82,1,0,0,0,2023_07_08_dff59998407efe456badg.tex
8463,5212,861,126,0,0,0,0,2023_07_08_e007a5ba20bdd69378e0g.tex
7721,7427,1087,89,0,0,0,0,2023_07_08_e05e48206bd262a8b8d1g.tex
8683,6607,1002,124,0,0,0,0,2023_07_08_e06c1fa699a69fe8e4bbg.tex
7901,5998,890,66,0,0,0,0,2023_07_08_e06f4cbcb82e0f4ab2ccg.tex
7805,6725,995,60,0,0,0,0,2023_07_08_e075c65bbaebb2bfab3eg.tex
7535,5648,885,117,0,0,0,0,2023_07_08_e07851054b9fa04b68deg.tex
7047,4901,679,48,0,0,0,0,2023_07_08_e0a4ac99524494557addg.tex
7730,5101,813,89,0,0,0,0,2023_07_08_e0a798efeb5569f3f29bg.tex
7499,5103,859,86,0,0,0,0,2023_07_08_e0f777e83de4117578a1g.tex
8236,6796,1110,101,0,0,0,0,2023_07_08_e12fc03ebf2566cc65ceg.tex
8560,6789,1146,116,0,0,0,0,2023_07_08_e13550d963e2deea6400g.tex
8237,5556,998,76,0,0,0,0,2023_07_08_e13e63492be78333e275g.tex
7081,4573,729,89,0,0,0,0,2023_07_08_e13f26e113f59176e715g.tex
8747,4633,657,38,1,0,0,0,2023_07_08_e14cb60bfd86ba535a47g.tex
7865,6566,940,59,0,0,0,0,2023_07_08_e17b9a1f5cba73bb9666g.tex
7425,6733,920,42,0,0,0,0,2023_07_08_e18abc3ebbd743e54eb1g.tex
8026,6665,962,109,0,0,0,0,2023_07_08_e19e96b096237c166a20g.tex
7898,5909,854,123,0,0,0,0,2023_07_08_e1bd6f265622def46067g.tex
7900,6950,1048,88,0,0,0,0,2023_07_08_e237ad2f0110fbdf07c9g.tex
7814,5439,770,67,0,0,0,0,2023_07_08_e24dd43e255583c7962cg.tex
7459,6346,919,56,0,0,0,0,2023_07_08_e29871471faf906c256cg.tex
7880,6015,1042,92,0,0,0,0,2023_07_08_e2a31d6e67aef61f7338g.tex
7725,5315,798,84,0,0,0,0,2023_07_08_e2c0a6f5a9fb199ab647g.tex
7557,5551,932,74,0,0,0,0,2023_07_08_e2c24ceed1e71cacbf19g.tex
7352,6028,973,87,0,0,0,0,2023_07_08_e2dd505d91c34627a028g.tex
8263,7023,1117,104,0,0,0,0,2023_07_08_e2ffb21d577a67a04441g.tex
7974,4707,676,60,0,0,0,0,2023_07_08_e3103cb441e95eb8917fg.tex
6831,4088,584,56,0,0,0,0,2023_07_08_e3253e3fe3ec1543389eg.tex
6708,5288,950,61,0,0,0,0,2023_07_08_e32a03e8b52d0bc26a54g.tex
7294,6192,848,21,0,0,0,0,2023_07_08_e3312d3cd9839d1d856fg.tex
5849,4738,723,43,0,0,0,0,2023_07_08_e34114bac02c13fa63a7g.tex
7163,4878,686,54,0,0,0,0,2023_07_08_e3425dc06e0b9ca546bcg.tex
7870,6381,961,117,0,0,0,0,2023_07_08_e34e8fe88cdaed185259g.tex
7596,6808,1085,68,0,0,0,0,2023_07_08_e35a0ac956f171174da9g.tex
8388,5999,904,79,0,0,0,0,2023_07_08_e3739234e950f88fdacbg.tex
8150,7518,1129,107,0,0,0,0,2023_07_08_e375bdbfa6cae7d89dcbg.tex
7561,5236,905,132,0,0,0,0,2023_07_08_e3c76921a47f5d8824c0g.tex
7232,5444,780,101,0,0,0,0,2023_07_08_e3d2d67b66c307581dcdg.tex
7284,5071,742,70,0,0,0,0,2023_07_08_e400be8f2ba5f412bfefg.tex
8607,6029,894,66,0,0,0,0,2023_07_08_e430d0408cb06877f46fg.tex
8267,4946,731,83,0,0,0,0,2023_07_08_e45153e5d928ea89e38cg.tex
8030,6089,870,78,0,0,0,0,2023_07_08_e45164104ff8095ef405g.tex
8234,5811,882,100,0,0,0,0,2023_07_08_e46865f791908e3fd75ag.tex
7559,6847,1069,52,0,0,0,0,2023_07_08_e4a20e7d6a70bdf61ea2g.tex
7961,6646,1140,110,0,0,0,0,2023_07_08_e4ab63d2527305f3d3a2g.tex
7856,6646,1140,110,0,0,0,0,2023_07_08_e4ab63d2527305f3d3a2g_1.tex
7807,6134,1028,119,0,0,0,0,2023_07_08_e4ac331aa9280ce968bbg.tex
8650,7166,982,156,0,0,0,0,2023_07_08_e4bcabd6a445432bbc09g.tex
7457,4794,778,80,0,0,0,0,2023_07_08_e4ccd5c07d036f3d852eg.tex
8400,6894,1208,123,0,0,0,0,2023_07_08_e4d077ecbc6d29044527g.tex
8291,6555,1069,149,0,0,0,0,2023_07_08_e4d95d1066ee38eaf997g.tex
7662,2213,355,40,0,0,0,0,2023_07_08_e4f62fa48e2e74186559g.tex
7623,6451,940,75,0,0,0,0,2023_07_08_e50734683fbbc45d3de8g.tex
7523,6416,929,45,0,0,0,0,2023_07_08_e50a9a5c81faa5a5e170g.tex
7498,4868,778,65,0,0,0,0,2023_07_08_e5108482d79e010ebae5g.tex
7504,5801,849,77,0,0,0,0,2023_07_08_e51ca1145052f73b1ef2g.tex
7425,5801,849,77,0,0,0,0,2023_07_08_e51ca1145052f73b1ef2g_1.tex
7425,5801,849,77,0,0,0,0,2023_07_08_e51ca1145052f73b1ef2g_2.tex
7956,7050,953,48,0,0,0,0,2023_07_08_e535c1d0df93c895ca2bg.tex
7380,5815,807,83,0,0,0,0,2023_07_08_e53bf0792cd20d1a3068g.tex
8390,6223,985,137,0,0,0,0,2023_07_08_e54552b2371a12c8afe5g.tex
9027,6175,937,92,0,0,0,0,2023_07_08_e5468bd0cf8c47f1e9eag.tex
7703,5973,846,59,0,0,0,0,2023_07_08_e5646f4b162cc11ab4dbg.tex
7863,6822,932,103,0,0,0,0,2023_07_08_e56804ca7ce754a77391g.tex
7451,7026,944,45,0,0,0,0,2023_07_08_e57f10e3e1f830bc9471g.tex
8270,6566,939,77,0,0,0,0,2023_07_08_e58056ffb3a42a850429g.tex
6763,5590,882,64,0,0,0,0,2023_07_08_e5b8d4ad870bcc6fbf3ag.tex
8678,7110,946,61,0,0,0,0,2023_07_08_e5c0ed68771456e1d43cg.tex
7703,6983,917,14,0,0,0,0,2023_07_08_e5da7fa58f3d2ed22627g.tex
6837,5002,828,90,0,0,0,0,2023_07_08_e5dbcf137049af59e286g.tex
7781,5239,816,109,0,0,0,0,2023_07_08_e60d4a082f19987832d6g.tex
7464,6979,951,71,0,0,0,0,2023_07_08_e616140395b6f77b726dg.tex
7726,5338,814,111,0,0,0,0,2023_07_08_e6518bb1750cdf277b36g.tex
7236,6868,829,1,0,0,0,0,2023_07_08_e653bd27dd46f0751c2eg.tex
7951,7202,1142,43,0,0,0,0,2023_07_08_e659fc7b795f40ba254bg.tex
7197,6831,1005,16,0,0,0,0,2023_07_08_e66a7ca4c9bf9b05fde0g.tex
8030,7113,1046,100,0,0,0,0,2023_07_08_e683cfd11889bfc60a17g.tex
7994,7113,1046,100,0,0,0,0,2023_07_08_e683cfd11889bfc60a17g_1.tex
7994,7113,1046,100,0,0,0,0,2023_07_08_e683cfd11889bfc60a17g_2.tex
7312,5944,877,79,0,0,0,0,2023_07_08_e6849038e28634fd4713g.tex
7906,7089,1219,103,0,0,0,0,2023_07_08_e6c4e08467033c41dc68g.tex
6818,5244,856,62,0,0,0,0,2023_07_08_e6d3638d568ab64a67f4g.tex
6737,4229,657,61,0,0,0,0,2023_07_08_e6d48afb5ce2a750689bg.tex
8544,6454,1124,123,0,0,0,0,2023_07_08_e6e66ca01268619ad6e4g.tex
8158,4931,737,77,0,0,0,0,2023_07_08_e7191931b68380e801f5g.tex
8413,7132,1154,81,0,0,0,0,2023_07_08_e74820c161e9b64e1aa1g.tex
7970,6255,1017,145,0,0,0,0,2023_07_08_e7c673ed53f1a9febc92g.tex
7885,6255,1017,145,0,0,0,0,2023_07_08_e7c673ed53f1a9febc92g_1.tex
7885,6255,1017,145,0,0,0,0,2023_07_08_e7c673ed53f1a9febc92g_2.tex
8240,5440,750,80,0,0,0,0,2023_07_08_e7d342f458619e694008g.tex
6698,4937,784,48,0,0,0,0,2023_07_08_e7e951faec618c87e6abg.tex
7301,5914,963,63,0,0,0,0,2023_07_08_e808d00355bb59eb5ac6g.tex
8598,6603,1075,118,0,0,0,0,2023_07_08_e80cc530dbdeccbfaba4g.tex
7073,6251,912,36,0,0,0,0,2023_07_08_e818d8e2592d2a810585g.tex
7159,4248,630,84,0,0,0,0,2023_07_08_e825a36830550725b2eeg.tex
7468,5902,967,99,0,0,0,0,2023_07_08_e849552a6282f205971cg.tex
5917,4017,575,45,0,0,0,0,2023_07_08_e85d613f081d728f208ag.tex
7502,5235,856,68,0,0,0,0,2023_07_08_e8747aa10af514c5d725g.tex
8214,6589,1066,71,0,0,0,0,2023_07_08_e87e7482a9d7e2f374a3g.tex
7409,4088,569,43,0,0,0,0,2023_07_08_e8a9cefb47de6dd4afcbg.tex
7279,4088,569,43,0,0,0,0,2023_07_08_e8a9cefb47de6dd4afcbg_1.tex
7279,4088,569,43,0,0,0,0,2023_07_08_e8a9cefb47de6dd4afcbg_2.tex
7176,5753,894,67,0,0,0,0,2023_07_08_e8b1934e65a4e2afd568g.tex
8416,6289,1055,118,1,0,0,0,2023_07_08_e8e3157087c324083194g.tex
8313,5755,827,127,0,0,0,0,2023_07_08_e8e475d31379accbd810g.tex
7482,5705,946,98,0,0,0,0,2023_07_08_e8f0cc56a5177dd7942cg.tex
7411,5965,935,65,0,0,0,0,2023_07_08_e8f9632962d50fed8cbbg.tex
6596,5505,767,71,0,0,0,0,2023_07_08_e8fae7d247d2af008ec8g.tex
7787,6544,938,53,0,0,0,0,2023_07_08_e8ff2f62ccfc109ebd4dg.tex
7724,6243,937,113,0,0,0,0,2023_07_08_e915573b77b96785c20fg.tex
7796,6621,939,105,0,0,0,0,2023_07_08_e92cde7616d045391205g.tex
7155,5671,839,54,0,0,0,0,2023_07_08_e9516b7d810d211568ddg.tex
6715,5666,824,36,1,0,0,0,2023_07_08_e9640bfd844d9819d7a1g.tex
8412,5000,696,105,0,0,0,0,2023_07_08_e966c065039989133c56g.tex
7718,6468,1015,112,0,0,0,0,2023_07_08_e97951c69e21fdb964e9g.tex
7634,6468,1015,112,0,0,0,0,2023_07_08_e97951c69e21fdb964e9g_1.tex
7634,6468,1015,112,0,0,0,0,2023_07_08_e97951c69e21fdb964e9g_2.tex
6295,5257,793,87,0,0,0,0,2023_07_08_e980a23e38067ce87781g.tex
6211,5257,793,87,0,0,0,0,2023_07_08_e980a23e38067ce87781g_1.tex
8166,7142,1090,69,0,0,0,0,2023_07_08_e98efcfda3be160a0474g.tex
7713,6615,941,61,0,0,0,0,2023_07_08_e98fb51257843d021a58g.tex
8320,6210,925,124,0,0,0,0,2023_07_08_e9af272039cdb4612f23g.tex
7879,6767,1169,88,0,0,0,0,2023_07_08_e9b3701f05a858e730e9g.tex
8630,7095,1021,147,0,0,0,0,2023_07_08_e9d2407be4e246775b44g.tex
7622,6579,965,99,0,0,0,0,2023_07_08_e9d658d62298269ee7d1g.tex
6900,4135,592,54,0,0,0,0,2023_07_08_ea07120eedd4e7d74c27g.tex
7729,6024,984,98,0,0,0,0,2023_07_08_ea2c077c0925d14bff85g.tex
8520,6361,933,57,0,0,0,0,2023_07_08_ea440e28488b09ef407fg.tex
9255,6898,1069,114,0,0,0,0,2023_07_08_ea7a7eb6498dfdc747e7g.tex
7131,6473,900,38,0,0,0,0,2023_07_08_ea84a5b9ecd64e8bfd42g.tex
7885,6200,915,121,0,0,0,0,2023_07_08_eab1addd1e922583a4f8g.tex
8323,7329,1045,105,0,0,0,0,2023_07_08_eac32ac1c87985c81a73g.tex
7588,6178,933,73,0,0,0,0,2023_07_08_eacc4a1f1dde8f40b4c3g.tex
7295,5376,799,90,0,0,0,0,2023_07_08_eae8f0c5af09e2f73315g.tex
7013,4352,683,79,0,0,0,0,2023_07_08_eaf19774281bd71d9710g.tex
7673,5138,764,74,0,0,0,0,2023_07_08_eaf21636bc0139e4395bg.tex
7479,6875,989,47,0,0,0,0,2023_07_08_eb00e068d25e55f91bc1g.tex
7679,6153,989,47,0,0,0,0,2023_07_08_eb17168d2958b3831f55g.tex
7680,4764,755,69,0,0,0,0,2023_07_08_eb22b25603ebdac5eaefg.tex
7522,4722,618,72,0,0,0,0,2023_07_08_eb41f8026a010b875099g.tex
7862,7151,1102,72,0,0,0,0,2023_07_08_eb5cf8e8166ee0cee6f4g.tex
7342,5569,763,46,0,0,0,0,2023_07_08_eb6e5752bdec043bb61cg.tex
8453,6757,1053,142,0,0,0,0,2023_07_08_eb9dfdeca7a9bf2b1f26g.tex
8401,6757,1053,142,0,0,0,0,2023_07_08_eb9dfdeca7a9bf2b1f26g_1.tex
8401,6757,1053,142,0,0,0,0,2023_07_08_eb9dfdeca7a9bf2b1f26g_2.tex
8250,6642,1005,134,0,0,0,0,2023_07_08_eba06c48bbcf73b5f5b9g.tex
7331,6331,959,72,0,0,0,0,2023_07_08_ebbc368ece8aee55b542g.tex
7900,6361,939,84,0,0,0,0,2023_07_08_ebc9ff51c3014dc247bfg.tex
7909,7065,896,33,0,0,0,0,2023_07_08_ebdf7f43675018c9f525g.tex
7740,6417,1094,112,0,0,0,0,2023_07_08_ebf0f08614c3f3feeba2g.tex
7090,6931,907,0,0,0,0,0,2023_07_08_ec02ec14e4f84157fafbg.tex
7847,4790,646,60,0,0,0,0,2023_07_08_ec05bb59f8f1ef359928g.tex
7657,5341,729,55,0,0,0,0,2023_07_08_ec22c3dfb72bc69b643eg.tex
8224,6683,1050,124,0,0,0,0,2023_07_08_ec3a9bb89d159f88eaf5g.tex
7165,4910,785,73,0,0,0,0,2023_07_08_ec7d6e2896cd2c9450b5g.tex
6866,5678,902,59,0,0,0,0,2023_07_08_ec80644ce7169a709d28g.tex
6771,5678,902,59,0,0,0,0,2023_07_08_ec80644ce7169a709d28g_1.tex
8042,5957,895,74,0,0,0,0,2023_07_08_ec8b5b7da5164fab6795g.tex
6662,3458,516,75,0,0,0,0,2023_07_08_ec91bfee779746fc4214g.tex
7517,6038,1007,112,0,0,0,0,2023_07_08_ecb7d46a5ba939246624g.tex
8064,7435,1016,40,0,0,0,0,2023_07_08_ecc82b74bb0cd694eb9cg.tex
7598,6513,1000,126,0,0,0,0,2023_07_08_eccb1d89a9d4ee6fa429g.tex
8450,5624,962,103,0,0,0,0,2023_07_08_ecd7d398a5dfa42aaa44g.tex
7787,7213,1042,69,0,0,0,0,2023_07_08_ed32ddabc17bf508704eg.tex
7463,5767,837,84,0,0,0,0,2023_07_08_ed38f7b2d7a5e3e61736g.tex
7717,5471,774,121,0,0,0,0,2023_07_08_ed5243a31bc4e87dfa44g.tex
7458,6321,947,45,0,0,0,0,2023_07_08_ed959b64317bcad2e445g.tex
7384,6846,916,24,0,0,0,0,2023_07_08_ed9c8f94965a47b04bb9g.tex
6920,4785,649,61,0,0,0,0,2023_07_08_edb0e5c13d891b23dc33g.tex
7693,5865,955,114,0,0,0,0,2023_07_08_edcc90792724eaf0133fg.tex
8425,6743,1037,113,0,0,0,0,2023_07_08_ede5ac4e06aafcc4a9e4g.tex
7507,6503,917,63,0,0,0,0,2023_07_08_edf0016c51cf99a000afg.tex
7447,6503,917,63,0,0,0,0,2023_07_08_edf0016c51cf99a000afg_1.tex
7447,6503,917,63,0,0,0,0,2023_07_08_edf0016c51cf99a000afg_2.tex
7254,5507,894,58,0,0,0,0,2023_07_08_ee0ab383c44a29889192g.tex
7135,5516,901,75,0,0,0,0,2023_07_08_ee17acab97d678dbaaaag.tex
8101,7140,1272,83,0,0,0,0,2023_07_08_eea0d40ebb7a4b61ab8cg.tex
6636,3479,518,71,0,0,0,0,2023_07_08_eea8a16b483bae9cc7eag.tex
7210,6106,991,35,0,0,0,0,2023_07_08_eeb93b2ffb56c719e51fg.tex
7468,6974,1028,47,0,0,0,0,2023_07_08_eee29f88c7837d4c3a4ag.tex
7195,5215,726,49,0,0,0,0,2023_07_08_eeee1371ea937c0c1696g.tex
7176,5701,755,50,0,0,0,0,2023_07_08_eef6a87ae22bb3654902g.tex
8570,5970,904,136,0,0,0,0,2023_07_08_ef0f8cc42f9eb1a9856cg.tex
7691,6500,972,36,0,0,0,0,2023_07_08_ef456ad506a5c006dfa3g.tex
7902,6264,955,49,0,0,0,0,2023_07_08_ef6bc6d84ea1ec1c10cfg.tex
8620,6496,1059,97,0,0,0,0,2023_07_08_ef98eb8974c96fa30440g.tex
8141,6817,930,52,0,0,0,0,2023_07_08_efaa65a13d6a1bb5e37cg.tex
6845,3927,611,52,0,0,0,0,2023_07_08_efb11b708974ce2f0322g.tex
7725,5296,728,92,0,0,0,0,2023_07_08_efb9cc8430045b28ebcfg.tex
7599,4950,859,55,0,0,0,0,2023_07_08_efc6ba2aaf763ceede00g.tex
8622,5111,866,86,0,0,0,0,2023_07_08_efed5cd8559aed6a93a7g.tex
7739,6328,939,55,0,0,0,0,2023_07_08_efef3751f2ffbf22680fg.tex
7235,5327,831,78,0,0,0,0,2023_07_08_f066cd11fc0b1d1b3ce0g.tex
7713,6716,1021,60,0,0,0,0,2023_07_08_f08efe084825f08aedf7g.tex
7924,7533,1141,62,0,0,0,0,2023_07_08_f0901bd5cc914d2c40f0g.tex
7913,5794,895,66,0,0,0,0,2023_07_08_f09922783b3f583efe9cg.tex
7935,6043,913,131,0,0,0,0,2023_07_08_f0ab5aca463a808ee59ag.tex
7470,6102,1171,103,0,0,0,0,2023_07_08_f0ab8314d46c90d11269g.tex
8434,7248,1130,80,0,0,0,0,2023_07_08_f0e0d97df411c7cdae60g.tex
8377,7248,1130,80,0,0,0,0,2023_07_08_f0e0d97df411c7cdae60g_1.tex
8377,7248,1130,80,0,0,0,0,2023_07_08_f0e0d97df411c7cdae60g_2.tex
8188,4544,739,99,0,0,0,0,2023_07_08_f11279d1f192d4eac5efg.tex
7663,6077,934,103,0,0,0,0,2023_07_08_f114b86b10134170d92cg.tex
6681,4647,882,80,0,0,0,0,2023_07_08_f1381453d3712ba72514g.tex
8962,5676,831,52,0,0,0,0,2023_07_08_f145bce379a2bc34855eg.tex
7647,4799,700,104,0,0,0,0,2023_07_08_f15743ab4c0673076e89g.tex
5453,3957,635,66,0,0,0,0,2023_07_08_f15c8bd631f22cb1aa27g.tex
8458,5901,913,72,0,0,0,0,2023_07_08_f16422ff557612ba940dg.tex
5815,5158,692,7,0,0,0,0,2023_07_08_f16a911b70619c3bc8bbg.tex
6829,4950,710,40,0,0,0,0,2023_07_08_f171ff9394313f8b7bf0g.tex
7300,5105,831,86,0,0,0,0,2023_07_08_f17e9a6c4d3f139616afg.tex
8457,6310,974,93,0,0,0,0,2023_07_08_f18d1725909137848533g.tex
7101,5611,804,118,0,0,0,0,2023_07_08_f18dbf8a4b9ca4834a2dg.tex
8407,6146,868,77,0,0,0,0,2023_07_08_f19101121db75c40e20dg.tex
7576,5911,944,90,0,0,0,0,2023_07_08_f19a653b78157958e5cag.tex
7552,5825,863,77,0,0,0,0,2023_07_08_f1b75675d1ba14efd0adg.tex
8171,6738,1113,88,0,0,0,0,2023_07_08_f1c38e5894fa0a50de6eg.tex
8347,2768,587,63,0,0,0,0,2023_07_08_f1dcc386d79e1a5db139g.tex
7303,6909,1010,25,0,0,0,0,2023_07_08_f2339d1397f2235c6d6dg.tex
6576,4357,657,53,0,0,0,0,2023_07_08_f240802958385aa1b80cg.tex
6453,4357,657,53,0,0,0,0,2023_07_08_f240802958385aa1b80cg_1.tex
6453,4357,657,53,0,0,0,0,2023_07_08_f240802958385aa1b80cg_2.tex
8163,4210,678,119,0,0,0,0,2023_07_08_f291fc4da9c3fee13b41g.tex
7568,6697,1061,87,0,0,0,0,2023_07_08_f2c7c4206e7c0290f5acg.tex
7164,5605,831,101,0,0,0,0,2023_07_08_f2f07bbe6536cb7f4c03g.tex
8228,6759,986,48,0,0,0,0,2023_07_08_f2fea365c8717b3abbbeg.tex
7376,6221,1025,77,0,0,0,0,2023_07_08_f30c5422f987be886942g.tex
7476,5849,1107,102,0,0,0,0,2023_07_08_f327366914f26af6286ag.tex
7789,6699,960,107,0,0,0,0,2023_07_08_f32fb66bef51833f0a60g.tex
7775,5059,891,82,0,0,0,0,2023_07_08_f332dc7ed62321a8af0dg.tex
7950,6026,960,89,0,0,0,0,2023_07_08_f33990d74e6ab5520da2g.tex
7682,6158,922,63,0,0,0,0,2023_07_08_f3520f3ea9e22a204a34g.tex
8291,5227,790,86,0,0,0,0,2023_07_08_f397fe3ec55cd0987e3dg.tex
7573,4833,688,90,0,0,0,0,2023_07_08_f3a180f209ca178db667g.tex
7119,1231,212,37,0,0,0,0,2023_07_08_f3a9e4155346c1798048g.tex
7632,5539,890,72,0,0,0,0,2023_07_08_f3ec82b452d39ffec40dg.tex
7278,5387,725,73,0,0,0,0,2023_07_08_f440c331c7af8ae86178g.tex
8773,6912,1123,102,0,0,0,0,2023_07_08_f46e086356bd6f8eea3ag.tex
8058,1022,198,59,0,0,0,0,2023_07_08_f476b33e56618807018eg.tex
6310,4038,627,73,0,0,0,0,2023_07_08_f48c36e5c01f532e3908g.tex
6894,5480,821,75,0,0,0,0,2023_07_08_f4a8407964eda2f3bd5bg.tex
7183,6206,1019,75,0,0,0,0,2023_07_08_f4e2ea183a41aef883c5g.tex
5724,2966,422,50,0,0,0,0,2023_07_08_f4fd672ade788db4c337g.tex
8277,6581,1019,127,0,0,0,0,2023_07_08_f523bc6ad7eb8fc3acf1g.tex
7762,7079,1043,15,0,0,0,0,2023_07_08_f545356e8ddddec85cf7g.tex
8574,6113,915,126,0,0,0,0,2023_07_08_f55794ea4432fc6b79bcg.tex
6898,4864,670,39,0,0,0,0,2023_07_08_f58722d513d98683e1d1g.tex
7593,5885,921,126,0,0,0,0,2023_07_08_f59f2bd261b8fd8756c4g.tex
8115,6605,951,84,0,0,0,0,2023_07_08_f5c20f117651c22001abg.tex
7103,5346,861,96,0,0,0,0,2023_07_08_f6024b9c0c3988452d6eg.tex
7790,7125,1146,91,0,0,0,0,2023_07_08_f6411e867fb49582f134g.tex
7259,5700,851,71,0,0,0,0,2023_07_08_f6565b32cdf548e3e992g.tex
8110,6271,900,91,1,0,0,0,2023_07_08_f66763bedc1c73356038g.tex
7363,5550,818,67,0,0,0,0,2023_07_08_f674ac2398b9af5f7f5dg.tex
8140,6289,1088,156,0,0,0,0,2023_07_08_f6958c23a88fdb1342b6g.tex
7942,6342,971,68,0,0,0,0,2023_07_08_f69da7295eee243b10c0g.tex
7650,5559,824,73,0,0,0,0,2023_07_08_f6a7bae3e83ff7ce90cbg.tex
7349,4943,852,92,0,0,0,0,2023_07_08_f6ac195d7dc35ee5e80cg.tex
7613,6057,1003,114,0,0,0,0,2023_07_08_f6c801f08ab3a3e5cbf1g.tex
7055,4007,544,51,0,0,0,0,2023_07_08_f6ceaae547c4e9124408g.tex
7799,6304,932,34,0,0,0,0,2023_07_08_f71bfeb03161e2eafdfcg.tex
7109,4137,607,82,0,0,0,0,2023_07_08_f7296e4f5efe91037e1fg.tex
7367,6985,940,21,0,0,0,0,2023_07_08_f73de30eade2acbb8525g.tex
7536,5430,748,63,0,0,0,0,2023_07_08_f743504d6e56b4a133dbg.tex
7243,6160,1059,70,0,0,0,0,2023_07_08_f746ebd01f1f562a9170g.tex
6938,5193,801,64,0,0,0,0,2023_07_08_f74bd223448795949fbcg.tex
8146,5506,898,98,0,0,0,0,2023_07_08_f7965036f5c23ec76631g.tex
6935,5198,834,88,0,0,0,0,2023_07_08_f7acfe233402480ef40dg.tex
7573,6297,1008,81,0,0,0,0,2023_07_08_f7b262ce699bb06e8840g.tex
7428,4514,733,97,0,0,0,0,2023_07_08_f7d2ab81d6d37e4a1d88g.tex
7494,6938,960,10,0,0,0,0,2023_07_08_f7e3db09a5918d48fbb6g.tex
7556,6352,1046,78,0,0,0,0,2023_07_08_f7ec7e66d577dfffac0dg.tex
8063,7534,983,21,0,0,0,0,2023_07_08_f7fe6ca3ecd13e596ca6g.tex
7052,4292,643,75,0,0,0,0,2023_07_08_f810fe1dcfa64b1b75d2g.tex
6919,4292,643,75,0,0,0,0,2023_07_08_f810fe1dcfa64b1b75d2g_1.tex
7392,4973,776,101,0,0,0,0,2023_07_08_f821c9e1909a9d1e855eg.tex
7624,6351,823,31,0,0,0,0,2023_07_08_f844b503fb6a39d38de4g.tex
7759,5056,673,57,0,0,0,0,2023_07_08_f845e313a21c673ef8beg.tex
7559,4951,732,101,0,0,0,0,2023_07_08_f85b418e6df7cf91dc74g.tex
7721,6832,914,55,0,0,0,0,2023_07_08_f8991605be415ee93d50g.tex
6751,5855,876,49,0,0,0,0,2023_07_08_f8a3a7d17d311fd1fa0dg.tex
7102,4573,740,103,0,0,0,0,2023_07_08_f8a50340bf70ecad70c6g.tex
8085,7364,1164,95,0,0,0,0,2023_07_08_f8b2c5503be9aefc7c4dg.tex
7930,5782,898,80,0,0,0,0,2023_07_08_f8c8f21d90e3d62b75a9g.tex
8000,5837,936,107,0,0,0,0,2023_07_08_f8d7f934cb1071607f8eg.tex
7277,5889,946,67,0,0,0,0,2023_07_08_f91c5394e5f9f2273fceg.tex
7526,6784,1084,108,0,0,0,0,2023_07_08_f924d05e13a307921763g.tex
7795,5908,1029,114,0,0,0,0,2023_07_08_f94e0a10fe529d5b8ac5g.tex
8533,5824,889,128,0,0,0,0,2023_07_08_f95cff434242324c21a3g.tex
7964,6234,995,53,0,0,0,0,2023_07_08_f96a658c8a66dfecb095g.tex
7803,7339,925,24,0,0,0,0,2023_07_08_f96b595d5f396fd1f159g.tex
8272,6688,1046,133,0,0,0,0,2023_07_08_f977d81a75ab84f009b6g.tex
7566,6183,960,106,0,0,0,0,2023_07_08_f981139424c9eb6946e8g.tex
6506,4705,607,59,0,0,0,0,2023_07_08_f99481d5547b90f166a4g.tex
7076,4750,718,88,0,0,0,0,2023_07_08_f9ab093307a7a49b2e67g.tex
7395,5528,850,91,0,0,0,0,2023_07_08_f9b93d49fcf0dcf30b9eg.tex
7950,6272,1070,109,0,0,0,0,2023_07_08_f9c4e3896d1c4e4b7fe4g.tex
7859,6272,1070,109,0,0,0,0,2023_07_08_f9c4e3896d1c4e4b7fe4g_1.tex
7859,6272,1070,109,0,0,0,0,2023_07_08_f9c4e3896d1c4e4b7fe4g_2.tex
7104,6214,964,56,0,0,0,0,2023_07_08_f9d26773770d043e85b4g.tex
7038,6214,964,56,0,0,0,0,2023_07_08_f9d26773770d043e85b4g_1.tex
7038,6214,964,56,0,0,0,0,2023_07_08_f9d26773770d043e85b4g_2.tex
9979,5914,963,131,0,0,0,0,2023_07_08_f9e6319b67cb8e4fc534g.tex
8037,6706,1084,46,0,0,0,0,2023_07_08_f9f31e3530e14b4683feg.tex
8520,4930,684,109,0,0,0,0,2023_07_08_f9fd8cabb2621d5152feg.tex
7487,4964,777,72,0,0,0,0,2023_07_08_fa5d198557d2f9da4861g.tex
7735,6249,1077,97,0,0,0,0,2023_07_08_fa892690edbca38e63b6g.tex
7381,5682,812,91,0,0,0,0,2023_07_08_fadc82836205ab28bcf2g.tex
7362,5508,751,85,0,0,0,0,2023_07_08_fb4896f74b2b4b81267cg.tex
8175,6862,995,157,0,0,0,0,2023_07_08_fb5c69c6be1427f7ad79g.tex
8124,6112,905,126,0,0,0,0,2023_07_08_fb7c338273674af2e2f4g.tex
7501,4999,883,64,0,0,0,0,2023_07_08_fb8679672b4045768be9g.tex
6990,4743,691,72,0,0,0,0,2023_07_08_fba6e3ab97d3f28fad39g.tex
7543,6505,963,133,0,0,0,0,2023_07_08_fbaa35d3b07ef0210542g.tex
8839,7064,1237,124,0,0,0,0,2023_07_08_fbb78269e2240c2c97ccg.tex
7316,5993,982,62,0,0,0,0,2023_07_08_fbf5be5f7f873f01c091g.tex
8054,7142,987,83,0,0,0,0,2023_07_08_fc30b9a8cd8b12054b08g.tex
8006,7142,987,83,0,0,0,0,2023_07_08_fc30b9a8cd8b12054b08g_1.tex
8006,7142,987,83,0,0,0,0,2023_07_08_fc30b9a8cd8b12054b08g_2.tex
8575,7175,1047,91,0,0,0,0,2023_07_08_fc37d421bc72c714b940g.tex
8129,6902,1136,140,0,0,0,0,2023_07_08_fc405c1e27259e754fabg.tex
8096,6121,964,72,0,0,0,0,2023_07_08_fc7bee756d6283a83ea5g.tex
7687,5754,902,85,0,0,0,0,2023_07_08_fc7f1a014cc1223bd7cfg.tex
7938,7302,1078,43,0,0,0,0,2023_07_08_fc93882817662c4f5710g.tex
7856,6795,1138,104,0,0,0,0,2023_07_08_fc95a13ae67174991ee8g.tex
7602,4878,670,48,0,0,0,0,2023_07_08_fca64c08107e49999e09g.tex
7717,5963,792,47,0,0,0,0,2023_07_08_fcb0a038f053f75805a9g.tex
8599,7127,1133,192,0,0,0,0,2023_07_08_fcbc67dd18f14a8c1340g.tex
8029,7360,1271,87,0,0,0,0,2023_07_08_fccd8ef27e9e933d89d9g.tex
8376,6225,1069,86,1,0,0,0,2023_07_08_fce077d0bbc40c0fceecg.tex
7846,6766,1015,102,0,0,0,0,2023_07_08_fcea194f391a66f9bc57g.tex
7778,6766,1015,102,0,0,0,0,2023_07_08_fcea194f391a66f9bc57g_1.tex
7778,6766,1015,102,0,0,0,0,2023_07_08_fcea194f391a66f9bc57g_2.tex
7924,5057,846,100,0,0,0,0,2023_07_08_fcebdf21ea6458e64197g.tex
8916,4171,569,100,0,0,0,0,2023_07_08_fcf2af0821ac84965a22g.tex
7496,5669,959,85,0,0,0,0,2023_07_08_fd005305b5f8e66903adg.tex
7907,4976,711,96,0,0,0,0,2023_07_08_fd10b6413b0643f113cag.tex
7878,5008,759,59,0,0,0,0,2023_07_08_fd21fb67b194f7336868g.tex
7979,6786,924,61,0,0,0,0,2023_07_08_fd4c7568c715b479cc88g.tex
6106,4670,782,52,0,0,0,0,2023_07_08_fd4d13d75a216f21bb9fg.tex
7247,6941,991,16,0,0,0,0,2023_07_08_fd57a3f16f1bd9195fabg.tex
7180,6101,1031,63,0,0,0,0,2023_07_08_fd58bc02f7a3cb4c1ac3g.tex
6975,5188,811,53,1,0,0,0,2023_07_08_fd762c659efaaaedc47ag.tex
8197,6396,1028,72,0,0,0,0,2023_07_08_fda8d2fcb92dc89da0f8g.tex
9004,6938,1231,113,0,0,0,0,2023_07_08_fdc13624fff8f1db30bbg.tex
7765,6608,905,56,0,0,0,0,2023_07_08_fdca312d234e64e0904bg.tex
7464,5575,851,100,0,0,0,0,2023_07_08_fde54ed41aad6e982b6dg.tex
7609,5091,810,78,0,0,0,0,2023_07_08_fde745c2d47eed0319bag.tex
8396,6038,983,138,0,0,0,0,2023_07_08_fdec7d369a6d7413a0d6g.tex
7707,6117,876,83,0,0,0,0,2023_07_08_fe06543c4d34c0c83c75g.tex
7827,6655,945,44,0,0,0,0,2023_07_08_fe3f7bb65f07d43c5ec5g.tex
7250,6837,904,1,0,0,0,0,2023_07_08_fe4e436eabf5b47b3bf2g.tex
7697,4883,687,79,0,0,0,0,2023_07_08_fe548d5b1218ad7dadd5g.tex
7523,6014,911,73,0,0,0,0,2023_07_08_fe575d8ac8fb62127059g.tex
7434,6014,911,73,0,0,0,0,2023_07_08_fe575d8ac8fb62127059g_1.tex
6432,3967,547,50,0,0,0,0,2023_07_08_fe74ebe48d616cff1579g.tex
7090,5658,936,84,0,0,0,0,2023_07_08_fe7a6ce887fd68c3cd3ag.tex
7727,6331,852,53,0,0,0,0,2023_07_08_fe80238ff4b7a6535fa0g.tex
8014,6961,967,135,0,0,0,0,2023_07_08_fe875d03bdcca2777cfeg.tex
8312,5604,849,114,0,0,0,0,2023_07_08_fe92a5f7b7499273d8fcg.tex
7207,5690,906,56,0,0,0,0,2023_07_08_feac60505ab0d022a7e9g.tex
7764,5598,918,79,0,0,0,0,2023_07_08_feae6a2271ffe9d26153g.tex
7756,6404,819,45,0,0,0,0,2023_07_08_fec5042411f1c10326d3g.tex
7496,6242,862,73,0,0,0,0,2023_07_08_fecbac0aeb4e4efc5dc8g.tex
8362,7037,935,142,0,0,0,0,2023_07_08_fece28d6b0d356058161g.tex
7290,5145,893,61,0,0,0,0,2023_07_08_fef8299c5040245400acg.tex
8184,4983,791,89,0,0,0,0,2023_07_08_ff1720ea12331cf0d30fg.tex
7315,4946,763,73,0,0,0,0,2023_07_08_ff1d26a0e6ce861ee5dcg.tex
7287,5719,885,91,0,0,0,0,2023_07_08_ff24b963cff69214513cg.tex
7344,6994,1019,85,0,0,0,0,2023_07_08_ff2c63ea237d86af4bd8g.tex
6628,4968,721,52,0,0,0,0,2023_07_08_ff5f00ff067ec32c79bag.tex
7118,3430,550,59,0,0,0,0,2023_07_08_ff9105528258a8dc8c54g.tex
7581,6469,1097,63,1,0,0,0,2023_07_08_ff9cddce33ee74131254g.tex
8011,6541,1215,60,0,0,0,0,2023_07_08_ffa239706fd3f9f0ed03g.tex
7920,6541,1215,60,0,0,0,0,2023_07_08_ffa239706fd3f9f0ed03g_1.tex
7920,6541,1215,60,0,0,0,0,2023_07_08_ffa239706fd3f9f0ed03g_2.tex
7837,6203,819,55,0,0,0,0,2023_07_08_ffb8df2d8dad474c92d8g.tex
6847,5720,787,29,0,0,0,0,2023_07_09_0005d23472cad1854349g.tex
8137,5797,837,91,0,0,0,0,2023_07_09_001f37e87197051de4f4g.tex
7077,6040,1016,61,0,0,0,0,2023_07_09_005e1f69d379f1a6a2f4g.tex
6910,5186,789,74,0,0,0,0,2023_07_09_00f4d69675196f2dd506g.tex
7515,6496,963,67,0,0,0,0,2023_07_09_0111f4b987655029876fg.tex
7817,5269,732,98,0,0,0,0,2023_07_09_0128c88e37fad7397148g.tex
7191,4698,673,96,0,0,0,0,2023_07_09_01598495e2cde2201456g.tex
8211,6313,942,101,0,0,0,0,2023_07_09_03c4b79edb0f8fb6095cg.tex
7355,4871,760,67,0,0,0,0,2023_07_09_040ea978b56a8bdf0523g.tex
7249,6973,1015,9,0,0,0,0,2023_07_09_046a61a6329d2f91e483g.tex
8352,5426,751,48,0,0,0,0,2023_07_09_04cfe6a7f04a69023f70g.tex
6574,4902,786,48,0,0,0,0,2023_07_09_0617a9df68e53b0f4496g.tex
7616,4996,757,38,0,0,0,0,2023_07_09_0695e4af91a6c5449386g.tex
6865,4373,773,71,0,0,0,0,2023_07_09_07cf9b8242aa3877f838g.tex
8678,6596,958,99,0,0,0,0,2023_07_09_08609cb348b493df6eb8g.tex
7626,7035,969,90,0,0,0,0,2023_07_09_08ba2ca5f8ad75df6bd7g.tex
7777,6435,1059,111,0,0,0,0,2023_07_09_0a7e30755279506e92a4g.tex
8260,7430,1188,32,0,0,0,0,2023_07_09_0b148d5e28a13f3f5e3dg.tex
7154,6714,824,3,0,0,0,0,2023_07_09_0dc1296d7bd701c949feg.tex
7361,4981,778,67,0,0,0,0,2023_07_09_0deea658962f1bbb20efg.tex
7548,6222,1013,101,0,0,0,0,2023_07_09_0dfa7341f2acf8416076g.tex
7760,5574,992,102,0,0,0,0,2023_07_09_0ea0e7db70b631e9c202g.tex
7952,6102,851,63,0,0,0,0,2023_07_09_0fc1b532bd86a52dff3eg.tex
8149,4652,638,107,0,0,0,0,2023_07_09_10bad521b21c20afb86fg.tex
7286,5342,852,67,0,0,0,0,2023_07_09_1110ad265e5b7a04ba6dg.tex
7157,6446,896,37,0,0,0,0,2023_07_09_11ca9e6cd218c8317801g.tex
8346,5763,905,136,0,0,0,0,2023_07_09_126a81945ecab0faaf0ag.tex
7764,6515,879,60,0,0,0,0,2023_07_09_12fa3c94abfa69b150ddg.tex
6348,4585,623,54,0,0,0,0,2023_07_09_13b6dd7c0e561a586071g.tex
7534,5381,842,103,0,0,0,0,2023_07_09_13ed06c4c2a61b5f2714g.tex
7586,5437,760,69,0,0,0,0,2023_07_09_144368f6f362f1db3a12g.tex
7426,5559,854,87,0,0,0,0,2023_07_09_1511c233efc5cf616b05g.tex
7543,5773,867,65,0,0,0,0,2023_07_09_158ff49671630b9317a0g.tex
8117,6641,1054,80,0,0,0,0,2023_07_09_15d22da27b2b86e3c893g.tex
7756,5719,895,50,0,0,0,0,2023_07_09_167802a4647b65445049g.tex
8076,5843,888,124,0,0,0,0,2023_07_09_1690ab5b833ac24a1d95g.tex
7351,4579,615,47,0,0,0,0,2023_07_09_1697aadbdf1ef55e854ag.tex
7840,4870,823,88,0,0,0,0,2023_07_09_16ed82033cd572878ff1g.tex
8332,6253,954,64,0,0,0,0,2023_07_09_1749ad90cb4adac104ebg.tex
6712,5201,814,55,0,0,0,0,2023_07_09_17ac227b240a37103421g.tex
8271,7241,1165,70,0,0,0,0,2023_07_09_17b576b714b05d1143a8g.tex
7376,6643,990,42,0,0,0,0,2023_07_09_18323192f36b84ca6432g.tex
7740,5912,979,119,0,0,0,0,2023_07_09_186ede1e21e413f0edcag.tex
8065,5033,779,84,0,0,0,0,2023_07_09_188a29dd5cb0213ab71dg.tex
4923,3875,660,37,0,0,0,0,2023_07_09_19d053e368c6c72f3d89g.tex
8614,5555,856,112,0,0,0,0,2023_07_09_1a51737e946be01a1594g.tex
7189,5060,848,70,0,0,0,0,2023_07_09_1a60031952367890e798g.tex
7140,3868,514,78,0,0,0,0,2023_07_09_1ad6f38ee0d6afef83f1g.tex
7883,4572,698,91,0,0,0,0,2023_07_09_1b60e44b844966e8feddg.tex
7623,4787,823,84,0,0,0,0,2023_07_09_1b6202bd26e6c70a7950g.tex
6909,5115,734,100,0,0,0,0,2023_07_09_1ba3d57329e135e15647g.tex
6927,4161,699,70,0,0,0,0,2023_07_09_1c0a5893169b96c905ddg.tex
5156,3059,503,69,0,0,0,0,2023_07_09_1c2f273a37901c13316cg.tex
7737,7302,1033,23,0,0,0,0,2023_07_09_1c69fb2c7454bd9f61feg.tex
8017,6845,1019,106,0,0,0,0,2023_07_09_1eb4bbfe6ecae070bb0eg.tex
7938,6065,1020,80,0,0,0,0,2023_07_09_1eef3130fdf1638080cfg.tex
7413,6676,1021,38,0,0,0,0,2023_07_09_1f1d40a7e565766c78d9g.tex
7125,4330,633,49,0,0,0,0,2023_07_09_20c51d97fb68ef3e0f92g.tex
7767,4825,668,55,0,0,0,0,2023_07_09_20d5871e1314cef8ae56g.tex
8107,6266,955,91,0,0,0,0,2023_07_09_21ebb9af16b5c23d7501g.tex
7916,6270,1056,61,0,0,0,0,2023_07_09_226219d6ef61e28a1868g.tex
7552,6237,857,93,0,0,0,0,2023_07_09_230a1ea2f289127425c6g.tex
8303,6643,1087,98,0,0,0,0,2023_07_09_2399ba1e9fcc3a0b960eg.tex
6955,5126,731,74,0,0,0,0,2023_07_09_2432ea642c8f91d98104g.tex
8650,5418,975,123,0,0,0,0,2023_07_09_2472010c7e534d255003g.tex
7584,6043,899,107,0,0,0,0,2023_07_09_2527d107b393def0a71ag.tex
6733,3926,612,69,0,0,0,0,2023_07_09_2535e2ef644f0238aee0g.tex
5650,4030,692,78,0,0,0,0,2023_07_09_25cc1b2d535401f567e3g.tex
7608,6285,985,112,0,0,0,0,2023_07_09_261ed9c97779cb4b23c1g.tex
8355,7423,1235,94,0,0,0,0,2023_07_09_26884c2e1ee13e11741fg.tex
7584,5922,964,95,0,0,0,0,2023_07_09_2729497d7544d34dad64g.tex
7505,4631,767,106,0,0,0,0,2023_07_09_274d9416b8506703138cg.tex
6800,4737,714,70,0,0,0,0,2023_07_09_276e19460f8a54661c83g.tex
7380,5313,799,99,0,0,0,0,2023_07_09_291d77fca6a659eab1f0g.tex
7778,6145,904,34,0,0,0,0,2023_07_09_2931031f7dddb86f9f64g.tex
7679,5861,899,83,0,0,0,0,2023_07_09_2a337271decbbf4822c4g.tex
8530,6765,1041,112,0,0,0,0,2023_07_09_2aba792636f52701a975g.tex
7366,4825,726,90,0,0,0,0,2023_07_09_2c64cdb37c269824a52fg.tex
7418,6562,999,90,0,0,0,0,2023_07_09_2c7e41207c36fe40dcedg.tex
7567,5570,879,104,0,0,0,0,2023_07_09_2ce542f37060bc1c7a19g.tex
7674,5625,973,107,0,0,0,0,2023_07_09_2d72c7cad8c185ae7604g.tex
8173,5345,805,103,0,0,0,0,2023_07_09_2d7b465a1d284c5d3257g.tex
7314,5444,843,80,0,0,0,0,2023_07_09_2d83178f152cba0ec378g.tex
8112,5876,798,111,0,0,0,0,2023_07_09_2ecc05cef27a6800d166g.tex
6891,4482,760,110,0,0,0,0,2023_07_09_2f80ee461bde53095748g.tex
7832,6293,993,96,0,0,0,0,2023_07_09_3089cc0ca828fde650abg.tex
8099,6565,1018,75,0,0,0,0,2023_07_09_30a26f9f2c9e301e3c2cg.tex
8341,7476,1291,28,0,0,0,0,2023_07_09_30ac3559a8c629dfe9e4g.tex
7903,6645,1084,149,0,0,0,0,2023_07_09_31756bd82f14506c85d4g.tex
9146,5918,951,105,0,0,0,0,2023_07_09_32b291ae70433113dfebg.tex
8302,6290,1049,95,0,0,0,0,2023_07_09_32fb897ca262d5697a82g.tex
9312,5837,909,159,0,0,0,0,2023_07_09_334f6e8e87e2c7bc8ccfg.tex
7355,6208,889,54,0,0,0,0,2023_07_09_342b94a9f2a62670b9dag.tex
8617,5686,951,101,0,0,0,0,2023_07_09_34ce71e68562179103a6g.tex
8025,5659,899,96,0,0,0,0,2023_07_09_34d44f2dae1cfa8de4bdg.tex
8236,6647,1034,104,0,0,0,0,2023_07_09_351bf4e4e0df7a4c75cbg.tex
8410,6210,1101,81,0,0,0,0,2023_07_09_357c48f559065c3c27eeg.tex
7697,5532,897,124,0,0,0,0,2023_07_09_3685fa4c5a0b856433f6g.tex
8967,6031,924,122,0,0,0,0,2023_07_09_36e44e41f136beb681b0g.tex
7502,6576,959,57,0,0,0,0,2023_07_09_3710ad1d92de06f554d2g.tex
7069,5667,884,90,0,0,0,0,2023_07_09_3717a3eb9fcd313cf6eag.tex
8420,6848,1017,131,0,0,0,0,2023_07_09_373b4152aa7bf3b8eeabg.tex
6773,4771,754,51,0,0,0,0,2023_07_09_3768bf02fb2a34b94fd3g.tex
7832,5467,793,78,0,0,0,0,2023_07_09_376efbb61a99bb50c6d7g.tex
7055,4812,839,79,0,0,0,0,2023_07_09_39232d8e5387d1d5dbd1g.tex
8067,4922,734,125,0,0,0,0,2023_07_09_39e15ba2052f9899dd13g.tex
7824,6016,846,106,0,0,0,0,2023_07_09_3a09d5201e96361816d3g.tex
8399,5388,825,103,0,0,0,0,2023_07_09_3a52fd6600b4403c6a68g.tex
7297,5046,830,91,0,0,0,0,2023_07_09_3a969e74cc832e0c12d5g.tex
7297,5255,811,87,0,0,0,0,2023_07_09_3aac797ec7abb9cd248fg.tex
7951,6436,1014,87,0,0,0,0,2023_07_09_3accd4470dc688b97f91g.tex
7857,3209,563,77,0,0,0,0,2023_07_09_3ad187aa3f1a83972325g.tex
7934,5381,803,90,0,0,0,0,2023_07_09_3be1f9b366d7e2325371g.tex
7438,6447,976,44,0,0,0,0,2023_07_09_3c17634595b7bf0b46c6g.tex
7400,4682,757,75,0,0,0,0,2023_07_09_3c7c4b91927b818b5514g.tex
8631,6641,1147,87,0,0,0,0,2023_07_09_3c8c7070567704f98751g.tex
7813,6304,950,146,0,0,0,0,2023_07_09_3d0e3486c6503fed8ccdg.tex
7553,4919,806,87,0,0,0,0,2023_07_09_3d5aedf281808b3c70ffg.tex
7551,5953,943,93,0,0,0,0,2023_07_09_3d5cb0b901a49ddb7997g.tex
8542,7210,1176,151,0,0,0,0,2023_07_09_3ecfdb249e5b35f24d43g.tex
8362,5860,905,109,0,0,0,0,2023_07_09_3ee424033777e06b17b9g.tex
7658,7134,1057,34,0,0,0,0,2023_07_09_3eff751b8adb1dd1cac7g.tex
7262,6778,876,61,0,0,0,0,2023_07_09_3f17bba9cf7b9adf1c5fg.tex
8203,2304,409,55,0,0,0,0,2023_07_09_3fa31bcfd60d8ab3dedbg.tex
7385,5255,865,89,0,0,0,0,2023_07_09_3fe7e377419f8ee4ddc1g.tex
7912,5698,1012,108,0,0,0,0,2023_07_09_3fea130aeeda9f20ed42g.tex
8124,6981,1030,124,0,0,0,0,2023_07_09_3feab737ddfe1a29cb73g.tex
7983,6213,961,95,0,0,0,0,2023_07_09_417214854ba6de95322eg.tex
6497,4934,919,117,0,0,0,0,2023_07_09_42323fbeb9ed2f4f2309g.tex
7536,2187,386,77,0,0,0,0,2023_07_09_4263cc2a2e6a4a91ba8cg.tex
7863,7050,1089,114,0,0,0,0,2023_07_09_44ae4937a858768b5b14g.tex
8715,5433,799,137,0,0,0,0,2023_07_09_44faaf49a465fcab0c4fg.tex
8121,6441,970,105,0,0,0,0,2023_07_09_46460ef0eb39b27963c5g.tex
7779,5214,743,69,0,0,0,0,2023_07_09_464fd9b70a50960b2725g.tex
6099,3716,614,77,0,0,0,0,2023_07_09_482748c97895d426a986g.tex
7665,5854,980,67,0,0,0,0,2023_07_09_484483ca1fe47b90d849g.tex
7346,4837,731,62,0,0,0,0,2023_07_09_489212a6907384319acbg.tex
7615,6043,1035,79,0,0,0,0,2023_07_09_497c9d99346d41d0c420g.tex
7581,6562,921,73,0,0,0,0,2023_07_09_4b2cd02f6f9c4a312ad0g.tex
8321,7010,1117,87,0,0,0,0,2023_07_09_4bf30293c5703d3a247dg.tex
8716,6796,1068,132,0,0,0,0,2023_07_09_4c135b59b085122f7e8fg.tex
6864,4906,735,47,0,0,0,0,2023_07_09_4c1a8734b16fecdbaccdg.tex
7204,5774,923,96,0,0,0,0,2023_07_09_4c2a1df3b5f245d5c0fbg.tex
6715,5329,778,54,0,0,0,0,2023_07_09_4cd596d7a1014abeb942g.tex
7844,6692,917,42,0,0,0,0,2023_07_09_4d8373c475bd9d3683c2g.tex
8200,6030,990,60,0,0,0,0,2023_07_09_4d940407aa8432eb5a3bg.tex
7011,4647,710,78,0,0,0,0,2023_07_09_4efb9f51fe523ef08e44g.tex
7509,5295,800,90,0,0,0,0,2023_07_09_4f16284f817def83b4f3g.tex
7918,6594,1040,77,0,0,0,0,2023_07_09_4f2de438606109acdbc7g.tex
7762,5888,922,88,0,0,0,0,2023_07_09_4fd908fa9c4d786095e8g.tex
7564,5273,855,119,0,0,0,0,2023_07_09_50336f01395d8b880becg.tex
7310,4784,785,68,0,0,0,0,2023_07_09_50b252a6a1f02de14213g.tex
8068,4395,804,94,0,0,0,0,2023_07_09_511331aa6f28e8e9574ag.tex
7511,4731,705,77,0,0,0,0,2023_07_09_512e09b22d103190add6g.tex
7493,5243,809,77,0,0,0,0,2023_07_09_52eacd0cbdccb74c34ccg.tex
9003,4926,790,53,0,0,0,0,2023_07_09_530abca183dd74cf40f6g.tex
7744,6171,960,65,0,0,0,0,2023_07_09_5323a19ef5fdafc5cae9g.tex
7648,4254,630,87,0,0,0,0,2023_07_09_533a88d72527059d806eg.tex
8420,5489,898,107,0,0,0,0,2023_07_09_53e99e72606f2529bc28g.tex
7597,3909,633,90,0,0,0,0,2023_07_09_544318dc53ae9cd791c5g.tex
8098,6429,1061,109,0,0,0,0,2023_07_09_544f6e8a61a8d90f5031g.tex
7102,5372,939,35,0,0,0,0,2023_07_09_550ccc36bb4938003809g.tex
6731,3915,638,76,0,0,0,0,2023_07_09_55b71a1f434326eaf3a0g.tex
8997,6130,913,125,0,0,0,0,2023_07_09_5608f5b3596dbefdce07g.tex
5229,3520,488,46,0,0,0,0,2023_07_09_563272f61f2f6e480dc6g.tex
8340,917,128,17,0,0,0,0,2023_07_09_5700344289bfb7230ad1g.tex
7368,6683,1043,49,0,0,0,0,2023_07_09_57061e81371302d46fbfg.tex
8125,6503,1114,101,0,0,0,0,2023_07_09_57bbd45c6da4deb25a94g.tex
6951,5940,888,103,0,0,0,0,2023_07_09_58743e194659258e09c1g.tex
6978,4716,764,67,0,0,0,0,2023_07_09_5887137c9a908cc885e0g.tex
7644,5740,880,72,0,0,0,0,2023_07_09_59057c69eec34af4b23bg.tex
7582,6478,1128,152,0,0,0,0,2023_07_09_591418b56d7ef62ebae7g.tex
7264,6891,975,9,0,0,0,0,2023_07_09_5a61721678c641faafd5g.tex
8253,6418,971,88,0,0,0,0,2023_07_09_5a831f3cb04830abe7a0g.tex
7239,3877,619,68,1,0,0,0,2023_07_09_5ba96e51499e4f2a7d7dg.tex
7000,4341,697,73,0,0,0,0,2023_07_09_5c43d26c76862b09edfcg.tex
8401,6020,981,112,0,0,0,0,2023_07_09_5c7c078d5e3e99a50907g.tex
6311,4521,712,61,0,0,0,0,2023_07_09_5d6c15e0c841f66ff510g.tex
8013,5290,889,89,0,0,0,0,2023_07_09_5dd1adb7efa79967f8d8g.tex
7737,5568,922,96,0,0,0,0,2023_07_09_5de37cbcfaf0be1ac745g.tex
6353,4082,587,41,0,0,0,0,2023_07_09_5e1979932b81e583752eg.tex
8232,6666,878,75,0,0,0,0,2023_07_09_5e6fc67eb66ac8124582g.tex
8250,6506,1040,106,0,0,0,0,2023_07_09_5e8ed923021e821efb55g.tex
7179,6823,854,9,0,0,0,0,2023_07_09_5eb9e409fe52be8f28a6g.tex
7198,4816,819,65,0,0,0,0,2023_07_09_5edaa8badbd40fc13857g.tex
8504,7376,1225,95,0,0,0,0,2023_07_09_5eff5a36ca222e02f1bfg.tex
7692,6709,972,36,0,0,0,0,2023_07_09_5f04b0ebf4a2525306b6g.tex
7393,5013,771,104,0,0,0,0,2023_07_09_5f1b426c480b363a5938g.tex
7303,4700,625,90,0,0,0,0,2023_07_09_5f5ccdb781aabc635895g.tex
7575,6275,975,63,0,0,0,0,2023_07_09_605286dbbd033bba59c5g.tex
7190,6707,950,22,0,0,0,0,2023_07_09_6111d3df50052058c957g.tex
8100,6665,1090,93,0,0,0,0,2023_07_09_6169cceecb3682f59815g.tex
8820,6797,1007,143,0,0,0,0,2023_07_09_61eceecf7fde84f90a0bg.tex
8388,5199,918,109,0,0,0,0,2023_07_09_61f90db90dfa1517b931g.tex
8994,5354,854,141,0,0,0,0,2023_07_09_623093851840bb1d0ad8g.tex
8529,6866,1104,115,0,0,0,0,2023_07_09_62a0be2e42001fcbcd78g.tex
7149,6010,965,80,0,0,0,0,2023_07_09_6326068cd1a3e913d355g.tex
8853,5917,970,146,0,0,0,0,2023_07_09_634993a71718324cc610g.tex
7625,4748,822,97,0,0,0,0,2023_07_09_63aabd81b973dccb51fag.tex
7420,4291,633,96,0,0,0,0,2023_07_09_63acfab38878f42ceb22g.tex
7126,4417,625,50,0,0,0,0,2023_07_09_6410e555941152822d1ag.tex
7768,7038,1100,53,0,0,0,0,2023_07_09_641d80896d98b2ccd8abg.tex
8345,7203,1107,102,0,0,0,0,2023_07_09_648efd7a2e0640d65bebg.tex
7926,4860,827,80,0,0,0,0,2023_07_09_64a7bca38cfb3a4d120dg.tex
8717,6345,890,90,0,0,0,0,2023_07_09_64b882dd5e91161c1275g.tex
7637,7012,1072,51,0,0,0,0,2023_07_09_675259e1229bb884f54dg.tex
7389,4328,746,69,0,0,0,0,2023_07_09_6908e7ad1eed8246338ag.tex
7893,5632,873,70,0,0,0,0,2023_07_09_692d4f63ca97fea1cd9cg.tex
8717,6138,968,109,0,0,0,0,2023_07_09_6980d4258a18643b4286g.tex
7085,4741,773,93,0,0,0,0,2023_07_09_69a488a98a2418205f95g.tex
8057,6373,1002,66,0,0,0,0,2023_07_09_69a4f5787777b4403181g.tex
8231,6928,1141,95,0,0,0,0,2023_07_09_69b89c7e923dc9280051g.tex
7472,6657,997,32,0,0,0,0,2023_07_09_6a479efabc5cdabbe0acg.tex
7285,6878,1128,34,0,0,0,0,2023_07_09_6a976d7db94b070e127fg.tex
7715,5144,808,70,0,0,0,0,2023_07_09_6b616bf1b681ed8a362dg.tex
7292,6586,1019,64,0,0,0,0,2023_07_09_6b943515cd89a614cbc8g.tex
6833,5786,881,37,0,0,0,0,2023_07_09_6ba88a9276e1aea993b9g.tex
7712,5446,821,63,0,0,0,0,2023_07_09_6bce061042c4a5f4ee3bg.tex
7303,5587,817,69,0,0,0,0,2023_07_09_6bfbe7128622020909d2g.tex
7333,6034,885,99,0,0,0,0,2023_07_09_6c82ee9df65c6d65503eg.tex
5993,3678,609,67,0,0,0,0,2023_07_09_6d819fe40f05dfeff4dcg.tex
7997,6255,1027,81,0,0,0,0,2023_07_09_6e3e351def558b30ebbdg.tex
6942,5202,958,80,0,0,0,0,2023_07_09_6e3eccc6e665ec82ed10g.tex
7467,5942,1034,99,0,0,0,0,2023_07_09_6f5aaf4072c377f366f8g.tex
7884,3960,636,92,0,0,0,0,2023_07_09_6f5d28a2ae5d2b5ce309g.tex
7004,5145,764,73,0,0,0,0,2023_07_09_6fbca88c8d7bb2e5ecaag.tex
7630,5916,960,97,0,0,0,0,2023_07_09_6ffe06e45647ed1b52aeg.tex
8439,6901,1148,98,0,0,0,0,2023_07_09_700c21e264dfa692efe5g.tex
7505,6590,951,47,0,0,0,0,2023_07_09_70a1c40b264c6a52f868g.tex
8266,6156,1019,113,0,0,0,0,2023_07_09_70e4d556f750c46c9e1dg.tex
7834,4904,729,111,0,0,0,0,2023_07_09_712c8a64ac3093c61835g.tex
7132,5679,952,81,0,0,0,0,2023_07_09_713eb9170a2198f54089g.tex
8525,5001,800,110,0,0,0,0,2023_07_09_728fdc8ea3987117bb31g.tex
7776,6660,1098,111,0,0,0,0,2023_07_09_72be3092e6fc5aa3396fg.tex
7549,5319,918,125,0,0,0,0,2023_07_09_72d76f2e3909cd2ad9f0g.tex
3527,3119,519,19,0,0,0,0,2023_07_09_72e4062dee2fc8f2a8b8g.tex
7339,5257,840,64,0,0,0,0,2023_07_09_73405272d843d184d73bg.tex
8413,6257,1007,67,0,0,0,0,2023_07_09_73812cd618761a3c6749g.tex
7798,5610,878,97,0,0,0,0,2023_07_09_73974918314975b859dbg.tex
7418,4631,713,63,0,0,0,0,2023_07_09_74e877090b86b6031a44g.tex
7929,6462,960,90,0,0,0,0,2023_07_09_755bff67b847c3b07e7fg.tex
7375,5295,747,89,0,0,0,0,2023_07_09_75a56a6f78e1fffe52c9g.tex
7255,5172,889,84,0,0,0,0,2023_07_09_76517841152832a9ed8eg.tex
7851,6542,957,71,0,0,0,0,2023_07_09_76e75f26b196b24e2a9dg.tex
8086,5346,938,77,0,0,0,0,2023_07_09_771c8b17868fefa88ca9g.tex
7514,6305,887,74,0,0,0,0,2023_07_09_7735c94c60234887e3cag.tex
7007,5722,887,77,0,0,0,0,2023_07_09_77c266d0fd81dd3246ebg.tex
8129,6829,1049,81,0,0,0,0,2023_07_09_7816a7857453b215028cg.tex
7760,7173,1057,60,0,0,0,0,2023_07_09_78a7eb68159fd9608f21g.tex
8005,6755,1012,73,0,0,0,0,2023_07_09_78c3d75fada398bd99f8g.tex
8018,6735,1042,91,0,0,0,0,2023_07_09_78e19cb90e1badce0686g.tex
9103,7148,1157,139,0,0,0,0,2023_07_09_78e3c4c8d363b6afcd59g.tex
6601,5085,828,85,0,0,0,0,2023_07_09_794a8ccc5858d56eac6bg.tex
7440,4378,604,81,0,0,0,0,2023_07_09_79a13c3be79f05edff72g.tex
7387,5952,955,96,0,0,0,0,2023_07_09_7a6b6c67f02133c91159g.tex
8184,5434,839,87,0,0,0,0,2023_07_09_7b122103d24ae686fe3bg.tex
7443,5515,802,72,0,0,0,0,2023_07_09_7b364331fcf6dc4c42fag.tex
7207,5783,894,104,0,0,0,0,2023_07_09_7b904f9ff6dbb3a8bff4g.tex
8153,6572,1015,91,0,0,0,0,2023_07_09_7cbf95cca599e2c57e5fg.tex
8556,5367,846,97,0,0,0,0,2023_07_09_7d164b23bfed8c0c6ab9g.tex
7641,4681,733,91,0,0,0,0,2023_07_09_7e3c9e78576e4297dc49g.tex
7743,5544,900,91,0,0,0,0,2023_07_09_808c5c62fb98326cff59g.tex
8053,5296,871,81,0,0,0,0,2023_07_09_80f70b71a7c40236d32fg.tex
7611,4096,597,76,0,0,0,0,2023_07_09_80faaf02bb31edcc1208g.tex
8043,6120,1018,103,0,0,0,0,2023_07_09_81c477723b2a3cd258edg.tex
6001,4121,694,64,0,0,0,0,2023_07_09_83c76ed864934f92bb6dg.tex
7007,5758,933,95,0,0,0,0,2023_07_09_840f3b2f2bbf5974d619g.tex
6693,5182,803,73,0,0,0,0,2023_07_09_865dd954a786e1970f5cg.tex
6988,5979,857,30,0,0,0,0,2023_07_09_86a7bbf064ea216bd71eg.tex
8914,6479,1105,104,0,0,0,0,2023_07_09_87026aaf7280becf3b1cg.tex
7878,6576,975,121,0,0,0,0,2023_07_09_8743fbabe4b81bbe82c3g.tex
7237,5287,827,93,0,0,0,0,2023_07_09_8782fca00e9e34566bf2g.tex
7433,6036,883,67,0,0,0,0,2023_07_09_878bf891c6687bfbe273g.tex
7388,5829,904,57,0,0,0,0,2023_07_09_87cc9615273082e3c25ag.tex
8362,6483,1010,136,0,0,0,0,2023_07_09_87d96c56e7042996af61g.tex
8197,5495,885,81,0,0,0,0,2023_07_09_886eecebb2987fe8ccd6g.tex
8122,7223,1105,106,0,0,0,0,2023_07_09_888aad56fab646cdfe90g.tex
8655,5721,791,126,0,0,0,0,2023_07_09_89a8f2dcaac36f44859dg.tex
6678,5681,881,66,0,0,0,0,2023_07_09_8b4bb166310143d091ecg.tex
6541,4360,581,51,0,0,0,0,2023_07_09_8b8421b9001badce4539g.tex
7883,7073,1069,57,0,0,0,0,2023_07_09_8c21f22cbcd89f9abd1eg.tex
8152,6230,958,105,0,0,0,0,2023_07_09_8c7643f1ffe6093b51f7g.tex
8043,4323,717,80,0,0,0,0,2023_07_09_8c7d20db5c09af5f2d0dg.tex
8491,5798,937,130,0,0,0,0,2023_07_09_8d041950963ebb25e6afg.tex
8244,4356,671,102,0,0,0,0,2023_07_09_8d5bf3184e3496600085g.tex
7648,4786,762,67,0,0,0,0,2023_07_09_8e5e0b3fc949bc32d289g.tex
7937,6648,1022,70,0,0,0,0,2023_07_09_8eba0b7525179ec85159g.tex
7919,6246,946,74,0,0,0,0,2023_07_09_8fa55f321f10062a1a55g.tex
7531,6119,1050,55,0,0,0,0,2023_07_09_8fb23512d14cd8581804g.tex
7357,4288,627,88,0,0,0,0,2023_07_09_8fcadf6d122df966ef49g.tex
8204,6731,1036,141,0,0,0,0,2023_07_09_8fcda664a824af2a32dbg.tex
8108,7300,1237,79,0,0,0,0,2023_07_09_90f4588f098ca4e93dfeg.tex
7695,6193,966,69,0,0,0,0,2023_07_09_91108ce98d6aeedc4660g.tex
6981,3699,608,77,0,0,0,0,2023_07_09_920832408dbe1ee97f78g.tex
8365,6552,999,83,0,0,0,0,2023_07_09_9350aca1a9c8f7ab91d7g.tex
8017,5497,873,114,0,0,0,0,2023_07_09_938b725261465db7e302g.tex
8560,6193,943,108,0,0,0,0,2023_07_09_955f54b982b0bc1e9269g.tex
7040,5750,843,48,0,0,0,0,2023_07_09_9565c3c55d4be81c55d0g.tex
8193,4117,661,82,0,0,0,0,2023_07_09_95c9fa747dddf0af24ccg.tex
7505,6426,942,41,0,0,0,0,2023_07_09_9647dbfaf3ef3cead739g.tex
8137,5053,810,123,0,0,0,0,2023_07_09_9697d4b7d6de0482c885g.tex
7770,5193,858,78,0,0,0,0,2023_07_09_96e0eb75c692631f3583g.tex
7770,6850,1082,85,0,0,0,0,2023_07_09_96e58d85a35eadf3a0ffg.tex
6929,1776,254,61,0,0,0,0,2023_07_09_9760a53b863c159fb6d4g.tex
8388,6739,1296,107,0,0,0,0,2023_07_09_97e3c76e1cdd04afa216g.tex
7382,6613,961,34,0,0,0,0,2023_07_09_98445ffb5358ae5bb5e5g.tex
7360,4804,687,61,0,0,0,0,2023_07_09_9876de76eb0d202d6be1g.tex
7745,7373,1107,11,0,0,0,0,2023_07_09_9878e228c21558dc17ffg.tex
7038,5085,736,71,0,0,0,0,2023_07_09_98d3f8762fd3bea86ffbg.tex
8082,7112,1281,49,0,0,0,0,2023_07_09_990290838fc4d1549ff8g.tex
7103,5252,863,71,0,0,0,0,2023_07_09_991621900b1f6760476ag.tex
8539,6381,1031,120,0,0,0,0,2023_07_09_99d425066324f394740cg.tex
7235,5823,950,81,0,0,0,0,2023_07_09_9a5e3719ffe97da4b6c4g.tex
8352,5768,1013,110,0,0,0,0,2023_07_09_9b0f08515e83bad32a52g.tex
6773,4650,737,75,0,0,0,0,2023_07_09_9b2b68a8d99366363346g.tex
6838,5125,771,100,0,0,0,0,2023_07_09_9b616cf8c5151fb2c05eg.tex
7932,6918,1085,34,0,0,0,0,2023_07_09_9bcaa79e0a10204098f7g.tex
8187,5091,793,116,0,0,0,0,2023_07_09_9c61753a146f3b7a7c27g.tex
7300,5995,920,76,0,0,0,0,2023_07_09_9ee90f7279edc1ed094eg.tex
8188,5718,755,69,0,0,0,0,2023_07_09_9f2260d5bbdc6512703eg.tex
7638,5996,921,76,0,0,0,0,2023_07_09_9f7d44f53ff20da124d8g.tex
8290,3635,629,101,0,0,0,0,2023_07_09_a01006407529fd695617g.tex
7154,3664,615,78,0,0,0,0,2023_07_09_a025a0447bcc870ab24bg.tex
7418,5865,909,47,0,0,0,0,2023_07_09_a0cc4316308a0acf2514g.tex
9313,7473,1119,158,0,0,0,0,2023_07_09_a0d78f812a77b91abd16g.tex
7153,5609,893,101,0,0,0,0,2023_07_09_a12f7d5b26c6ad683f1ag.tex
7771,7015,1030,55,0,0,0,0,2023_07_09_a13ec212f9ad25e755b5g.tex
8087,4074,653,80,0,0,0,0,2023_07_09_a146c4260c5161602b6ag.tex
7861,6505,1001,71,0,0,0,0,2023_07_09_a1c99833d778c0f4e201g.tex
7544,5848,793,64,0,0,0,0,2023_07_09_a241fe7b1ac96a02f05dg.tex
7009,4254,644,53,0,0,0,0,2023_07_09_a273605a34468f71195cg.tex
7967,6474,951,86,0,0,0,0,2023_07_09_a3324c2ddb454707b766g.tex
6747,4933,836,55,0,0,0,0,2023_07_09_a37e0da93d9cc50c51b7g.tex
7845,7438,1148,120,0,0,0,0,2023_07_09_a4090396f60952e57d6eg.tex
9049,5904,898,118,0,0,0,0,2023_07_09_a4786fd8d26d1ab6d390g.tex
6628,5122,758,61,0,0,0,0,2023_07_09_a4bfcd112af14e3dfbeeg.tex
6271,4595,768,106,0,0,0,0,2023_07_09_a535c5f1bfb5f41e4e7dg.tex
8433,6870,1123,70,0,0,0,0,2023_07_09_a59aa53b8e22b5842a9ag.tex
6221,5137,882,63,0,0,0,0,2023_07_09_a5abc8ae494e673fab9eg.tex
7620,6233,1012,33,0,0,0,0,2023_07_09_a5f62321ccafc845e76dg.tex
7159,5436,914,73,0,0,0,0,2023_07_09_a6d053e99a1681fcfa7dg.tex
8591,6679,1039,80,0,0,0,0,2023_07_09_a743e8c37dc7fff20687g.tex
6818,4741,724,69,0,0,0,0,2023_07_09_a88db2509f8178714c2fg.tex
7461,2910,453,62,0,0,0,0,2023_07_09_a90fb37d4e60df96669cg.tex
6486,4734,664,68,0,0,0,0,2023_07_09_a9dc4d3a668dda09e4a8g.tex
7164,5435,762,80,0,0,0,0,2023_07_09_a9e0c792731aa2a3ead4g.tex
7668,6589,935,66,0,0,0,0,2023_07_09_aa45dcbd275ca50e6d6dg.tex
8151,7334,1177,133,0,0,0,0,2023_07_09_aac2ed3c30703fbab87dg.tex
7193,6456,830,13,0,0,0,0,2023_07_09_ab2482382006e0708d84g.tex
7841,5867,994,83,0,0,0,0,2023_07_09_abf454acf9d535b88c0dg.tex
7837,6572,1112,75,0,0,0,0,2023_07_09_ac17d4bcb0c42e860439g.tex
7734,5053,856,81,0,0,0,0,2023_07_09_ac332bf9521450ef7396g.tex
8454,6410,1033,119,0,0,0,0,2023_07_09_ace0432c8b29f9c6874fg.tex
6482,4763,762,72,0,0,0,0,2023_07_09_acfa339d5d1d12d9306fg.tex
7602,6666,970,60,0,0,0,0,2023_07_09_ad39cee47bd97c782538g.tex
6868,5695,935,52,0,0,0,0,2023_07_09_ae535e7099e0fe15fe46g.tex
8692,7028,1192,121,0,0,0,0,2023_07_09_af2392275e07645d623eg.tex
7892,7080,1170,126,0,0,0,0,2023_07_09_afd80b2785e3bd027987g.tex
7707,5125,823,89,0,0,0,0,2023_07_09_b03c28f981b5785bcc4ag.tex
7550,6120,915,98,0,0,0,0,2023_07_09_b0c21899c65d7aea98ddg.tex
7832,6968,1022,45,0,0,0,0,2023_07_09_b0d6ca2201c7dd673f6eg.tex
7288,4967,776,103,0,0,0,0,2023_07_09_b0efa71f75fd4aed87b6g.tex
7834,5770,992,65,0,0,0,0,2023_07_09_b10cb80a39872d63b6cag.tex
8935,5500,850,108,0,0,0,0,2023_07_09_b1e49178ca2dbc03a04ag.tex
7580,6691,961,44,0,0,0,0,2023_07_09_b20a75f807bb83e9fe1eg.tex
7251,6137,1022,40,0,0,0,0,2023_07_09_b2b43e0bf64f9e28e51fg.tex
7578,5859,911,65,0,0,0,0,2023_07_09_b40cb90088e73ac66968g.tex
7659,6812,1061,22,0,0,0,0,2023_07_09_b443e4f1330b38ee3f7bg.tex
7054,4005,608,100,0,0,0,0,2023_07_09_b8848ca66d32e636ff2cg.tex
7720,6688,1009,101,0,0,0,0,2023_07_09_b9e0fcf5045b249f255fg.tex
7857,7151,1149,87,0,0,0,0,2023_07_09_ba7891d870f393eb7866g.tex
8015,6118,1020,115,0,0,0,0,2023_07_09_ba926a2f05e86c0c9a25g.tex
7545,6583,967,93,0,0,0,0,2023_07_09_baf9e244aa908d809cc1g.tex
7329,6510,778,26,0,0,0,0,2023_07_09_bb2ac1fbb1a5fb5478deg.tex
7004,4654,707,89,0,0,0,0,2023_07_09_bb3305e8f21dc3afe01eg.tex
8877,7584,1327,99,0,0,0,0,2023_07_09_bb41f58196fc3e1e4557g.tex
8308,6561,1034,100,0,0,0,0,2023_07_09_bb6bcfdbe7d1cfc08e15g.tex
6982,4614,822,75,0,0,0,0,2023_07_09_bb9cd7ce47bc528e8c5eg.tex
7734,5974,865,45,0,0,0,0,2023_07_09_bbb70e3334374c13bb15g.tex
6756,2034,363,42,0,0,0,0,2023_07_09_bd9adb925a58d3c32a2eg.tex
6749,5503,814,70,0,0,0,0,2023_07_09_bd9fc8627519f72db255g.tex
6891,5449,808,104,0,0,0,0,2023_07_09_bde6ba6d1626cd600adfg.tex
7336,6301,1053,77,0,0,0,0,2023_07_09_be327b0474b44b529ca6g.tex
7201,5392,829,91,0,0,0,0,2023_07_09_bedde3ba9f687d172638g.tex
4225,3501,551,41,0,0,0,0,2023_07_09_bf2816c3d5ee41e373d0g.tex
8821,7562,1214,133,0,0,0,0,2023_07_09_bf794cba738ca3931e5ag.tex
7492,6081,926,115,0,0,0,0,2023_07_09_bf9c0e7f9a0282b31bcag.tex
6166,3601,488,78,0,0,0,0,2023_07_09_c0184e6a865f9c443b70g.tex
7413,5957,900,82,0,0,0,0,2023_07_09_c0584486ec4a24b637acg.tex
7705,4951,750,67,0,0,0,0,2023_07_09_c08ee66f9d3b13cb851ag.tex
8887,6594,1065,85,0,0,0,0,2023_07_09_c0aded1368734b8785d0g.tex
7964,5379,865,92,0,0,0,0,2023_07_09_c0b6a459caa595364489g.tex
5083,4102,668,83,0,0,0,0,2023_07_09_c0be31460af5acfe9037g.tex
7390,5809,901,49,0,0,0,0,2023_07_09_c21558d40729e740c28eg.tex
7818,5155,850,79,0,0,0,0,2023_07_09_c239308f89c8dad1cdd4g.tex
7226,5276,894,57,0,0,0,0,2023_07_09_c24ce1a57a159ad2ec8fg.tex
7065,5235,792,63,0,0,0,0,2023_07_09_c2a219a6daf1f48cf143g.tex
9017,6946,1126,143,0,0,0,0,2023_07_09_c32f989b63b88e87ffddg.tex
7910,5999,970,97,0,0,0,0,2023_07_09_c335dec0206a004dbf1bg.tex
7481,4604,752,68,0,0,0,0,2023_07_09_c38c849daff22065fc4ag.tex
8104,6804,1109,102,0,0,0,0,2023_07_09_c4844f1e970d84120b1ag.tex
8946,6381,946,175,0,0,0,0,2023_07_09_c51af5af36345b3c45c8g.tex
9588,6043,879,152,0,0,0,0,2023_07_09_c5308a5560badc268ed6g.tex
7528,5645,989,93,0,0,0,0,2023_07_09_c55401158e3ae4ad009eg.tex
7718,6360,979,55,0,0,0,0,2023_07_09_c6ec97ff5b1c7b017261g.tex
8163,7425,1197,160,0,0,0,0,2023_07_09_c7449e77e62a0f371846g.tex
8233,5832,909,108,0,0,0,0,2023_07_09_c81734013f5112697a10g.tex
7449,5442,800,61,0,0,0,0,2023_07_09_c953fcf4ecc4a4d8431bg.tex
7869,7166,1010,34,0,0,0,0,2023_07_09_ca5803c51740045a9201g.tex
7931,7196,1104,69,0,0,0,0,2023_07_09_caa4eca17cb060e9df27g.tex
6156,3495,537,73,0,0,0,0,2023_07_09_cb55124022ffe42212cag.tex
8005,5984,975,76,0,0,0,0,2023_07_09_cb6c782e85f292fff39eg.tex
8249,5095,737,101,0,0,0,0,2023_07_09_cb7b6411b67b6f20990dg.tex
7106,4486,673,84,0,0,0,0,2023_07_09_ccd44c1532cb37e62a0bg.tex
7368,5695,890,49,0,0,0,0,2023_07_09_cd03ec7d318738e48384g.tex
6727,4356,720,72,0,0,0,0,2023_07_09_cd0de6f8e3289ba8f459g.tex
7984,6080,914,73,0,0,0,0,2023_07_09_cd83eebcfd204a09bf3fg.tex
6883,5260,868,92,0,0,0,0,2023_07_09_cd9160f7922dbe8526dcg.tex
3819,2249,383,43,0,0,0,0,2023_07_09_cda138aacc2aabd58370g.tex
7810,5466,774,104,0,0,0,0,2023_07_09_cdda5a89673c2d885694g.tex
7594,4405,702,102,0,0,0,0,2023_07_09_cde5c467c212cb386ebdg.tex
8002,5941,926,98,0,0,0,0,2023_07_09_cf3523939c58f4cd16d0g.tex
7277,4589,717,43,0,0,0,0,2023_07_09_cfb98be8e8d608371d7cg.tex
7764,6739,996,86,0,0,0,0,2023_07_09_cfbb636db98e4582af89g.tex
8582,6635,1075,76,0,0,0,0,2023_07_09_d167bf39114f6ebd8cb6g.tex
7804,5807,932,130,0,0,0,0,2023_07_09_d227c17716a14176c854g.tex
8276,6366,857,101,0,0,0,0,2023_07_09_d25241d01e2a227fac8eg.tex
7651,5951,913,79,0,0,0,0,2023_07_09_d33f3059e745d3ab6217g.tex
7637,5860,941,109,0,0,0,0,2023_07_09_d41d2535ee7cc6c5dc71g.tex
7621,5444,931,68,0,0,0,0,2023_07_09_d44b24b18c615cb15de8g.tex
9492,5371,842,103,0,0,0,0,2023_07_09_d48b93458a9ad007009bg.tex
7478,4305,611,60,0,0,0,0,2023_07_09_d4c02efba557c53a58d9g.tex
6771,4758,744,33,0,0,0,0,2023_07_09_d50e13efd4ebb1b5c055g.tex
7973,6651,1054,93,0,0,0,0,2023_07_09_d5acc848759d92143220g.tex
6084,3621,559,90,0,0,0,0,2023_07_09_d5c92ce77e2f75eccdf4g.tex
8458,6390,1062,91,0,0,0,0,2023_07_09_d5d9b4179dc42e2006ccg.tex
7266,5119,873,61,0,0,0,0,2023_07_09_d6413f8b4d2969e809ddg.tex
7807,6119,1027,89,0,0,0,0,2023_07_09_d67b7482ad1dbdade68dg.tex
8032,6489,1033,121,0,0,0,0,2023_07_09_d68f66e0db0b856c5962g.tex
9071,6799,1116,123,0,0,0,0,2023_07_09_d70c98e8f6186da8d051g.tex
7966,6266,1013,95,0,0,0,0,2023_07_09_d72a9f0ed5fd3007f539g.tex
5991,4179,651,61,0,0,0,0,2023_07_09_d7d5e31992ab74d4cf57g.tex
7458,5924,848,69,0,0,0,0,2023_07_09_d7fac5460056f9b02c89g.tex
7184,5565,824,52,0,0,0,0,2023_07_09_d8e022684d711c8df3c9g.tex
7206,5145,728,60,0,0,0,0,2023_07_09_d904081fc1282b00db16g.tex
7220,5699,881,89,0,0,0,0,2023_07_09_d9065873d42e9346f76dg.tex
8138,5841,820,132,0,0,0,0,2023_07_09_d98248e95e97ea016929g.tex
6905,2871,434,58,0,0,0,0,2023_07_09_d9e05f5f03abd1613f76g.tex
8107,6727,986,88,0,0,0,0,2023_07_09_d9e72f4c12c8483e73c9g.tex
7709,6865,1055,61,0,0,0,0,2023_07_09_d9f2f0343aa8449dd19bg.tex
7475,5920,867,60,0,0,0,0,2023_07_09_da09e47baffd0a0c0554g.tex
8449,5268,848,140,0,0,0,0,2023_07_09_da6aeb1894eab777d6d5g.tex
7240,6598,830,19,0,0,0,0,2023_07_09_dad493cec0aa2fa89c75g.tex
8631,4906,822,72,0,0,0,0,2023_07_09_db5decd134ecae7502beg.tex
7963,6211,914,103,0,0,0,0,2023_07_09_dbf1f07aa9fd60c7db00g.tex
7426,5580,857,67,0,0,0,0,2023_07_09_dc89061b892bcbf66919g.tex
7636,6781,933,52,0,0,0,0,2023_07_09_dd2a1f146ee5df95e58fg.tex
8162,6049,925,63,0,0,0,0,2023_07_09_dd8729b35c53f6f608a3g.tex
7749,7173,1180,101,0,0,0,0,2023_07_09_dd90c4f399a3865613a0g.tex
7601,5509,802,74,0,0,0,0,2023_07_09_de67b7060118b6db10b8g.tex
8583,5541,836,105,0,0,0,0,2023_07_09_e0106e5669ed6aa9aa86g.tex
7782,5472,861,114,0,0,0,0,2023_07_09_e09e77e78a816d9e9dc2g.tex
7287,5644,887,47,0,0,0,0,2023_07_09_e1636c0bb77eb00437c0g.tex
7799,6304,949,25,0,0,0,0,2023_07_09_e216966a503f0753d85dg.tex
8066,5431,767,58,0,0,0,0,2023_07_09_e2738812ec9849f41668g.tex
7277,5508,929,84,0,0,0,0,2023_07_09_e406d24f6e60eda4701ag.tex
8654,5292,812,131,0,0,0,0,2023_07_09_e44a1e75f1faea285edcg.tex
8506,7453,1296,99,0,0,0,0,2023_07_09_e4d0fd8fd0c9d23f638ag.tex
8004,6699,976,86,0,0,0,0,2023_07_09_e4f4178f0864ddc7aa7cg.tex
8485,5775,944,112,0,0,0,0,2023_07_09_e6ee5c536b1ccd5fd2aeg.tex
8316,6104,946,91,0,0,0,0,2023_07_09_e700a3f655710d57cd35g.tex
8704,7219,1077,161,0,0,0,0,2023_07_09_e892e126f5b307ed1960g.tex
7710,6673,960,56,0,0,0,0,2023_07_09_e8c046bf89af90120d3cg.tex
7240,4725,805,75,0,0,0,0,2023_07_09_e942722163dd1062e6a1g.tex
6794,3763,512,71,0,0,0,0,2023_07_09_ea01dc22173e2e44d1e4g.tex
7668,6867,980,44,0,0,0,0,2023_07_09_ea0bd083229ceac547b6g.tex
7231,5195,816,81,0,0,0,0,2023_07_09_ea29a167aa6987b506fcg.tex
7376,4739,790,61,0,0,0,0,2023_07_09_ea2cab7374295ce91ae9g.tex
8822,6963,1124,97,0,0,0,0,2023_07_09_eab5c1274817433644c1g.tex
7744,5014,814,84,0,0,0,0,2023_07_09_eaf6531b4404acd852d1g.tex
8002,5213,790,61,0,0,0,0,2023_07_09_eaff7f880c8955b51f71g.tex
8435,6688,949,86,0,0,0,0,2023_07_09_eb1d57cd8549bc8a39e9g.tex
7670,6415,925,24,0,0,0,0,2023_07_09_eb4ea19c10ad99f19911g.tex
8760,1378,288,84,0,0,0,0,2023_07_09_ebfad6c4dfe3ef657aa6g.tex
5827,2772,439,61,0,0,0,0,2023_07_09_ec67b0a34343a44edab4g.tex
7458,5420,844,100,0,0,0,0,2023_07_09_ec7bb519de6655bea482g.tex
6903,4856,753,96,0,0,0,0,2023_07_09_ec9db95e8b151f9f37c9g.tex
7813,6284,1061,125,0,0,0,0,2023_07_09_ed0245a3a907602d82a9g.tex
7650,4526,682,53,0,0,0,0,2023_07_09_edea514966317620b458g.tex
8303,6228,972,86,0,0,0,0,2023_07_09_ee901b296d65de4a5386g.tex
6135,4277,694,60,0,0,0,0,2023_07_09_eed455009745e791081eg.tex
7910,4610,689,75,0,0,0,0,2023_07_09_eee25bbe5a21f1daf2ceg.tex
8053,6500,1016,175,0,0,0,0,2023_07_09_ef7deed2a27fdd17de13g.tex
8712,7286,1107,121,0,0,0,0,2023_07_09_efa54c6aa5b249b8b417g.tex
8019,7199,1031,35,0,0,0,0,2023_07_09_efc753bff21df0bb2a65g.tex
8460,6750,1072,135,0,0,0,0,2023_07_09_f0261d60fda804dde705g.tex
8024,4915,800,76,0,0,0,0,2023_07_09_f056f71f4dc5782e8f60g.tex
8455,5951,960,101,0,0,0,0,2023_07_09_f0acde38d5afc03d959bg.tex
7251,4753,771,78,0,0,0,0,2023_07_09_f1020ec07170f2a86ed9g.tex
7495,5068,783,107,0,0,0,0,2023_07_09_f11aefc4a610aea3782ag.tex
9122,5205,783,132,0,0,0,0,2023_07_09_f139b2c147ae673957c7g.tex
7452,6804,1058,52,0,0,0,0,2023_07_09_f14aa2f6c4a8bbf357a4g.tex
7931,6005,912,108,0,0,0,0,2023_07_09_f25dce338f53fa301831g.tex
7850,6633,1076,67,0,0,0,0,2023_07_09_f2ddd4443782e9ebd505g.tex
7336,5429,796,61,0,0,0,0,2023_07_09_f352542cd42b112e37f2g.tex
8127,6885,1124,64,0,0,0,0,2023_07_09_f370a520ead4dc27a939g.tex
7162,4725,745,60,0,0,0,0,2023_07_09_f39e1be00372afbe967fg.tex
7130,5830,918,70,0,0,0,0,2023_07_09_f4887c447f9658756dc5g.tex
6744,4948,763,74,0,0,0,0,2023_07_09_f4a0261d535a71a618bbg.tex
6782,4246,690,89,0,0,0,0,2023_07_09_f52fed91c3b54670b6d3g.tex
6084,4441,736,93,0,0,0,0,2023_07_09_f55603dd9c10af96549dg.tex
8509,7078,1121,82,0,0,0,0,2023_07_09_f67d456a3948af2f01f8g.tex
7761,5738,894,89,0,0,0,0,2023_07_09_f6a7dcd2888bab9f4d79g.tex
8294,6084,950,116,1,0,0,0,2023_07_09_f8da252c01d3a3031322g.tex
7719,5693,912,85,0,0,0,0,2023_07_09_f93fb622b763b3f8444fg.tex
7845,5843,920,52,0,0,0,0,2023_07_09_f9fc7a279382b59c8a2cg.tex
7311,6457,908,77,0,0,0,0,2023_07_09_fa66a5305206dbe94268g.tex
7799,6961,1048,63,0,0,0,0,2023_07_09_faa163f19accfe2a2ddag.tex
8033,5345,920,100,0,0,0,0,2023_07_09_fbe64bb64f9d0ddbc9dbg.tex
8465,6793,999,66,0,0,0,0,2023_07_09_fca61bf1eeefe838a332g.tex
7224,4593,658,102,0,0,0,0,2023_07_09_fcd300a8bea8f36a5de5g.tex
5758,4102,615,37,0,0,0,0,2023_07_09_fce1d78fd312639cdbceg.tex
8651,5417,782,107,0,0,0,0,2023_07_09_fe214dbe9e525639254fg.tex
8035,6307,978,60,0,0,0,0,2023_07_09_fee293565a39d514e757g.tex
7562,4863,819,61,0,0,0,0,2023_07_09_ff7e179a1a6e5be33ed0g.tex
528,28,6,0,0,0,0,0,AARUT.TEX
43342,5240,885,236,0,0,0,17,abashkin.tex
67092,10874,1958,440,0,0,0,16,abdullayev.tex
25846,10160,1311,52,4,5,0,0,abgaryan.tex
31726,20316,2594,67,3,0,0,3,Abgaryn.tex
13482,9461,1290,12,0,0,0,6,abramov.tex
575,542,81,2,0,0,0,0,abst-bening.tex
2659,880,125,7,0,0,0,0,Abst-Eng-Sinits.tex
15138,5024,736,36,0,0,0,0,Abst.tex
1184,639,102,0,0,0,0,0,abstr-eng-grusho.tex
6381,5364,756,0,0,0,0,0,Abstract.tex
811,753,97,0,0,0,0,0,AbstractEng-Agalarov.tex
613,588,74,0,0,0,0,0,abstractEng-Egorov.tex
461,435,65,0,0,0,0,0,AbstractEng-Kozmidiady.tex
1549,1470,248,0,0,0,0,0,AbstractEng-PechFren.tex
850,766,107,1,0,0,0,0,AbstractEng-Pechinkin.tex
784,728,102,2,0,0,0,0,AbstractEng-Suhkomlin.tex
717,678,86,0,0,0,0,0,AbstractEng-Ushmaev.tex
834,792,107,0,0,0,0,0,abstractEng-Zatsman.TEX
8517,3822,574,0,0,0,0,0,abstracts.tex
32095,11690,1784,97,7,1,2,0,adam+volk.tex
34382,20898,2904,38,5,0,0,0,adam+volkov.tex
27114,13089,1689,77,6,0,0,0,adam-vol.tex
31888,22688,3069,4,5,0,0,10,adam-volkov.tex
35740,21078,2871,104,7,0,2,16,adam.tex
31211,21570,2749,2,5,0,0,1,adamovich.tex
34521,7348,1198,290,4,0,0,15,adigeev.tex
57968,16052,2453,288,6,0,0,7,adu.tex
39779,16100,2264,131,0,0,2,12,afa.tex
27522,18380,2493,58,0,3,2,14,afertsev.tex
16917,9063,1205,123,0,2,1,0,agahi.tex
36539,9163,1378,208,4,0,0,9,agalar.tex
42415,11871,2002,311,5,2,0,2,AGALAROV.TEX
35358,7672,1192,247,4,0,0,2,agasan.tex
47615,6176,1024,285,6,0,0,3,agasand.tex
52670,17218,2421,295,6,0,0,2,agasandyan.tex
593,29,6,0,0,0,0,0,AILICH.TEX
31799,22522,2978,8,5,5,0,0,alad.tex
30490,8691,1297,239,0,0,0,15,aldashev.tex
25539,9217,1313,109,0,0,0,0,aleinov.tex
38017,18460,2567,149,0,1,1,16,aleksandrov.tex
47422,13240,2296,423,4,0,0,4,aleshin.tex
44839,32871,3684,25,5,3,0,1,alex.tex
22437,1612,320,144,0,0,0,10,alexeeva.tex
45381,12104,1933,340,0,0,0,3,aliev.tex
25740,5546,901,209,0,0,0,5,alikhanov.tex
25409,11413,1601,70,5,0,0,9,Aliu.tex
20970,11907,1724,19,0,1,1,8,altuhov.tex
43368,17264,2586,271,5,0,0,22,anashin.tex
41610,32586,4008,11,6,1,0,5,andr-itsik.tex
30009,10793,1543,200,0,0,0,14,andreev.kozlova.tex
27887,4231,735,112,0,0,0,0,andreev.tex
27022,18982,2504,137,0,6,0,0,andreeva.tex
22001,5193,871,131,0,0,0,0,andreev_yakovleva.tex
26703,7326,1037,58,0,0,0,11,andrianova.tex
45069,8892,1335,191,6,4,10,14,anikin.tex
50428,13275,1980,177,0,2,0,12,anisimov.tex
19021,5958,884,124,0,0,0,2,ankilov.tex
16734,6493,1042,107,0,1,0,5,ankilov2.tex
2073,1939,273,2,0,0,0,0,annot-eng+avtor-bening.tex
312,302,48,0,0,0,0,0,Annot-eng-bening-sipova.tex
1635,1166,155,0,0,0,0,0,ANNOUNC.TEX
25420,7681,1026,97,0,0,0,0,anofrikova.tex
42015,15152,2282,171,0,3,1,15,antonenko.tex
22982,6716,986,109,0,3,0,9,antropova.tex
53009,19698,2676,119,0,6,6,24,aptukov.tex
41853,12113,1861,152,0,2,0,0,ardazishvili.tex
40185,9729,1377,192,0,0,0,13,are-vol.tex
30955,18022,2548,25,5,6,1,2,arhipov.tex
37696,12849,1820,100,0,4,0,0,aristov.tex
35037,13395,1944,217,6,4,0,8,arkhang.tex
33495,20942,2765,7,8,3,3,32,arkhipov.tex
31598,6307,1000,172,0,0,0,4,arkhipova.tex
32260,9161,1445,264,0,0,0,15,arlanova.tex
36561,11069,1525,350,4,0,0,11,ART.TEX
47120,30445,3791,2,0,0,0,20,artamonov.tex
20531,3318,498,128,0,0,0,11,artuhov.tex
19117,9703,1219,40,4,5,0,5,arutun.tex
16996,4986,891,217,0,0,0,7,askhab.tex
42685,7567,1196,355,0,0,0,8,attaev.tex
19243,12533,1984,0,0,0,0,0,aut-eng.tex
20602,13494,1997,0,0,0,0,0,aut-rus.tex
7585,2513,317,36,0,1,0,0,averin.tex
24346,4896,784,160,0,3,0,0,averin104.tex
37871,12613,1905,274,0,2,0,23,avetisov.tex
6171,1751,236,0,0,0,0,0,avt-eng.tex
8059,6228,879,0,0,0,0,0,avtor-eng.tex
1013,892,103,0,0,0,0,0,avtor-mashechkin.tex
5527,4156,562,0,0,0,0,0,avtor.tex
389,305,34,0,0,0,0,0,avtorChuprunov.tex
35240,22316,2726,1,5,11,0,0,azanov.tex
29641,5851,885,200,0,0,0,10,badokina.tex
30003,10679,1563,193,0,2,1,0,bagmut.tex
58395,8748,1082,153,6,5,0,34,bahteev.tex
24449,11496,1415,42,7,3,0,1,bainev.tex
50647,6761,1097,251,0,2,1,6,balkizov.tex
52971,17000,2575,523,0,0,0,25,balkizova.tex
1594,1508,211,9,0,0,0,0,BAR-ENG.TEX
79624,16629,2564,119,5,2,1,31,BARANOV.TEX
38358,10999,1644,185,0,0,0,13,barseghyan.tex
582,28,6,0,0,0,0,0,BARUT.TEX
49727,10678,1745,307,0,0,0,13,barvinok.tex
16579,7379,999,53,3,2,0,0,basha.tex
17428,7187,972,108,0,0,0,0,bashkinova.tex
53199,22577,3186,130,0,2,0,2,bashkirov.tex
44252,30765,3969,101,5,0,0,28,basok.tex
43281,13962,1919,239,6,0,0,16,batrak.tex
28426,5893,963,130,3,0,0,0,bazilevski.tex
23144,8378,1124,83,5,1,0,1,bazilevskii.tex
48149,28747,3765,111,5,5,1,13,begishev.tex
35020,9280,1413,132,0,3,1,6,beibalaev.tex
17211,5162,800,113,0,0,0,3,beilina.tex
31228,8612,1211,200,0,0,0,10,belevich.tex
25693,14252,1777,71,0,3,0,0,belkov.tex
29328,8265,1257,107,6,3,0,6,belozerov.tex
21217,5690,835,156,0,0,0,7,belyaev.tex
25965,8244,1221,146,0,1,1,11,belyaeva.tex
63782,5420,1053,342,6,0,0,33,belyaev_updated.tex
29987,6377,847,56,6,0,0,15,belyh.tex
47581,38762,5106,5,5,0,0,0,benderina.tex
56966,8990,1763,654,5,0,0,10,bening.tex
25848,12946,1738,65,0,2,0,0,berdnikov.tex
37830,12791,2113,594,0,0,0,26,BEREST2.TEX
106888,17708,3472,751,0,4,0,18,berezin.tex
26668,7099,1042,191,0,0,4,0,bertyaev.tex
38356,21334,3054,130,5,3,0,2,beschast.tex
33601,9377,1268,111,5,2,1,10,beschastn.tex
29484,5299,818,164,0,0,0,15,beshtokov.tex
43271,30624,4014,25,6,0,0,1,betelin.tex
27957,8669,1239,162,0,2,1,6,beybalaev.tex
26942,7422,1090,148,0,0,0,8,beylin.tex
12390,3604,539,87,0,0,0,3,beylina.tex
22049,16364,2032,4,8,5,0,7,bezzub.tex
107369,82851,11490,14,7,0,0,0,bibl-new.tex
86130,76958,10734,0,0,0,0,0,bibl-sinit.tex
64927,46284,6070,9,7,0,0,0,bibl.tex
593,29,6,0,0,0,0,0,BILICH.TEX
48135,27485,3672,186,5,6,1,12,biller.tex
30949,21425,2854,2,5,1,0,3,birukova.tex
58538,8200,1342,252,0,2,0,15,birykov.tex
31009,5455,812,110,0,2,0,2,biryukov.tex
58563,48893,5949,3,5,4,0,0,Bistrov.tex
41230,10381,1813,359,4,0,0,13,bitbos.tex
71219,27973,3554,146,0,11,1,27,bitkin.tex
27623,12580,1607,124,0,3,0,5,bitkina.tex
47313,8827,1633,354,5,0,0,21,bitukov.tex
16171,4630,731,129,0,3,0,2,biturin.tex
975,213,36,0,0,0,0,0,BMPS.TEX
27528,16359,2234,84,4,4,1,8,bobrikova.tex
33798,20575,2728,93,4,2,0,0,bobyl.tex
34287,13691,1820,123,5,5,5,9,bobyr.tex
59683,19287,3038,357,0,8,0,16,bochkarev.tex
20877,3707,701,163,0,0,0,7,bogan.tex
30654,20422,2646,2,0,0,0,0,bogdan.tex
31010,13033,1823,85,0,0,0,7,bogdanova.tex
26258,18086,2311,15,4,0,0,0,bor-bos-zh-i.tex
63472,29680,3576,3,6,0,21,0,borisov-2.tex
48557,35355,4531,6,5,0,0,9,Borisov-Bosov.tex
46287,8892,1398,228,5,0,0,18,BORISOV.TEX
65336,45609,5819,6,5,0,6,25,borisov3-new.tex
50120,17754,2910,297,4,2,0,14,borisov4.tex
20052,11456,1628,198,0,2,0,13,bormatova.tex
17169,5538,824,132,4,2,0,9,borodak.tex
20998,7407,915,67,4,1,0,1,borodin.tex
38759,9135,1438,323,5,0,0,28,Borodina.tex
64711,45350,5781,3,5,0,6,25,bos3-old.tex
45055,28890,3796,193,4,0,0,4,bosov+borisov.tex
31759,17878,2329,128,4,0,0,9,bosov+stef.tex
31894,23892,2908,7,4,1,0,0,bosov+suchkov.tex
39869,11508,1505,73,4,4,0,7,bosov-Ivanov.tex
41972,13398,1775,184,6,0,0,2,bosov-naumov.tex
47445,12938,2015,223,5,0,0,8,bosov-old.tex
51670,41221,4960,5,6,2,0,9,bosov-suchkov.tex
38943,12043,1691,214,5,0,6,7,Bosov.tex
42123,28464,3681,15,6,0,0,7,br-stup.tex
30671,6152,845,59,5,0,2,3,bronshtein.tex
22862,8280,1174,79,6,0,0,0,bronstein.tex
17672,5604,868,79,0,3,0,12,bryzgalov.tex
16303,10114,1382,57,0,1,0,3,bubnov.tex
38351,24313,3152,72,6,0,0,3,Budzko-sochenkov.tex
20362,8106,1082,72,0,1,0,5,bukhanko.tex
51991,20905,3023,188,0,1,0,43,bulgakova.tex
58341,14533,2148,174,0,5,0,0,burenin.tex
20257,10973,1405,24,5,0,0,0,burl+yak.tex
65683,18501,2780,243,0,5,1,20,burmasheva.tex
38580,9839,1923,404,0,0,0,18,burskii.tex
33710,9303,1254,94,5,0,0,0,Burtseva.tex
31017,18553,2531,135,4,2,1,0,butenko.tex
47518,13286,2305,313,0,0,0,13,butov.tex
51457,33256,4440,308,5,0,0,18,buyanov.tex
27194,16778,2186,199,0,7,2,10,buzmakova.tex
17529,10421,1364,59,0,4,0,0,buzova.tex
33502,25497,3076,3,4,0,0,5,bystrov.tex
14346,2899,464,98,0,1,0,6,bytev.tex
700,28,6,0,0,0,0,0,CARUT.TEX
741,706,112,0,0,0,0,0,CH-ENG.TEX
35346,10006,1398,201,5,6,0,11,ch.tex
42557,33359,4229,69,6,5,2,7,CH1.TEX
14932,11775,1443,1,5,1,0,11,ch2.tex
35984,27774,3740,26,5,5,2,4,ch3.tex
24654,18503,2474,52,5,0,1,12,ch4.tex
30317,21879,3115,7,5,3,4,11,ch5.tex
37956,6521,969,308,6,0,0,13,CH6.TEX
28887,9670,1340,127,3,2,0,5,ch7.tex
62889,24368,3258,365,4,6,6,14,ch8.tex
10866,2275,342,82,0,0,0,3,chadaev.tex
32518,10186,1481,286,2,0,0,8,CHAPL.TEX
22216,8870,1214,158,0,3,0,0,ChastSM.tex
38830,5818,1339,354,0,0,0,0,chebotareva.tex
65160,19301,2650,234,7,0,0,28,chehovich.tex
30330,8468,1562,375,0,0,0,17,cherevatenko.tex
36406,27140,3181,56,7,1,0,12,Chernikov.tex
20285,10038,1300,27,4,5,0,0,chernous.tex
27609,10010,1431,152,4,0,0,1,chernyshev.tex
52876,11511,1717,249,3,0,0,16,chertok.tex
18245,8197,1087,81,0,1,0,5,chervon.tex
52894,7356,1093,269,4,0,0,0,CHICHAGOV.tex
69389,10342,1653,486,7,0,0,14,chichig.tex
30734,11690,1700,127,4,0,0,1,chirkunov.tex
33105,22689,2745,5,5,6,1,8,chit-kalash.tex
33529,25259,3257,1,7,3,0,6,Chitalov.tex
40783,27982,3558,16,5,7,1,5,chizhov-sdn.tex
46077,26515,3734,39,8,9,0,0,chizhov-zod.tex
17784,3724,782,150,0,1,1,3,chubatov.tex
1096,654,79,0,0,0,0,0,chubatov_about_authors.tex
53334,9879,1485,383,8,1,1,17,chubich.tex
31473,18129,2337,102,4,1,1,2,chukhno.tex
29414,18356,2402,115,4,2,0,5,Chuprakov.tex
26040,8465,1127,74,0,0,0,14,chuprikov.tex
29553,4665,861,250,2,0,0,2,chuprinov.tex
24362,3526,683,221,3,0,0,0,chuprunov.tex
10710,7202,1131,33,0,0,0,0,CON-ENS.TEX
11402,7447,1113,33,0,0,0,0,CON-RUS.TEX
2037,1121,128,0,0,0,0,0,CONT0104.TEX
1832,1003,120,1,0,0,0,0,CONT0105.TEX
1924,994,121,0,0,0,0,0,CONT0204.TEX
1619,677,78,0,0,0,0,0,CONT0205.TEX
1855,936,118,1,0,0,0,0,CONT0304.TEX
1961,1082,129,3,0,0,0,0,CONT0305.TEX
1607,807,93,0,0,0,0,0,CONT0403.TEX
1585,788,99,0,0,0,0,0,CONT0404.TEX
1977,1039,121,0,0,0,0,0,CONT0405.TEX
1688,812,102,3,0,0,0,0,CONT0503.TEX
2017,1035,118,0,0,0,0,0,CONT0504.TEX
2163,1292,157,2,0,0,0,0,CONT0505.TEX
1496,754,90,2,0,0,0,0,CONT0603.TEX
2152,1229,159,0,0,0,0,0,CONT0604.TEX
2290,1408,176,4,0,0,0,0,CONT0605.TEX
2049,1048,121,1,0,0,0,0,cont0703.tex
1975,1143,139,2,0,0,0,0,CONT0704.TEX
1820,776,88,2,0,0,0,0,CONT0705.TEX
1492,587,70,0,0,0,0,0,CONT0804.TEX
1647,689,85,0,0,0,0,0,CONT0805.TEX
1840,922,109,2,0,0,0,0,CONT0904.TEX
1656,832,97,0,0,0,0,0,CONT0905.TEX
1852,971,120,0,0,0,0,0,CONT100.TEX
1493,201,24,1,0,0,0,0,CONT1000.TEX
1977,1025,127,1,0,0,0,0,CONT1001.TEX
1559,728,93,1,0,0,0,0,CONT1002.TEX
1676,806,93,1,0,0,0,0,CONT1003.TEX
2172,1239,146,3,0,0,0,0,CONT1004.TEX
1602,667,80,0,0,0,0,0,CONT1005.TEX
1564,807,89,3,0,0,0,0,CONT101.TEX
2147,1119,135,3,0,0,0,0,CONT102.TEX
1909,979,124,0,0,0,0,0,CONT103.TEX
1998,940,113,4,0,0,0,0,CONT1097.TEX
1706,874,109,1,0,0,0,0,CONT1098.TEX
2109,1140,137,4,0,0,0,0,CONT1099.TEX
1678,826,96,0,0,0,0,0,CONT1100.TEX
1760,850,104,1,0,0,0,0,CONT1101.TEX
2297,1221,148,4,0,0,0,0,CONT1102.TEX
2215,1188,144,2,0,0,0,0,CONT1103.TEX
1747,954,114,0,0,0,0,0,CONT1104.TEX
2186,1186,136,1,0,0,0,0,CONT1105.TEX
1597,746,88,1,0,0,0,0,CONT1197.TEX
2326,1239,150,1,0,0,0,0,CONT1198.TEX
1736,840,110,1,0,0,0,0,CONT1199.TEX
2248,1154,136,2,0,0,0,0,CONT1200.TEX
1867,955,113,0,0,0,0,0,CONT1201.TEX
2016,992,117,1,0,0,0,0,CONT1202.TEX
1539,581,70,0,0,0,0,0,cont1203.tex
1868,938,110,2,0,0,0,0,CONT1204.TEX
1594,51,7,0,0,0,0,0,CONT1297.TEX
2212,995,112,0,0,0,0,0,CONT1298.TEX
1958,1046,123,1,0,0,0,0,CONT1299.TEX
1750,868,108,3,0,0,0,0,CONT198.TEX
1909,876,106,2,0,0,0,0,CONT199.TEX
21615,4459,547,30,0,0,0,0,CONT1997.TEX
23677,10303,1241,24,0,0,0,0,CONT1998.TEX
24290,13752,1649,26,0,0,0,0,CONT1999.TEX
2024,1078,125,0,0,0,0,0,CONT200.TEX
24990,14569,1744,29,0,0,0,0,CONT2000.TEX
24542,15131,1788,26,0,0,0,0,CONT2001.TEX
21431,12622,1511,26,0,0,0,0,CONT2002.TEX
24415,14697,1764,24,0,0,0,0,CONT2003.TEX
22743,13564,1609,18,0,0,0,0,CONT2004.TEX
1808,891,109,1,0,0,0,0,CONT201.TEX
1724,874,106,0,0,0,0,0,CONT202.TEX
2126,1085,137,3,0,0,0,0,CONT203.TEX
2128,395,53,2,0,0,0,0,CONT298.TEX
1815,990,121,0,0,0,0,0,CONT299.TEX
2094,1075,134,3,0,0,0,0,CONT300.TEX
2044,1085,129,4,0,0,0,0,CONT301.TEX
1836,974,119,1,0,0,0,0,cont302.tex
1714,823,102,2,0,0,0,0,cont303.TEX
1809,126,15,2,0,0,0,0,CONT398.TEX
1815,908,113,0,0,0,0,0,CONT399.TEX
2046,777,97,0,0,0,0,0,CONT400.TEX
2376,1257,157,2,0,0,0,0,CONT401.TEX
1824,889,113,0,0,0,0,0,cont402.tex
2063,1197,144,1,0,0,0,0,CONT497.TEX
1988,604,74,3,0,0,0,0,CONT498.TEX
2275,1237,149,3,0,0,0,0,CONT499.TEX
2198,1176,140,5,0,0,0,0,CONT500.TEX
1716,896,104,2,0,0,0,0,CONT501.TEX
1557,233,29,3,0,0,0,0,cont502.tex
2148,1119,137,3,0,0,0,0,CONT597.TEX
2125,51,7,2,0,0,0,0,CONT598.TEX
2054,1126,127,1,0,0,0,0,CONT599.TEX
1907,986,117,1,0,0,0,0,CONT600.TEX
2154,1282,151,0,0,0,0,0,CONT601.TEX
2366,1314,163,0,0,0,0,0,CONT602.TEX
1545,695,82,2,0,0,0,0,CONT697.TEX
1932,1004,115,4,0,0,0,0,CONT698.TEX
1820,140,18,3,0,0,0,0,CONT699.TEX
2277,1194,141,2,0,0,0,0,CONT700.TEX
2044,1063,127,4,0,0,0,0,CONT701.TEX
1950,1001,116,2,0,0,0,0,cont702.tex
1649,642,77,1,0,0,0,0,CONT797.TEX
1924,351,45,1,0,0,0,0,CONT798.TEX
1985,1003,123,1,0,0,0,0,CONT799.TEX
1871,952,115,3,0,0,0,0,CONT800.TEX
1684,814,96,3,0,0,0,0,CONT801.TEX
1917,942,108,1,0,0,0,0,CONT802.TEX
2083,1052,127,2,0,0,0,0,CONT803.TEX
1811,888,103,1,0,0,0,0,CONT897.TEX
1772,863,106,1,0,0,0,0,CONT898.TEX
1745,911,115,1,0,0,0,0,CONT899.TEX
1814,973,115,1,0,0,0,0,CONT900.TEX
1805,962,119,0,0,0,0,0,CONT901.TEX
1624,814,97,2,0,0,0,0,CONt902.TEX
2263,1220,152,3,0,0,0,0,CONT903.TEX
1608,825,98,4,0,0,0,0,CONT997.TEX
2039,667,84,1,0,0,0,0,CONT998.TEX
1986,951,114,2,0,0,0,0,CONT999.TEX
977,18,3,0,0,0,0,0,contents.tex
8048,3932,803,1,0,0,0,0,contest.tex
5293,4660,617,1,0,0,0,0,COVER3.TEX
29065,4516,755,240,3,0,0,17,cristof.tex
36590,8144,1189,148,7,0,0,8,danilishin.tex
36207,14073,1903,96,0,5,2,8,dedkov.tex
11691,5806,773,115,0,2,1,0,dedov.tex
12445,7381,1050,26,0,1,0,2,demeshkin.tex
15891,4217,622,71,4,0,0,1,demin.tex
12344,9007,1154,0,0,0,0,0,denisov.tex
43767,17599,2544,238,0,2,2,0,derevyanka.tex
19541,9328,1089,65,0,2,0,6,diligenskiy.tex
19034,4884,926,153,0,0,0,6,dmitr.tex
34976,9959,1540,232,0,0,2,15,dnestryan.tex
24453,4545,879,261,0,0,0,0,docuchaev.tex
18112,6719,1176,245,0,0,0,0,dokuchaev.tex
52627,13977,2276,381,4,0,0,27,dokukin.tex
78061,26537,4579,608,6,0,0,54,dolev.tex
20189,3414,576,100,0,0,0,9,dolgopolov.tex
27844,16484,2283,103,1,1,1,8,dolgopolov2.tex
37656,8980,1494,260,0,5,0,14,dolgopolov3.tex
28935,6584,948,173,0,0,1,12,dolishniy.tex
52709,14509,2288,342,5,0,0,14,Donskoy.tex
27394,6591,965,146,3,0,0,0,dorofeeva.tex
53492,40095,5090,13,7,4,1,0,drobintsev.tex
13316,1816,349,82,0,0,0,0,drozdenko.tex
47803,11114,1981,543,0,0,0,0,drozzinov.tex
27321,8024,1287,178,4,0,0,4,dubanov.tex
35218,9512,1285,202,0,2,0,10,dubovova.tex
31944,21853,2815,5,7,6,0,6,dudarev.tex
109914,7741,1599,574,0,0,0,11,dukhnovsky.tex
42895,19896,2754,280,4,0,0,1,dukova.tex
42562,17499,2293,280,4,0,0,11,dulchitskii.tex
28345,18157,2292,6,6,4,0,9,dulin-nikishin.tex
35494,23838,3068,9,5,6,1,0,dulin.tex
34079,5848,1209,220,0,0,0,3,durdiev.tex
29467,8413,1231,171,0,0,0,7,durdiyev.tex
32544,22126,2982,30,4,0,0,5,durnovo.tex
33522,7765,1127,153,0,3,1,10,dyachenko.tex
50554,8599,1497,322,0,0,0,20,dzhamalov.tex
37247,28858,3819,2,6,0,0,0,EGOROV.TEX
41006,27112,4082,17,5,0,2,29,Egorova+Zats.tex
43110,26757,3703,37,6,1,3,25,egorova+zatsman.tex
52274,28119,3721,104,5,0,5,10,egorova-zac.tex
46163,27968,3767,59,4,1,5,22,egorova-zat.tex
46211,27892,3794,22,4,0,9,9,Egorova-Zats.tex
41960,25167,3430,68,5,0,3,3,Egorova-zatsman.tex
25562,3820,605,165,0,0,0,0,egorova.tex
24954,15641,2010,152,0,4,0,10,elenitski.tex
560,18,3,0,0,0,0,0,encontents.tex
809,132,15,1,0,0,0,0,Eng-Abst-Sinits.tex
6623,2295,360,0,0,0,0,0,eng-index.tex
882,637,83,0,0,0,0,0,eng-sinits.tex
5959,4922,704,2,0,0,0,0,eng.tex
1478,1271,156,0,0,0,0,0,EngAbst-Avt-Milovanova.tex
3958,1446,196,1,0,0,0,0,EngAbstFazerChupr.tex
2099,1882,227,0,0,0,0,0,EngAbstrZeifman+Avtor.tex
38211,24688,3124,40,7,10,1,0,enikeev.tex
36794,22895,2881,82,5,1,1,9,enikeeva.tex
33508,7840,1097,159,0,0,2,0,epishkin.tex
35606,14938,1961,116,0,4,0,0,eremin.tex
24158,5953,804,88,7,6,0,3,erofeeva-zah.tex
50785,7154,1241,224,6,0,0,0,eroshenko.tex
6503,1819,282,19,0,0,0,0,erratum.tex
44809,7188,1191,228,0,0,0,0,evdokimov.tex
38344,7177,1308,303,5,0,0,2,farh.tex
35630,31239,3974,1,9,2,0,0,fedos.tex
30304,22575,2924,2,7,0,0,0,fedoseev.tex
27082,5244,742,110,0,1,0,9,fedotov.tex
1306,1112,121,0,0,0,0,0,fedotova_rigistracia.tex
45156,33903,4163,10,7,1,1,0,filipov.tex
45769,17211,2367,103,6,0,0,3,flerov.tex
14092,9483,1211,66,0,3,1,0,fokin.tex
41834,24014,4044,192,0,5,1,21,fomin.tex
16573,6369,862,98,0,3,0,0,formalev.tex
34713,15103,2671,322,7,0,0,19,frcorr-2.tex
52622,28996,3796,178,6,0,0,26,frenkel.tex
38274,10716,1484,136,5,0,0,12,gadamaka.tex
25368,7583,990,61,4,3,0,7,gaidamaka.tex
33923,14617,1908,46,5,1,0,4,galina.tex
75470,8637,1481,711,5,0,0,44,GAPONOVA.TEX
39750,26703,3383,63,5,3,0,10,garanin.tex
30791,24232,2897,3,6,0,0,4,gav-zats.tex
32162,6440,950,293,2,0,0,18,gavr.tex
33827,26300,3064,11,4,0,0,0,gavrilov.tex
38241,7408,1003,137,6,3,2,10,gaziz.tex
26324,14932,2083,59,4,0,0,5,gershkevich.tex
24555,4320,766,214,0,0,0,2,gil.tex
40805,24191,3065,22,5,3,12,5,gilyazov.tex
50582,5555,1047,453,0,0,0,10,gimaltdinova.tex
50850,11879,2511,586,2,0,0,10,GKP2.TEX
16890,3180,562,120,0,0,0,7,golubeva.tex
32112,20270,2761,167,0,4,0,0,"goludin,radchenko.tex"
19304,11483,1474,185,0,5,1,0,goludin.tex
29506,1292,222,30,0,4,3,8,golyadkina.tex
55957,15485,2189,230,0,5,1,0,gomenuk.tex
44739,31195,4015,18,4,0,3,12,gon-zats.tex
38711,24220,3281,239,4,0,0,6,gonch+zats.tex
52924,33040,4309,208,4,0,0,17,Gonch+Zatsman.tex
39356,24436,3117,51,4,0,0,8,gonch-inkova.tex
42118,27239,3777,108,4,0,0,8,gonch-zats.tex
41902,9557,1396,209,5,2,0,15,Goncharenko.tex
43138,26671,3609,67,5,0,0,9,Goncharov+Ink.tex
39607,19652,2926,124,5,1,5,1,goncharov.tex
35010,9679,1604,236,5,1,1,19,gor+kuz.tex
50568,37491,5480,337,3,0,0,33,gorb-lub.tex
11824,5920,735,47,0,1,0,9,Gorbunov.tex
49433,31916,4335,118,4,0,0,41,gorbunova.tex
69020,23044,3395,481,4,2,4,24,gordienko.tex
24035,13191,1785,106,0,4,0,0,gorev.tex
36024,20140,2729,68,6,0,0,16,gorsh+korolev.tex
37505,14392,1994,165,6,0,0,16,gorsh+mart.tex
40092,22274,2852,52,5,0,0,13,gorsh-one.tex
28461,6905,994,210,5,0,0,2,GORSH.TEX
35183,16418,2353,154,4,0,0,14,gorshenin+kor.tex
27421,18921,2333,11,5,1,0,8,gorshenin-a.tex
35784,23821,3036,12,4,8,0,13,gorshenin-i.tex
32631,20619,2774,39,5,0,0,18,Gorshenin-Korolev.tex
27821,16311,2170,43,6,3,1,9,gorshenin.tex
57886,12079,1699,225,0,3,0,0,gotsev.tex
36007,10522,1397,75,5,0,0,15,grebeshkov.tex
32153,22052,2777,12,3,1,0,1,gridin.tex
45849,26593,3528,31,7,4,0,3,grigoriev.tex
33831,20830,2976,43,4,2,1,4,grinchenko.tex
55899,9745,1574,333,0,3,0,16,gromov.tex
16878,1711,332,68,0,0,0,6,groshev.tex
35397,23967,3011,37,3,0,2,18,grush-7.tex
33863,22493,2957,139,5,0,0,0,grusho+zab.tex
27480,18150,2383,17,4,0,0,3,grusho-2-new.tex
27708,18139,2382,17,4,0,0,3,grusho-2.tex
30594,20226,2682,110,4,0,2,8,grusho-3.tex
21379,14207,1759,21,4,1,0,0,Grusho-Nikolaev.tex
25903,9196,1328,83,4,0,0,4,grusho-timonina.tex
24166,16379,2115,66,3,1,0,1,grusho-zab.tex
22220,13661,1870,120,4,0,0,0,Grusho-Zatsarinny.tex
34816,23970,3657,134,4,0,0,2,grusho.tex
32578,24576,3359,6,8,2,0,2,grushoN.tex
14298,9072,1122,47,0,0,0,0,gubanov.tex
31795,20887,2725,139,4,5,2,17,gud-ush.tex
57588,18701,2972,492,5,0,0,26,GudaSA.tex
34980,5538,967,274,4,4,0,8,GUDKOV.TEX
39715,12795,1725,150,7,0,0,4,gudkova.tex
36351,22219,2896,170,0,5,0,11,gureev.tex
28037,17052,2259,59,0,8,1,11,gureev1.tex
6732,4273,544,27,0,0,0,0,gureev2.tex
22728,6804,922,93,0,4,0,0,gureevs.tex
66833,15069,2769,968,4,2,13,0,gurevich.tex
15037,2608,390,90,0,0,0,0,gurieva.tex
43507,32526,3986,123,5,2,0,10,guriiev.tex
24634,9307,1322,40,0,2,0,9,gurskaya.tex
15503,10082,1312,72,0,2,0,9,gusev.tex
64282,16363,2613,569,0,0,0,31,gushchin.tex
116414,11790,2143,529,0,0,0,89,gushin.tex
35769,6421,1088,253,0,0,0,1,gushina.tex
30027,12580,1957,134,5,0,0,0,hachumovi.tex
28876,7062,1230,243,3,0,0,10,haplanov.tex
30474,20485,3234,8,3,6,0,11,Haritonov.tex
34807,9625,1618,250,3,0,0,0,Hatskevich.tex
21641,16241,2091,9,5,4,0,0,hilko.tex
26985,9596,1246,89,5,0,1,0,horoshilov.tex
35342,6104,939,186,5,0,0,0,husainov.tex
44347,16208,2175,186,7,0,0,11,hvatova.tex
55496,12782,1889,111,8,0,0,7,ignat.tex
33425,5884,1011,354,0,0,0,9,ignatyev.tex
34493,22034,3363,89,4,0,0,16,Ilin.tex
33120,12592,1774,128,4,0,0,20,ilini.tex
18263,8909,1135,45,0,2,0,3,ilinyck.tex
27407,19132,2355,2,5,2,0,0,ilushin.tex
40491,13404,2015,225,0,0,0,20,imanbaev.tex
35334,16520,2121,2,0,0,0,0,index-15i.tex
34164,16235,2123,8,0,0,0,0,index-16i.tex
34135,16145,2102,0,0,0,0,0,index-17i.tex
34696,15797,2079,2,0,0,0,0,index12.tex
40587,18707,2431,5,0,0,0,0,index13.tex
42876,19346,2582,10,0,0,0,0,index14.tex
34404,16934,2187,0,0,0,0,0,index27.tex
40258,18670,2480,0,0,0,0,0,index28.tex
38912,18806,2447,4,0,0,0,0,index29.tex
39610,18518,2392,0,0,0,0,0,index30.tex
37502,18148,2380,4,0,0,0,0,index31ss.tex
35404,16330,2188,0,0,0,0,0,index32ss.tex
35503,17258,2360,2,0,0,0,0,index33ss.tex
31498,18291,2421,65,4,0,0,1,inkova-Kruzhkov.tex
34225,20102,2682,31,4,9,0,3,inkova.tex
817,15,2,2,0,0,0,0,insert.tex
31981,17128,2250,95,0,3,0,2,ipatova.tex
2455,1180,236,0,0,0,0,0,ipi-ind21-1.tex
17069,17,7,7,0,0,0,0,IPI.TEX
9320,3208,471,0,0,0,0,0,ipi20-cont.tex
3876,1646,250,0,0,0,0,0,ipi20-conteng.tex
6084,1678,239,0,0,0,0,0,ipi20-contrus.tex
7219,3020,417,1,0,0,0,0,IPI20-TI.TEX
10612,0,0,3,0,0,0,0,IPI20.TEX
4321,1896,386,0,0,0,0,0,ipi20sum.tex
13695,11,5,1,0,0,0,0,ipi21-2.tex
13470,11,5,1,0,0,0,0,ipi21.tex
14397,11,5,2,0,0,0,0,ipi22.tex
14419,17,7,2,0,0,0,0,ipi23.tex
14116,17,7,2,0,0,0,0,ipi24.tex
14670,24,9,2,0,0,0,0,ipi25.tex
4010,2241,399,0,0,0,0,0,ipi26-ind.tex
14682,24,9,2,0,0,0,0,ipi26.tex
15130,24,9,4,0,0,0,0,ipi27.tex
15619,24,9,4,0,0,0,0,ipi28.tex
15213,24,9,4,0,0,0,0,ipi29.tex
15741,24,9,5,0,0,0,0,ipi30-2.tex
15624,24,9,5,0,0,0,0,ipi30-3.tex
15690,24,9,5,0,0,0,0,ipi30-4.tex
15525,24,9,4,0,0,0,0,ipi30.tex
15647,24,9,5,0,0,0,0,ipi31-1.tex
15633,24,9,5,0,0,0,0,ipi31-2.tex
15376,24,9,5,0,0,0,0,ipi31-3.tex
15218,24,9,5,0,0,0,0,ipi31-4.tex
15541,24,9,5,0,0,0,0,ipi32-1.tex
15373,24,9,5,0,0,0,0,ipi32-2.tex
15316,24,9,5,0,0,0,0,ipi32-3.tex
15502,24,9,5,0,0,0,0,ipi32-4.tex
15364,24,9,5,0,0,0,0,ipi33-1.tex
15187,24,9,5,0,0,0,0,ipi33-2.tex
15510,24,9,5,0,0,0,0,ipi33-3.tex
15397,24,9,5,0,0,0,0,ipi33-4.tex
15493,24,9,5,0,0,0,0,ipi34-1.tex
15085,24,9,5,0,0,0,0,ipi34-2.tex
4527,5,2,0,0,0,0,0,ipin.tex
6935,5658,691,0,0,1,0,0,IPPM-25.tex
38720,7852,1105,192,4,0,0,16,isach.tex
53898,8410,1448,493,0,0,0,2,islamov.tex
23679,6819,1026,205,0,0,0,0,ismagilova.tex
8213,1614,267,41,0,0,0,0,ivan2.TEX
25941,4374,701,212,0,0,0,4,ivanov.tex
18784,7495,1234,148,0,0,0,0,ivanov2.tex
31121,9611,1337,118,5,0,0,7,ivanova.tex
109048,47826,7368,0,0,0,0,1,ivlev.tex
63816,23581,3282,187,0,5,1,27,iyavoynen.tex
41247,11101,2368,421,4,0,0,21,kabanov.tex
34678,9640,1208,78,4,1,3,0,kabanov20-2.tex
20729,9436,1335,53,0,3,0,9,kadashevich.tex
20148,5073,828,174,0,4,0,9,kaledin.tex
51306,39855,5023,2,6,3,0,16,kalen+vlas.tex
18636,11601,1577,10,0,3,0,0,Kalenov.tex
101045,79904,10193,67,8,0,0,0,kalin.tex
31858,23808,3350,28,4,1,0,5,kalinich.tex
152958,33265,5097,240,6,1,0,107,Kalinichenko.tex
75587,21511,2580,6,8,2,0,12,kalinin.tex
13768,4852,721,114,0,3,1,3,karakulina.tex
52364,3677,579,255,8,1,1,19,karasikov.tex
32606,24580,3009,43,7,0,0,4,karateev.tex
29230,16467,2320,38,0,6,0,17,karpeev.tex
77954,15426,2356,424,0,4,0,42,karpishkov.tex
42371,33502,4147,31,4,0,0,2,karpov.tex
32756,17670,2178,23,6,7,1,0,karpuhin.tex
28084,17386,2322,181,0,0,0,13,katanaev.tex
26096,5355,921,244,4,0,0,0,kavaguchi.tex
25184,5132,829,210,0,0,0,3,kazakova.tex
145207,18959,2814,351,0,6,1,74,keller.tex
25853,8036,1256,214,0,0,0,7,khachatryan.tex
26819,8575,1406,267,0,0,0,6,khasimov.tex
41235,19559,2660,112,3,0,0,5,khazi.tex
30971,10925,1527,77,3,3,0,5,khaziah.tex
121245,48469,7599,1334,0,9,0,24,khokhlov.tex
33855,25745,3217,10,0,0,0,0,khrist.tex
23935,9727,1471,258,0,0,0,0,khromov.tex
53998,2588,443,146,0,0,0,26,khushtova.tex
46487,5979,965,303,0,0,0,12,khustova.tex
9908,5400,697,52,0,1,0,0,kichaev.tex
9942,8678,1096,3,0,0,0,0,kilbasu.tex
81223,27276,4198,449,5,5,1,38,KIR-RAZ.TEX
45789,12328,2046,375,3,0,0,6,kireev.tex
14168,4853,696,90,0,0,0,5,kirichenko.tex
34717,21604,2824,115,4,3,0,12,kirik+rumov.tex
36688,13531,1761,124,6,4,0,3,kirikov.tex
38483,26358,3474,105,5,0,0,4,kirilyuk.tex
12320,2505,416,54,0,2,2,7,kirpichev.tex
12563,7955,1161,39,0,1,1,0,kirpichyov.tex
28224,8733,1180,137,0,3,0,7,kislov.tex
39949,26062,3251,157,0,2,1,16,klebanov.tex
31873,26284,3434,16,9,0,0,3,klimenkov.tex
32052,20731,2669,18,0,6,0,0,kochergin.tex
29682,17958,2388,74,5,0,0,19,kochetkova.tex
25279,14375,1996,92,5,4,0,7,kodnyanko.tex
54968,47791,5784,6,7,0,0,2,kogalovski.tex
56901,19302,2618,323,0,0,0,15,kogan.tex
35419,12611,1711,124,5,0,0,8,kol-list.tex
71154,23591,3699,277,0,4,1,64,kolegov.tex
33061,21726,2672,16,4,2,0,9,koles-list.tex
32683,20665,2643,76,4,1,0,3,koles-listopad.tex
30724,13014,1872,159,6,0,0,14,koles.tex
44422,30275,3819,17,5,13,1,22,kolesnikov-2.tex
38270,26303,3302,14,7,2,0,1,kolesnikov.tex
41201,21479,2911,66,0,7,0,19,kolesnikova.tex
35886,26866,3886,1,8,0,1,0,kolin.tex
58090,41557,6054,3,0,0,0,21,kolomiets.tex
16601,8304,1072,49,0,3,0,0,kolpashikov.tex
42394,32706,4270,130,8,1,0,3,koltsov.tex
47009,17956,2608,200,0,8,3,24,komartsov.tex
47753,14449,2335,336,6,0,0,11,kon-raz-old.tex
48605,14460,2337,336,6,0,0,11,kon-raz.tex
48792,11586,1627,236,5,6,0,4,konashenkova.tex
26518,18389,2160,2,5,2,0,0,kondrashev.tex
11626,7039,877,25,0,3,0,0,konikova.tex
19239,8077,1207,137,0,0,1,0,kononenko.tex
65549,8490,1221,178,6,0,0,22,konovalov+Raz.tex
36998,19235,2624,63,6,0,3,5,konovalov.tex
32676,13998,1806,43,5,2,1,32,konushin.tex
14514,17,7,3,0,0,0,0,kor+gor+old.tex
63699,11531,1756,444,6,0,0,40,kor+gor+zei.tex
41688,27450,3630,109,6,1,0,13,kor+gor.tex
70871,15913,2359,342,4,2,0,19,kor+korch.tex
44811,29610,3734,19,8,3,5,1,kor+nech.tex
70187,10280,1636,420,10,0,0,47,kor-zeif-kor.tex
20931,4521,713,123,0,0,0,9,korablev.tex
40136,23249,3430,259,4,2,2,0,korch.tex
52231,39792,4960,14,6,1,1,1,korchag.tex
45274,9178,1428,354,4,1,0,14,korchagin.tex
17805,12557,1582,99,0,1,0,4,korchak.tex
34976,23319,3346,206,6,3,0,2,korchzhkina.tex
26338,16506,2060,12,6,2,0,6,korenkov.tex
53298,11273,1713,259,6,0,0,31,korep+sin.tex
21603,17374,2105,5,4,1,0,1,korepanov.tex
54684,6289,1010,413,4,0,0,17,korgor.tex
21905,2579,422,131,0,0,0,4,korneev.tex
68176,15813,3386,931,0,0,0,12,kornienko.tex
8312,7001,1111,17,0,0,0,0,KORNLIT2.TEX
79877,19270,3471,798,6,0,0,25,kornvg.tex
43880,14108,1911,270,3,0,0,10,korol-sok.tex
30459,5334,774,142,3,0,0,14,korolev+dor.tex
29953,17553,2288,21,5,4,3,10,korolev.tex
40523,8619,1368,365,0,1,0,10,koroleva.tex
50873,8941,1370,253,6,0,0,15,korr+kor+zeif2.tex
48163,39875,5402,98,7,0,0,6,kosmid.tex
39558,12419,1865,363,4,2,0,14,kosolapov.tex
60809,23714,3314,215,0,5,0,26,"kostina,plekhova.tex"
67108,25577,3647,203,0,3,0,26,kostina.tex
18675,2958,417,153,0,0,0,2,kosygina.tex
37957,12780,1961,216,0,4,2,9,kotenko.tex
40702,10227,1427,149,0,3,0,7,kotova.tex
56790,35886,4799,133,5,0,0,69,kovalenko.tex
18935,6458,902,120,0,1,0,12,kovalenkoPopov.tex
36278,26128,3135,35,4,1,0,19,Kovalev-tarasov.tex
51246,11783,1644,174,0,2,0,14,kovalev.tex
56050,36464,4703,145,9,0,0,25,Kozer.tex
39823,15249,1897,93,6,0,0,5,Kozerenko.tex
66736,14935,2584,524,0,0,0,22,kozhevnikova.tex
65909,48232,6366,66,7,5,6,73,kozhunova.tex
21473,5416,864,163,0,0,0,4,kozh_khad_samara.tex
27361,4522,765,171,0,0,0,4,kozh_leon_samara.tex
45710,32837,4089,11,5,1,2,3,Kozlov+Zat.tex
53395,18203,2715,226,8,0,3,11,kozlov.tex
12179,5155,746,83,0,0,0,7,kozlova.tex
48590,37859,5183,316,6,0,0,0,kozm.tex
31062,17533,2311,80,5,0,0,15,Krasnov.tex
34757,21931,2983,19,5,0,0,21,kravtsova.tex
14928,6765,948,55,0,0,0,9,krestelev.tex
35782,7685,1311,355,5,4,1,3,kriv.tex
30784,7146,1161,157,6,1,0,0,krivenko-old.tex
30792,7151,1162,157,6,1,0,0,krivenko.tex
64407,9011,1666,424,0,0,0,8,krivonosov.tex
27721,14463,1863,48,5,5,0,10,krovosheev-linnik.tex
18525,12481,1569,57,8,0,0,12,KRUCHIN.TEX
38877,5448,760,140,0,1,0,19,krutov.tex
33934,22241,3136,3,3,2,0,3,kruzhkov.tex
87710,36790,5875,731,0,2,0,52,krylov.tex
137016,28620,4676,848,0,18,0,38,kudinov.tex
23702,4973,775,246,4,0,0,8,kudr+shorgin.tex
27662,7382,1119,154,3,2,4,8,kudr-pal.tex
28690,6804,976,162,5,0,0,16,kudr-shest.tex
22998,5965,872,136,2,0,0,7,kudr-tit.tex
55413,16855,2544,342,6,3,9,31,kudr.tex
27705,11654,1862,230,0,3,0,3,kudurov.tex
26977,19632,2633,205,0,0,0,0,kulikovsiy.tex
32905,23330,3149,84,7,0,0,18,kurakin.tex
32193,15447,1954,82,5,0,0,4,kurov.tex
33468,7444,1083,275,4,0,0,4,KuSh1.tex
13717,11408,1398,0,0,0,0,0,kuts.tex
48114,37829,5066,46,11,0,0,9,kuzn.tex
35653,9399,1584,444,0,0,2,7,kuznecov.tex
29758,8925,1365,254,0,1,0,0,kuznecova.tex
27590,6316,1004,190,0,1,0,8,kuznetcov.tex
35710,14457,2786,689,0,0,4,9,kuznetsov.tex
23022,5381,902,214,0,0,0,8,kyrov.tex
42470,13938,2188,256,5,0,0,7,lange.tex
40818,6088,880,178,5,0,0,12,lapko.tex
20137,6084,817,97,0,1,0,6,largina.tex
5313,1386,242,17,0,0,0,0,lasttitle-eng.tex
6618,2198,351,14,0,0,1,0,lasttitle.tex
55212,22438,3197,193,0,3,0,25,LaTeX2.tex
34524,8543,1321,291,5,1,1,18,lebedev.TEX
9538,3214,463,81,0,1,0,2,leont.tex
29072,13498,1771,15,0,0,0,19,leontiev.tex
37671,6062,900,151,3,0,0,0,Leon_Ush.tex
36018,13045,1980,265,4,0,0,20,Leri-Pavlov.tex
34262,9595,1546,318,4,0,0,15,leri.tex
47201,12007,1734,290,5,0,0,1,leshin.tex
1908,1197,195,36,0,0,0,0,LETT2ED.TEX
8328,4819,693,118,0,0,0,0,LETTER.TEX
30366,24283,3077,63,7,4,0,7,levikin.tex
10217,2845,532,118,0,0,0,0,Lexina.tex
17842,8095,1123,157,0,0,0,4,lezhnev.tex
22324,13162,1675,35,0,2,0,0,limanova.tex
33373,6894,1083,193,4,0,0,15,lipatyev.tex
39878,9036,1276,211,4,1,0,8,list-rum.tex
30973,18180,2318,70,4,0,0,24,listopad.tex
44558,17816,2465,103,0,3,0,17,litvinov.tex
31422,7942,1198,193,0,1,1,11,livshits.tex
40360,6742,1016,220,0,2,1,11,livshiz.tex
573,21,2,0,1,0,0,0,ljm-example.tex
54081,11727,1969,351,5,0,0,17,Logachev.tex
22886,14057,1865,108,0,2,0,0,loganova.tex
13094,8284,1088,0,0,0,1,2,loginov.tex
26604,13731,1916,127,0,1,1,6,lokoshenko.tex
43824,12469,1858,256,0,0,0,23,lsu.tex
17167,9083,1126,58,0,0,3,0,lubencova.tex
37800,24773,3091,11,6,0,5,9,lucyanov.tex
42489,20261,2743,100,6,1,3,3,lukash.tex
43349,8943,1450,203,5,0,0,18,lukashenko.tex
135344,48811,6740,532,0,9,0,34,lukashev.tex
62613,47590,6001,5,8,2,0,18,lukianov.tex
34183,7065,1121,288,4,0,0,27,lukmor.tex
24439,7849,981,47,3,0,0,0,lupentsov.tex
19891,6433,898,92,0,0,0,0,lutachin.tex
52924,7190,1367,574,5,0,0,25,lyamin.tex
632,219,29,0,0,0,0,0,LYASHK70.TEX
13682,2454,335,66,0,0,2,0,lyozin.tex
22526,8935,1169,111,0,1,0,0,lysov.tex
46059,6205,992,186,0,0,0,14,makaova.tex
18104,5875,749,71,0,0,0,2,makarova.tex
4707,288,23,3,0,0,0,0,maket.tex
95957,17934,2893,539,0,0,0,30,maklakov.tex
35428,3168,557,125,0,0,0,16,maksimova.tex
41232,11559,2018,347,5,0,0,8,mal-naz-1.tex
29155,12566,1935,233,5,2,1,1,malashenko.tex
25624,7103,1012,42,5,0,0,13,Maleev.tex
39835,26184,3566,18,5,6,1,0,malkovskii.tex
50857,7026,1506,224,0,0,0,5,mamedov.tex
34670,5247,732,182,0,0,0,19,manako.tex
23101,5601,1108,204,0,0,0,6,manakova.tex
27077,9528,1372,74,5,0,0,6,maniakov.tex
45263,11091,1540,124,0,0,0,1,mansimov.tex
51713,23084,3292,195,0,3,0,16,manzhirov.tex
17084,3886,699,174,0,0,0,9,marchuk.tex
43546,22046,3463,25,0,0,0,0,marichev.tex
46429,16728,2478,360,7,0,0,17,markin.tex
83202,15563,2837,629,9,0,0,41,markov.tex
48829,30991,3964,212,7,0,0,12,markova.tex
33186,13426,1910,137,4,5,2,3,martianov-2.tex
16325,5051,723,134,3,0,0,7,Martianov.tex
54349,23392,3415,208,0,0,0,33,martynenko.tex
30582,8772,1281,242,0,1,0,8,martynov.tex
68724,24669,3565,336,6,0,0,20,mashechkin.tex
51622,7620,1212,172,0,0,0,0,mastaliyev.tex
41812,13004,2043,204,0,1,5,4,masyagin.tex
34495,23763,3118,30,5,0,0,4,matskevich.tex
28800,9514,1310,184,4,0,0,9,matushenko.tex
27611,18811,2744,41,4,1,1,4,matveev.tex
28927,7399,1199,379,5,0,0,3,matveeva.tex
20933,6655,978,69,0,4,0,1,maximov.tex
11919,2407,358,50,0,0,0,4,maximova.tex
20736,4652,746,61,0,2,0,4,mayburov.tex
48654,24324,3320,333,5,3,0,25,mayorov.tex
25576,5988,1177,176,0,0,0,3,mayuzumi.tex
52765,25983,3563,84,6,0,11,0,medennikov+Bud.tex
40030,26580,3394,57,4,2,0,13,medv-gai.tex
40627,6938,1035,204,6,0,0,10,meih.tex
14603,3229,443,35,0,0,0,3,melentev.tex
18060,4081,560,72,0,0,0,0,melentiev.tex
26333,8052,1290,198,5,0,0,0,melnikov.tex
15888,1894,361,129,0,0,0,6,metric.tex
41247,16616,2373,241,7,0,0,7,meykh.tex
30529,7303,1139,134,0,2,0,0,meysner.tex
28047,7109,1213,254,0,2,2,6,mich.tex
35427,8375,1240,181,1,0,0,7,mikhailov.tex
31639,4146,694,167,0,0,0,10,mikheev.tex
62140,10164,1535,415,8,0,0,4,milovanova.tex
24326,12094,1713,25,0,6,1,4,minasov.tex
45487,27824,3492,55,4,1,6,12,minin-zat.tex
49026,27495,3390,5,4,3,7,12,minin.tex
30424,4500,805,206,0,0,0,0,mironov.tex
14863,6755,920,60,6,0,0,3,mishchenko.tex
17906,6230,856,106,3,0,0,3,mistrukov.tex
35215,10936,1633,275,0,9,0,18,mitlina.tex
70026,6173,958,242,0,0,0,14,mitrokhin.tex
38168,22393,3249,82,4,0,0,5,mizarbekov.tex
51949,42230,5506,5,5,0,0,6,Mizin.tex
12115,10328,1263,38,0,0,0,0,mm-2007.tex
18444,4850,856,116,0,0,1,7,molchatsky.tex
28372,5960,922,190,9,0,1,1,moldov.tex
41995,3979,720,204,6,0,0,10,monahov.tex
42357,8351,1283,336,4,0,0,20,mor-luk.tex
44371,14465,2133,417,6,0,0,32,mor-nekr.tex
40730,27776,3844,244,4,0,0,42,mor-rum.tex
51161,13703,2185,419,3,0,10,23,MOROZOV.TEX
36136,11219,1428,64,5,0,1,16,morozova.tex
35697,11124,1533,131,5,0,0,10,moskaleva.tex
61630,17559,2658,309,0,3,2,0,moskalik.tex
36895,21859,2982,278,4,3,3,1,moskin.tex
668,199,48,6,0,0,0,0,MPRINT03.TEX
2318,536,138,24,0,0,0,0,MPRINT04.TEX
5397,2515,566,146,0,0,0,0,MPRINT97.TEX
3327,1479,338,73,0,0,0,0,MPRN1-98.TEX
46846,8211,1270,227,0,0,0,16,murashkin.tex
39595,23739,3195,282,6,4,0,11,murashov.tex
42301,8823,1321,200,0,4,0,4,mylpolbel.tex
41845,11688,1711,113,0,0,1,14,myltsina.tex
36272,6436,1215,420,0,0,0,18,napalkov-zimens.tex
54737,4921,990,450,0,0,0,12,napalkov.tex
27206,11733,1549,97,9,1,0,12,NASONOV.TEX
33755,16747,2169,77,4,0,1,12,naumov.tex
53996,14645,2275,253,0,2,0,14,nazarov.tex
30809,10009,1441,161,0,2,0,5,nebogina.tex
620,341,40,0,0,0,0,0,necro1.tex
902,592,67,0,0,0,0,0,necro2.tex
19594,12689,1583,23,5,0,0,0,NEDOREZ.TEX
35864,10921,1703,429,0,4,5,3,nedorezov.tex
50687,12490,1796,239,11,0,0,6,nefedova.tex
24702,12630,1763,49,0,3,2,19,nekhozhin.tex
2584,2076,274,0,0,0,0,0,nekrol.tex
7197,5981,809,0,0,1,0,0,nekrolog-new.tex
3093,2387,301,0,0,0,0,0,nekrolog-RB.tex
4504,3116,416,0,0,0,0,0,nekrolog-Zhuravlev.tex
61535,27537,4022,240,0,2,1,21,nemirov.tex
34932,10090,1714,337,0,3,0,0,nemirovskii.tex
31774,5298,817,170,0,1,0,12,nemirovskiy.tex
34842,8671,1306,212,0,5,2,11,nemirovsky.tex
32593,22768,3376,1,5,4,0,2,nikishin.tex
22503,5384,816,131,0,1,1,6,nikishov.tex
29616,18610,2393,37,4,1,1,1,nikit.tex
22430,3655,610,290,0,0,0,0,nikitenko.tex
27014,8601,1434,235,5,0,0,10,nikola.tex
49502,6591,1109,480,0,0,0,13,nikolayev.tex
25886,6370,939,107,0,2,0,6,nikonov.tex
46684,28992,4027,287,5,5,2,9,nizem.tex
36994,22131,3164,124,0,9,0,29,nizovceva.tex
25564,16084,2219,270,0,0,0,7,novikov.tex
42664,12052,1841,369,0,0,0,11,novikova.tex
42702,6449,866,50,4,0,0,10,nuriev-egorova.tex
30154,18976,2556,14,4,2,2,0,nuriev.tex
17962,7331,1094,57,0,0,0,0,OBCHAK.TEX
39633,24440,3251,48,5,9,0,6,obuchova.tex
33863,4541,833,95,4,6,0,0,obuhova.tex
4906,3775,481,0,0,0,0,0,Ocherk.tex
26010,6675,1021,136,4,2,0,0,odinaev.tex
37022,6313,943,57,5,0,0,11,ogaltsov.tex
98612,24081,3582,510,0,3,0,35,ogorodnikov.tex
384,368,52,0,0,0,0,0,OLE-ENG.TEX
21310,12291,1650,96,0,0,0,3,OLENIN.TEX
38410,22861,3020,136,4,0,0,9,ometov.tex
17366,11892,1635,208,0,0,1,5,orlov.tex
16668,8216,1047,41,0,0,0,3,osheva.tex
71266,20920,2831,353,0,6,3,13,oshmarin.tex
35293,12127,1667,150,5,5,1,0,ostrikova.tex
3218,1494,229,3,0,0,0,0,OU0405.TEX
3188,1467,228,3,0,0,0,0,OUT0104.TEX
3191,1467,228,3,0,0,0,0,OUT0105.TEX
3188,1469,229,3,0,0,0,0,OUT0204.TEX
3191,1467,228,3,0,0,0,0,OUT0205.TEX
3189,1467,228,3,0,0,0,0,OUT0304.TEX
3218,1492,228,3,0,0,0,0,OUT0305.TEX
3157,1439,225,3,0,0,0,0,out0403.tex
3188,1467,228,3,0,0,0,0,OUT0404.TEX
3211,1489,230,2,0,0,0,0,OUT0503.TEX
3191,1467,228,3,0,0,0,0,OUT0505.TEX
3188,1467,228,3,0,0,0,0,OUT0604.TEX
3191,1467,228,3,0,0,0,0,OUT0605.TEX
3211,1489,230,2,0,0,0,0,OUT0703.TEX
3188,1467,228,3,0,0,0,0,OUT0704.TEX
3191,1467,228,3,0,0,0,0,OUT0705.TEX
3212,1489,230,3,0,0,0,0,OUT0803.TEX
3191,1467,228,3,0,0,0,0,OUT0804.TEX
3190,1467,228,3,0,0,0,0,OUT0805.TEX
3211,1489,230,3,0,0,0,0,OUT0903.TEX
3192,1467,228,3,0,0,0,0,OUT0904.TEX
3200,1455,226,3,0,0,0,0,OUT0905.TEX
3243,1463,234,3,0,0,0,0,OUT100.TEX
3299,1479,238,3,0,0,0,0,OUT1000.TEX
3302,1482,238,3,0,0,0,0,OUT1001.TEX
3218,1457,229,3,0,0,0,0,OUT1002.TEX
3213,1493,230,3,0,0,0,0,OUT1003.TEX
3192,1467,228,3,0,0,0,0,OUT1004.TEX
3134,1451,224,3,0,0,0,0,OUT1005.TEX
3308,1473,237,1,0,0,0,0,OUT101.TEX
3322,1503,239,3,0,0,0,0,OUT102.TEX
3157,1439,225,3,0,0,0,0,OUT103.TEX
2825,1205,201,1,0,0,0,0,OUT1097.TEX
3114,1436,230,2,0,0,0,0,OUT1098.TEX
3237,1455,233,1,0,0,0,0,OUT1099.TEX
3301,1480,238,3,0,0,0,0,OUT1100.TEX
3318,1496,238,1,0,0,0,0,OUT1101.TEX
3218,1457,229,3,0,0,0,0,OUT1102.TEX
3211,1489,230,3,0,0,0,0,out1103.tex
3192,1467,228,3,0,0,0,0,OUT1104.TEX
3135,1451,224,3,0,0,0,0,OUT1105.TEX
2824,1204,201,1,0,0,0,0,OUT1197.TEX
3120,1422,228,2,0,0,0,0,OUT1198.TEX
3237,1455,233,1,0,0,0,0,OUT1199.TEX
3300,1480,238,3,0,0,0,0,OUT1200.TEX
3324,1503,239,3,0,0,0,0,OUT1201.TEX
3157,1439,225,3,0,0,0,0,OUT1202.TEX
3189,1467,228,3,0,0,0,0,out1203.tex
3191,1467,228,3,0,0,0,0,OUT1204.TEX
2824,1205,201,1,0,0,0,0,OUT1297.TEX
3240,1458,234,2,0,0,0,0,OUT1298.TEX
3242,1458,234,2,0,0,0,0,OUT1299.TEX
2818,1200,200,1,0,0,0,0,OUT198.TEX
3236,1455,233,1,0,0,0,0,OUT199.TEX
3302,1480,238,3,0,0,0,0,OUT200.TEX
3319,1503,239,3,0,0,0,0,OUT202.TEX
3157,1439,225,3,0,0,0,0,OUT203.TEX
2819,1201,201,1,0,0,0,0,OUT298.TEX
3238,1456,233,1,0,0,0,0,OUT299.TEX
3237,1455,233,1,0,0,0,0,OUT300.TEX
3301,1482,238,3,0,0,0,0,OUT301.TEX
3323,1503,239,3,0,0,0,0,out302.tex
3157,1439,225,3,0,0,0,0,out303.tex
2818,1200,200,1,0,0,0,0,OUT398.TEX
3238,1456,233,1,0,0,0,0,OUT399.TEX
3302,1480,238,3,0,0,0,0,OUT400.TEX
3302,1482,238,3,0,0,0,0,OUT401.TEX
3318,1496,238,1,0,0,0,0,out402.tex
2828,1208,201,1,0,0,0,0,OUT497.TEX
2818,1200,200,1,0,0,0,0,OUT498.TEX
3238,1456,233,1,0,0,0,0,OUT499.TEX
3303,1480,238,3,0,0,0,0,OUT500.TEX
3302,1482,238,3,0,0,0,0,OUT501.TEX
3324,1503,239,3,0,0,0,0,OUT502.TEX
2828,1208,201,1,0,0,0,0,OUT597.TEX
2818,1200,200,1,0,0,0,0,OUT598.TEX
3238,1456,233,1,0,0,0,0,OUT599.TEX
3302,1480,238,3,0,0,0,0,OUT600.TEX
3298,1476,237,1,0,0,0,0,OUT601.TEX
3322,1503,239,3,0,0,0,0,OUT602.TEX
2828,1208,201,1,0,0,0,0,OUT697.TEX
2878,1259,206,1,0,0,0,0,OUT698.TEX
3243,1458,234,2,0,0,0,0,OUT699.TEX
3302,1480,238,3,0,0,0,0,OUT700.TEX
3302,1482,238,3,0,0,0,0,OUT701.TEX
3322,1503,239,3,0,0,0,0,out702.tex
2828,1208,201,1,0,0,0,0,OUT797.TEX
3080,1404,226,1,0,0,0,0,OUT798.TEX
3242,1462,234,3,0,0,0,0,OUT799.TEX
3300,1480,238,3,0,0,0,0,OUT800.TEX
3301,1482,238,3,0,0,0,0,OUT801.TEX
3323,1503,239,3,0,0,0,0,OUT802.TEX
3064,1406,227,2,0,0,0,0,OUT898.TEX
3236,1454,233,1,0,0,0,0,OUT899.TEX
3295,1473,237,1,0,0,0,0,OUT900.TEX
3302,1482,238,3,0,0,0,0,OUT901.TEX
3318,1496,238,1,0,0,0,0,OUT902.TEX
2824,1205,201,1,0,0,0,0,OUT997.TEX
3091,1402,227,3,0,0,0,0,OUT998.TEX
3236,1454,233,1,0,0,0,0,OUT999.TEX
26497,5651,1071,355,0,0,0,9,ovchinnikov.tex
24908,5694,816,168,0,4,0,7,ovsienko.tex
43179,8820,1251,209,0,8,1,20,OvsienkoAS.tex
43071,7197,1145,237,6,0,0,11,pagano.tex
81659,16725,3117,979,0,0,0,11,palin.tex
60956,16748,2572,644,0,0,0,24,palvelev.tex
43375,7520,985,44,5,0,0,11,panov.tex
63764,24825,3722,447,5,0,0,45,pant.tex
44408,26288,3561,163,0,1,0,47,paper.tex
56926,9842,1409,284,7,0,0,15,PAPER1.TEX
76595,12480,2101,736,8,0,0,39,PAPER2.TEX
28335,5569,941,210,5,0,0,9,PAPER3.TEX
26433,6342,1118,338,5,0,0,4,PAPER4.TEX
30679,8482,1278,208,8,0,0,13,PAPER5.TEX
17057,3551,551,229,2,0,0,4,PAPER6.TEX
17014,5188,724,133,3,0,0,6,PAPER7.TEX
16700,5840,880,186,0,0,0,12,paper8.tex
41915,10623,1553,236,6,0,0,0,PAPER9.TEX
49853,29250,4013,178,0,1,0,47,paper_bulgakova.tex
29082,6388,897,89,5,0,0,0,parkhom.tex
48865,14147,2117,191,0,7,0,22,parovik.tex
917,50,8,9,0,0,0,0,partition.tex
14607,3793,542,80,5,0,0,6,pavel.tex
29433,8640,1179,89,10,10,0,16,pavelieva.tex
18197,4974,721,108,0,2,0,4,pavlov.tex
31763,6235,981,225,0,0,3,6,pavlova.tex
67221,19669,3794,820,5,0,0,24,PEC-FR.TEX
38757,8918,1291,216,7,0,0,0,PECH.TEX
23090,10483,1524,134,0,0,0,27,pechen.tex
65680,16538,3078,862,6,0,0,22,pechin.tex
60016,11160,1893,538,9,0,0,17,pechink.tex
32531,10679,1673,231,7,0,0,0,pechinkin-new.tex
36287,12340,1927,246,5,0,0,7,pechinkin.tex
39722,11221,1594,155,0,2,0,13,pen'kov.tex
32819,21768,2853,98,0,2,0,5,penet.tex
22500,6765,1013,149,0,2,0,6,penkov.tex
34402,8373,1168,136,0,3,0,0,perevarukha.tex
36031,9144,1365,240,5,0,0,23,peshkova.tex
17335,13940,1771,3,0,2,0,0,petr.tex
11920,6460,868,64,0,0,0,0,petrov.tex
39960,9014,1323,154,0,3,0,5,petukhov.tex
69910,18254,2753,356,0,6,0,33,petushkov.tex
952,25,4,1,0,0,0,0,pic.tex
26099,14141,1713,100,0,0,0,0,pikul.tex
22568,16448,2091,28,9,4,0,6,piskovskii.tex
17803,5564,830,109,0,1,0,0,piskovskiy.tex
14924,4695,685,76,0,2,0,6,pivovarova.tex
22000,6464,927,100,0,4,0,2,pivovarovaisteryakov.tex
52465,23936,3371,224,5,5,0,16,plehanov.tex
29254,18723,2520,41,6,0,0,4,plekhanov-zakharov.tex
37493,21605,2877,132,5,0,0,10,plekhanov.tex
2595,2217,281,0,0,0,0,0,PLENUM.TEX
6166,5289,696,1,0,0,0,0,podgot-1str.tex
6658,5282,695,1,0,0,0,0,podgot-2str.tex
13711,8816,1267,0,0,0,0,0,podgot-eng-site.tex
15435,9101,1314,0,0,0,0,0,podgot-eng.tex
15286,10959,1412,0,0,0,0,0,podgot-rus-site.tex
16906,11168,1449,0,0,0,0,0,podgot-rus.tex
5910,5130,681,1,0,0,0,0,podgot.tex
31005,24161,2970,1,0,0,0,0,polieces.tex
58485,36738,4650,122,6,17,2,12,polubel.tex
43422,10036,1535,257,4,0,0,2,pop+sim.tex
36650,13856,1768,113,0,1,0,0,popkov.tex
39052,7206,1078,269,6,0,0,11,popkovi.tex
23236,7684,1001,117,0,1,0,11,popov.tex
19298,6406,970,115,0,0,0,0,popova.tex
25392,5585,898,204,0,0,0,4,popov_shirokov.tex
1230,264,36,0,0,0,0,0,popravka.tex
46276,30157,4544,71,5,2,4,0,posypkin.tex
39870,18415,2410,165,6,0,0,22,Potanin-Strijov.tex
11968,2336,340,39,0,0,0,3,potapov.tex
23541,2688,494,111,0,0,0,7,potekhina.tex
11891,8635,1277,0,0,0,0,0,pravila-eng-site.tex
12225,8800,1306,0,0,0,0,0,pravila-eng.tex
13492,10192,1329,0,0,0,0,0,pravila-rus-site.tex
13597,10257,1346,0,0,0,0,0,pravila-rus.tex
6324,5279,688,0,0,0,0,0,pravila.tex
2311,143,24,0,0,0,0,0,preamble.tex
1114,0,0,0,0,0,0,0,preamblw.tex
10464,8881,1094,0,0,0,0,0,PRED.TEX
1707,1306,203,0,0,0,0,0,predEng.tex
7691,6291,888,2,0,0,0,0,preface-eng.tex
8213,6936,852,2,0,0,0,0,preface-rus.tex
985,628,76,0,0,0,0,0,PREFACE.TEX
34091,4401,726,152,6,0,0,16,preobr.tex
42473,9417,1370,102,5,0,0,9,primer.tex
46771,15875,2525,105,0,8,0,9,privalova.tex
21098,4582,673,114,0,2,1,0,prokhorov.tex
21795,17034,2141,5,7,2,0,0,prokofiev.tex
53152,7983,1301,232,0,3,0,19,prosviryakov.tex
21080,15090,1828,50,5,1,0,2,protasov.tex
540,30,6,0,0,0,0,0,PSTOKOL.TEX
30065,20685,2665,0,0,0,3,16,public.tex
24599,15972,2072,37,0,1,2,7,pugacheva.tex
35494,6390,1138,256,7,0,0,2,rabinovich.tex
42963,20010,2632,49,0,0,0,7,radayev.tex
79636,33664,4553,349,0,4,0,22,radchenko.tex
26696,4540,750,180,0,0,0,5,radionova.tex
39051,18738,2630,7,0,0,0,3,radkevich.tex
57811,19244,2734,262,0,3,1,17,rapoport.tex
44521,9821,1974,634,0,0,0,13,rasulov.tex
26266,8701,1615,303,0,0,0,0,rasulov2.tex
24703,6920,1267,344,0,0,0,9,Ratseev.tex
18647,5878,882,151,0,0,0,4,rayanova.tex
29553,10006,1444,182,4,0,0,5,razum.tex
39564,12414,2087,273,4,0,0,9,razumchik-eng.tex
45498,9243,1370,279,7,0,0,8,razumchik-rus.tex
30744,13457,1888,150,6,0,1,5,razumchik.tex
45145,10311,1627,270,7,0,0,14,razumcik.tex
6905,3616,423,1,0,0,0,0,RECL.TEX
9893,6280,794,9,0,0,0,0,refer-kor.tex
5840,3709,495,39,0,0,0,0,REFS.TEX
1582,927,111,0,0,0,0,0,REFS0905.TEX
11674,8153,1022,117,0,0,0,0,REFS100.TEX
12775,10540,1299,0,0,0,0,0,Rekl-1.tex
3838,1991,277,0,0,0,0,0,rekl.tex
29036,15065,2177,1,0,0,0,0,repin.tex
22028,7766,1189,110,0,2,1,8,repina.tex
18207,4995,732,109,0,0,0,0,RepinTarasenko.tex
5493,5098,584,0,0,0,0,0,res.tex
4453,3030,377,1,0,0,0,0,RESHAL.TEX
6132,5672,673,2,0,0,0,0,ReSin.tex
32894,25435,3399,95,3,0,0,41,Res_SMO.TEX
17876,5617,837,96,0,0,2,8,reut1.tex
11667,6732,924,38,0,0,0,8,reut2.tex
23502,6613,1077,218,0,3,1,3,revinsky.tex
59470,8629,1317,216,0,0,0,0,rodionova-cor.tex
12197,1774,273,76,0,0,0,3,rodionova.tex
63108,51645,6450,7,4,3,0,7,rodomanov.tex
56083,19050,2797,345,0,5,0,13,romanova.tex
9994,4715,632,35,0,0,1,9,roters.tex
43483,12044,2003,419,8,0,0,12,rudoi.tex
51532,11985,1812,295,6,0,0,20,rudoy.tex
31574,5461,1030,310,0,0,0,0,rudykh.tex
17166,13342,1722,33,0,0,0,0,rules.tex
28637,18815,2587,106,4,3,0,1,rum-kir-old.tex
28889,18812,2586,106,4,3,0,1,rum-kir.tex
36138,23338,3071,6,7,0,0,34,rumov+kir.tex
31262,20875,2737,158,4,1,1,10,rumov+koles.tex
27342,18161,2233,2,4,2,0,6,rumov.tex
36184,20476,2961,155,4,1,0,0,rumovs.tex
42126,29882,4420,14,5,0,0,57,rumovsk.tex
53335,36746,4811,9,4,0,2,4,rumovskaya.tex
41921,11042,1726,129,5,5,1,6,Rumyatseva(moskaleva).tex
6822,2305,366,0,0,0,0,0,rus-index.tex
37139,5508,1006,328,0,0,0,8,ruziev.tex
16727,2191,508,169,0,0,0,4,ryabtsov.tex
46921,7523,1271,368,7,0,0,11,rybakov.tex
33401,6728,863,77,5,2,3,35,RYBIN.TEX
47826,33427,3905,18,3,0,3,37,Rychihin-Nur.tex
40089,15426,2057,91,4,0,1,20,rychikhin.tex
45924,21142,3423,522,5,3,3,10,rzaev.tex
71021,12522,1997,532,0,0,0,7,sabitov.tex
29253,7257,974,116,7,0,0,12,safin.tex
43797,9169,1548,256,0,0,0,8,safina.tex
17708,9676,1444,141,0,0,1,3,safonov.tex
20769,4165,790,199,0,0,0,4,sagadeeva.tex
42141,9945,1924,552,0,0,0,23,sakbaev.tex
600,223,29,0,0,0,0,0,salim70.tex
16578,6602,924,101,0,1,0,6,salkovskiy.tex
32085,15020,2077,23,4,0,0,9,sam+gaidam.tex
36510,5745,1005,162,0,0,0,20,samarin.tex
27414,12320,1641,46,0,0,0,14,samarin1.tex
39319,12390,1605,157,5,3,4,22,samokhina.tex
21112,10865,1499,89,0,1,2,1,sample.tex
36383,10610,1457,152,5,0,0,4,samuil.tex
32904,10600,1646,133,5,0,0,0,samuylov.tex
20781,4748,748,161,0,1,1,0,saraev.tex
75998,7343,1181,324,0,6,0,16,sarayev.tex
20743,3447,588,136,3,3,0,5,satin-2.tex
26096,5556,892,182,5,3,0,6,satin.tex
24164,16469,2238,56,0,3,1,4,saushkin.tex
36946,9527,1487,218,0,0,0,10,savenkova.tex
21250,6180,975,172,0,0,0,6,sayganova.tex
29453,20953,3062,11,0,0,0,3,seif-mul.tex
30611,22186,3019,39,3,0,0,9,seif.tex
46171,38369,5090,47,8,0,0,37,seiful.tex
31967,5239,819,47,4,1,1,10,semenihin.tex
36210,21575,2788,72,4,2,1,0,Semenov.tex
21940,4694,715,196,0,5,2,0,semenova.tex
45300,40481,4543,7,0,0,0,0,seminar.tex
52631,22738,2987,235,0,4,0,11,senitskiy.tex
40476,15036,2070,258,0,0,2,0,senitsky.tex
33773,7226,1131,161,4,3,2,4,senko.tex
63977,47865,6134,76,8,0,0,6,serebr-1.tex
33367,6748,1077,167,5,0,0,10,Serebr.tex
35545,13889,1784,84,6,0,0,15,sevast.tex
53176,40316,5104,17,4,2,6,0,shakh.tex
19040,5420,829,133,0,0,0,13,shakhov.tex
29547,7873,1240,121,0,0,0,10,shakirova.tex
32883,6427,1083,244,0,3,0,5,shalaginov.tex
31790,8986,1370,315,0,0,0,3,shamarov.tex
29364,23649,3100,35,7,0,0,1,sharapov.tex
35485,6449,1071,191,0,0,0,2,sharifov.tex
23202,14012,1861,8,6,2,0,3,sharnin.tex
33944,23742,3065,58,4,5,0,14,shenyav.tex
33170,16737,2405,159,0,0,3,13,shershneva.tex
27440,9201,1293,157,4,0,0,9,shest-1.tex
19285,3584,537,109,3,0,0,3,shest-2.tex
26901,6793,1145,249,3,0,0,18,shest.tex
29447,8955,1306,137,4,0,0,21,shestakov-1.tex
30038,5669,935,292,3,0,0,14,shestakov-vor.tex
23016,6863,917,101,3,0,0,8,Shestakov.tex
28772,19015,2547,12,5,0,0,1,Shetinin.tex
415,255,28,0,0,0,0,0,SHEVRIN.TEX
7683,1228,220,71,0,0,0,5,shevts.tex
45858,6205,970,543,4,0,0,20,shevtsova.tex
35161,22827,3169,197,4,0,0,3,shihiev.tex
24161,7926,1147,35,5,0,0,9,Shihievi.tex
27334,12213,1651,119,0,1,0,5,shinkarenko.tex
3906,3544,458,2,0,0,0,0,SHIROK.TEX
59081,9560,1650,474,0,0,0,24,shirokov.tex
60665,9764,1564,430,0,5,0,19,shiryaeva.tex
40901,8314,1353,399,0,1,0,13,shiryeva.tex
18812,5490,785,208,0,0,3,16,shishanin.tex
21747,15450,2224,14,9,0,0,3,shkotin.tex
42653,15188,2160,154,0,1,0,15,shlyakhin.tex
31416,19545,2671,82,5,3,3,9,shmeilin.tex
33978,9435,1263,169,6,0,0,10,shnurkov.tex
29712,20418,2732,9,0,6,0,0,shterenberg.tex
36589,14025,1836,157,0,2,0,4,shuplyak.tex
44597,8990,1234,198,6,0,0,17,shurkov.tex
21523,13112,1728,95,0,0,1,8,shvab.tex
30181,13984,2159,272,5,0,0,1,Shvedov.tex
31787,7603,1254,230,0,0,0,0,shwab.tex
38831,9598,1584,228,0,1,0,10,"sidnyaev,gordeeva.tex"
37856,13089,1817,127,0,0,2,26,sidorov.tex
39882,26252,3248,17,6,0,0,6,sigov.tex
13290,4005,614,74,0,3,0,5,silvestrov.tex
50244,24867,3219,112,9,4,1,7,simakov.tex
57282,8133,1385,350,4,0,0,80,SIMON2.TEX
50318,7693,1221,275,7,0,0,23,sin+kor.tex
29176,10011,1380,176,5,0,0,8,sinis+korep.tex
61939,13788,2070,281,8,1,0,21,sinit+korep.tex
45751,7234,1197,227,5,0,0,2,sinit-1.tex
77474,18173,2969,456,9,0,2,33,sinit-2.tex
11306,9672,1212,0,0,0,0,0,sinit.tex
54580,10215,1566,263,4,0,0,14,sinits-2.tex
87234,14399,2438,480,8,0,0,23,sinits-one.tex
54658,16465,2486,315,6,0,0,14,SINITS.TEX
48994,8803,1347,190,7,0,0,0,Sinitsin-2.tex
51879,9637,1408,263,6,0,0,0,sinitsin.tex
38964,13627,1888,197,6,0,0,12,sinitsini.tex
54758,35775,4577,166,5,2,0,7,sinitsyn.tex
61940,6156,1035,226,0,3,0,2,sizova.tex
32595,26456,3273,28,8,0,0,10,skachkov.tex
41418,31164,3797,2,6,0,0,0,skvortsov.tex
28336,15487,1966,44,4,5,0,0,skvortsova.tex
38019,7436,1282,282,0,0,0,0,slyakhin.tex
35930,24475,3347,52,5,0,0,11,smirnov.tex
32860,10940,1569,138,4,0,0,5,Snurkov.tex
30921,9343,1327,112,4,0,0,0,sochenkov.tex
364,352,49,0,0,0,0,0,SOK-ENG.TEX
16631,9238,1170,92,0,0,1,5,sokolkin.tex
24459,13088,1778,31,4,0,0,6,Sokolov-Dyachenko.tex
18921,13793,1923,1,5,3,0,13,Sokolov-new.tex
29356,9529,1288,97,4,0,0,9,SOKOLOV.TEX
36802,19760,2798,6,0,0,0,0,soldatov.tex
37289,10349,1639,134,0,3,0,15,soldatova.tex
40898,3556,609,219,0,0,0,9,soloviev.tex
37178,14727,1941,12,11,0,0,1,somin.tex
37378,13513,2119,164,5,0,0,7,sopin.tex
28678,6009,806,114,4,3,1,11,sorokin.tex
6500,5170,636,1,0,0,0,0,sosninu.tex
57446,6199,1079,242,0,0,0,5,sozontova.tex
15314,7108,1064,76,0,0,3,0,specialpages.tex
19506,11357,1440,88,0,3,0,0,spelnikov.tex
19458,7781,1084,211,0,1,4,4,spiridonova.tex
35027,5148,912,139,5,2,2,6,spivak+zig.tex
21597,13033,1618,3,4,4,0,0,SPIVAK.TEX
38163,9894,1631,387,0,2,0,0,St.tex
12836,7628,1008,13,0,2,0,0,starostenkov.tex
127932,20711,3549,756,6,0,0,10,stefan+sushko.tex
41932,15904,2277,227,0,4,0,0,stefanuk.tex
70716,14543,2218,468,8,1,0,26,stenina.tex
29464,11166,1615,112,5,0,0,5,step.tex
34767,22286,2783,33,4,3,2,0,stepanov-proh.tex
36886,25089,3662,31,5,5,0,0,Stepanov.tex
73851,13558,1792,305,0,7,4,10,stepanova.tex
28861,19157,2334,7,6,6,0,8,stepchen.tex
20061,10452,1338,9,5,1,2,0,stepchenkov-D.tex
43855,19973,2858,26,5,10,0,0,stepchenkov.tex
53029,40723,5173,49,5,3,1,25,stepchenkov1.tex
34386,23564,3101,58,5,9,1,2,stepchenkov2.tex
10217,2831,404,82,0,0,0,0,stolyarov.tex
49470,14215,2196,463,6,1,1,17,str-mot.tex
75056,11393,1744,535,0,3,1,0,streliaiev.tex
38094,8939,1278,222,4,3,2,24,stri+pop.tex
38089,7120,1143,271,8,0,0,11,strijov-old.tex
36547,10481,1390,112,4,3,2,14,Strijov.tex
36137,4986,722,72,4,9,1,19,strizhov.tex
11758,5017,736,97,0,3,0,0,Stru2.tex
44533,15209,2137,179,0,4,0,0,struzhanov.tex
13512,3403,514,101,0,0,0,7,struzhanov1.tex
27172,7304,1252,303,0,1,0,0,struzhanov2.tex
37111,10637,1958,242,0,0,2,12,stulin.tex
34042,23908,3031,14,5,0,0,9,Stup-bruhov.tex
39413,11641,1367,42,5,2,6,0,stup-vov.tex
32244,21571,2784,11,6,2,1,21,stupnikov.tex
35380,23226,2979,17,4,0,6,0,suchkov.tex
66293,57820,6926,8,5,7,0,24,suhoml.tex
41226,9822,2099,434,0,0,0,0,sukacheva.tex
49326,41045,5051,21,8,2,0,19,Sukhomlin.tex
39508,10290,1873,393,0,0,0,16,sultanbekov.tex
48189,26978,3458,88,5,0,0,6,sunterenko.tex
4046,955,168,2,0,0,0,0,supplement.tex
36562,15120,2032,219,4,0,0,16,sushko.tex
36466,11790,1696,321,0,0,2,14,sviriduk.tex
39755,10755,1985,467,0,0,0,0,sviridyk.tex
33729,8688,1638,342,0,0,0,0,sviridyuk.tex
463,30,6,0,0,0,0,0,SWANHNE.TEX
24721,15924,2064,9,5,2,0,0,sydnyaev.tex
45610,11151,2123,258,0,0,0,3,tagiyev.tex
24078,6101,966,223,0,0,0,11,takhirov.tex
43345,32457,4330,99,5,0,0,12,tarakanov.tex
30408,6763,1008,195,0,0,0,8,tarasenko.tex
41703,5429,934,290,0,0,1,23,tarasov.tex
40853,12781,1752,149,0,0,0,11,tashkinov.tex
28977,9185,1306,192,0,0,0,11,tasmam.tex
38419,7963,1300,237,0,0,0,17,tasmambetov.tex
2866,2550,324,0,0,0,0,0,tema.tex
32910,18351,2859,168,3,1,0,20,temnov.tex
26005,3775,673,179,0,4,2,6,teraud.tex
41160,16665,2571,360,5,18,1,19,terehina-grusho.tex
487,30,6,0,0,0,0,0,THRDRUS.TEX
38396,11142,1593,294,7,0,0,13,TIMOFEEV.TEX
20643,8703,1143,87,6,0,0,0,timonin.tex
32708,22592,2958,26,5,2,3,6,Tirikov-Kovalev.tex
37689,6074,970,206,5,0,0,10,tirsin.tex
5882,2310,359,13,0,0,2,0,title(old).tex
8687,4089,567,32,0,0,2,0,title.tex
1196,156,15,0,0,0,0,0,titlepage.tex
16291,7351,997,5,0,0,0,0,TOC-EN.TEX
16426,7911,972,4,0,0,0,0,TOC-RUS.TEX
40824,9908,1552,295,8,1,0,15,tokmakova.tex
15018,2213,353,96,0,0,0,3,tokova.tex
38777,30967,4011,23,5,0,0,5,torchig.tex
53814,24760,3591,509,8,0,0,7,Torhin-Rud.tex
41025,6449,1396,334,6,0,0,3,TORSHIN.TEX
17398,10305,1408,31,0,1,2,0,Trunin.tex
30706,10982,1547,175,0,0,0,0,trushechkin.tex
26516,11478,1588,94,0,0,2,4,tsapurin.tex
43128,5213,914,230,0,0,0,2,tsaritsanskii.tex
24626,13753,1839,76,5,0,0,7,tsiskar.tex
50071,10980,1440,74,7,2,1,8,tsitelov.tex
37701,10334,1686,357,0,0,0,15,tsvelodub.tex
61092,19810,2743,404,0,6,4,45,tsvetkov.tex
28721,18701,2565,154,0,4,0,8,tuch.tex
27972,10446,1564,217,2,0,0,8,tuchkova.tex
21087,4928,1029,173,0,1,1,0,tugashev.tex
30710,4441,924,268,0,1,0,11,tyrsin.tex
40929,10184,1496,265,0,4,1,13,tyrymov.tex
10598,7212,955,5,0,0,0,0,ubilei-1.tex
4429,3563,465,3,0,0,0,0,ubilei-2.tex
4897,4030,562,0,0,0,0,0,ubilei-budzko.tex
4327,2750,416,2,0,0,0,0,ubilei.tex
10283,7667,1004,5,0,0,0,0,ubilei3.tex
41673,6116,1150,185,0,0,0,2,Uldashev.tex
35269,7750,1137,231,4,0,0,14,ulianov.tex
14991,4356,637,119,0,0,0,2,umar.tex
54624,22773,3251,192,0,3,0,25,ungarova.tex
16094,4946,752,52,0,2,0,0,urcev.tex
72160,5045,877,326,0,0,0,5,urinov.tex
460,441,53,0,0,0,0,0,USH-ENG.TEX
29573,3460,506,137,4,0,0,1,ushakov.tex
26846,4418,686,321,3,0,0,0,ushakov1.tex
26955,4019,585,127,4,0,0,0,ushakovi.tex
41124,26046,3048,2,5,2,0,0,ushmaev-2.tex
37378,23615,3023,134,7,0,0,0,USHMAEV.TEX
47521,12920,1994,417,5,10,0,14,Usmanova.tex
19032,6288,1002,151,0,2,0,4,usov.tex
15139,5644,944,172,0,0,0,6,utakaeva.tex
29230,6815,1052,111,0,0,0,6,utkina.tex
30129,19796,2685,142,6,1,0,9,vagapova.tex
12212,3520,589,117,0,0,0,0,vaha.tex
33067,18668,2483,35,4,1,1,9,vakulenko-zatsman.tex
30438,20426,2718,26,4,6,1,0,vakulenko.tex
9828,5009,664,57,0,0,0,0,vakuluk.tex
14534,3199,498,96,0,1,0,3,vas-sil.tex
68225,26312,4087,581,5,0,0,16,vasil.tex
51163,24018,3821,369,5,0,0,18,vasilev.tex
22236,14938,2066,52,0,2,1,7,vasiliev.tex
10098,6023,831,28,0,0,0,3,vasilyev.tex
36574,11435,1723,205,6,0,0,19,vaskan.tex
19888,5804,847,179,0,0,0,4,vavilov.tex
65494,18169,2631,355,0,2,0,8,velmisov.tex
11132,4497,574,38,0,0,0,3,vendina.tex
22321,13568,1889,163,0,0,0,27,vernigora.tex
51355,11617,1703,291,0,7,0,10,verveyko.tex
7697,4536,716,83,0,0,0,0,vi2.tex
49009,36282,4545,1,5,3,0,2,vikhrev.tex
29119,8420,1189,167,4,1,0,7,vikhrova.tex
25809,6864,1055,179,4,1,0,13,vilz.tex
30458,15286,2141,159,4,0,0,7,vinogr.tex
22614,5875,950,68,0,0,0,0,virchenko.tex
26659,17311,2323,4,0,6,0,6,vla-kal.tex
27224,25864,3384,18,0,0,0,0,vladimirov.tex
34390,12788,1976,316,0,3,0,16,vlast.tex
54140,11067,1577,170,7,0,0,14,vohmin.tex
40558,27622,3508,81,7,3,1,0,voinov.tex
20365,12634,1662,113,0,2,1,24,volchkov.tex
59648,15105,2643,514,0,0,0,29,volkov.tex
35604,4716,1103,353,4,0,0,0,volodin.tex
31983,7380,1123,135,0,0,0,2,volovdm.tex
34292,24878,2973,3,5,2,0,8,volovich.tex
31025,13702,1949,161,6,3,3,0,VORONOV.TEX
43390,29211,3896,16,0,3,0,16,vostokin.tex
73040,11433,1466,111,6,0,1,24,vovchenko.tex
6098,1839,249,0,0,0,0,0,vseavt-eng.TEX
5719,2446,314,0,0,0,0,0,VSEAVTORI.tex
38779,14754,2424,309,0,0,0,22,watanabe.tex
24707,13124,1827,56,0,2,2,23,yacenko.tex
37224,22512,3081,19,5,3,3,0,yadrintsev.tex
25527,13820,1863,287,0,0,2,15,yakhontov.tex
33565,8539,1598,540,6,0,0,1,yakovenko.tex
27224,10058,1394,90,5,2,0,1,yakovlev.tex
13824,3289,520,57,0,0,0,0,Yakovleva.tex
78171,37247,5282,531,0,5,0,34,yankovskii.tex
40885,9789,1545,280,0,0,0,0,yankovskiy.tex
71490,38247,5307,357,0,4,1,40,yankovsky.tex
61906,37921,4951,328,0,3,0,47,yankovskyi.tex
44331,35882,4574,26,8,0,1,6,yanushko.tex
26172,4720,820,205,2,0,0,11,yanuskev.tex
27298,5620,834,175,0,0,0,0,yashagin.tex
12401,7656,963,5,0,0,2,0,yashkov.tex
15935,7298,1049,34,0,0,1,0,yudashkin.tex
37005,10548,1644,145,0,0,0,0,yuldashev.tex
603,226,30,0,0,0,0,0,ZAB70.TEX
26396,6378,904,172,0,1,2,5,Zabelin.tex
34453,9399,1735,380,5,0,1,0,zabezhailo.tex
35056,9389,1894,647,0,0,0,18,zabirova.tex
48568,29866,3867,274,5,3,17,3,zac-ion.tex
44315,32283,3844,3,3,0,0,14,zac-kis.tex
44032,35799,4522,33,5,1,0,6,zagorulko.tex
39954,8082,1142,123,4,0,0,8,zah-shest.tex
29960,6560,971,143,3,0,0,2,ZAHAR.TEX
36398,7222,1021,224,4,0,0,17,zaharov-goncharenko.tex
40393,31617,4961,3,4,1,0,3,ZAHAROV.TEX
25942,7864,1043,71,5,11,0,1,zaharova-new.tex
20698,12046,1594,86,6,2,0,2,zaharova.tex
18068,2825,414,99,0,0,0,0,zaikina.tex
41491,7227,1133,190,0,2,0,3,zaitsev.tex
43928,2454,420,216,0,0,0,8,zaitseva.tex
32964,3793,565,218,0,0,0,11,ZaitsevaNV_╨б╨░╨╝╨У╨в╨г_2016.tex
23890,19926,2455,10,3,0,0,0,zakh-old.tex
60982,45505,5860,114,13,0,0,8,zakh.tex
19537,11285,1465,22,4,0,2,0,zakharov.tex
30176,8887,1249,153,5,2,6,6,zakharova.tex
12553,3522,506,108,0,0,0,1,zakirova.tex
42272,9022,1428,461,3,0,0,24,ZAKS.TEX
49714,33511,4503,129,6,0,0,8,zaliznyk.tex
593,216,29,0,0,0,0,0,ZAMOV60.TEX
27130,6374,1299,297,0,0,0,6,zamyshlyaeva.tex
44923,14140,2050,232,0,0,0,2,zaripov.tex
38596,5134,832,240,4,0,0,11,zaryadov.tex
31555,23109,2758,12,6,4,0,11,zat+kor.tex
25776,15626,1970,48,4,4,2,3,zat-gar.tex
35853,14062,2009,116,4,4,2,4,zat-garanin.tex
31178,13660,1768,68,5,0,3,12,zat-ion.tex
35517,22618,2835,82,4,0,3,0,zat-koz.tex
42730,31546,3873,3,6,2,0,5,zat-suchkov.tex
33573,23304,2964,37,4,0,0,6,zat-zol.tex
33444,24095,2991,6,5,0,3,0,zatc-ion.tex
42191,31718,3846,17,4,2,0,1,zats+kondr+such.tex
48989,38236,4919,10,6,3,0,0,zats+kor.tex
41020,19559,2445,27,6,1,0,1,zats-gar.tex
42481,33095,4159,2,5,0,2,2,zats-kis.tex
41293,15414,1987,141,4,0,0,2,zats.tex
32814,22932,2904,33,5,3,1,3,zatsar+kozl.tex
40516,27656,3585,28,6,0,2,0,zatsar-ion.tex
23849,15997,1928,10,4,1,1,0,zatsar-ionenkov.tex
32483,20378,3063,44,5,3,0,0,zatsar.tex
38755,27729,3333,46,6,1,1,0,zatsarin.tex
41045,28025,4074,52,4,1,1,12,ZATSMAN.TEX
39411,28465,3524,9,3,1,0,5,ZATZAR.TEX
90425,18091,2467,669,0,2,2,9,zausaev.tex
16289,10311,1643,92,0,0,2,0,zausaev2.tex
27555,5029,828,182,0,1,0,0,zausaeva.tex
35968,14562,2141,481,0,0,8,0,zausaev_aa.tex
16696,6579,939,59,0,0,2,0,zausaev_af.tex
17464,5461,909,60,0,1,0,4,zavershinskiy.tex
35405,5454,908,199,0,0,0,2,zaynullov.tex
33833,10700,1482,210,4,4,0,23,zeif-raz.tex
28317,5389,794,132,4,3,0,5,zeifman.tex
63541,11213,1784,368,6,0,0,25,ZEIFMANN.TEX
7765,1541,275,92,0,0,0,0,zelenov.tex
40381,29439,3627,26,6,3,5,0,zhaharov.tex
24184,3719,604,106,0,0,0,3,zhdanov.tex
18534,5558,864,198,0,0,0,9,zhdanovAI.tex
78096,46404,6208,168,5,0,0,0,zhelenkova.tex
20443,13436,1656,10,6,4,0,1,zhevn.tex
37918,29705,3786,2,5,0,0,9,zhukov.tex
20466,4378,658,117,0,0,0,7,zhuravlev.tex
28091,14124,1862,131,0,1,0,3,zh_mir.tex
39380,26811,3386,5,5,0,0,6,zmeev.tex
42961,8822,1292,248,4,0,0,8,zorin.tex
104968,9751,1660,680,0,0,0,34,zoteev.tex
28817,10845,1464,178,0,1,0,9,zubarev_volov.tex
44213,31705,4223,305,5,0,0,21,zykin.tex
28582,8538,1257,210,6,1,0,0,zykova.tex
