title,author,abstract,filename
"Об обратимости линейных разностных операторов \\ 


с постоянными коэффициентами","\it А.Г.\,Баскаков",Не найдено,00-5-2001.tex
"Об обратимости линейных разностных операторов \\ 


с постоянными коэффициентами","\it А.Г.\,Баскаков",Не найдено,00-5.TEX
1-строго слабо регулярные модули и кольца,"\it А.Н.\,Абызов",Не найдено,00-7-2003.tex
1-строго слабо регулярные модули и кольца,"\it А.Н.\,Абызов",Не найдено,00-7.TEX
"Оценка числа решений однородной задачи Римана\\


на параболической римановой поверхности","\it И.А.\,Бикчантаев",Не найдено,01-01-2000.tex
"Об одном аддитивном методе для нестационарных


уравнений Навье--Стокса","\it \fbox{В.Н.\,Абрашин",Не найдено,01-01-2005.tex
"Об одном аддитивном методе для нестационарных


уравнений Навье--Стокса","\it \fbox{В.Н.\,Абрашин",Не найдено,01-01.TEX
"Устойчивость решений нелинейных почти периодических систем


функционально-дифференциальных


уравнений запаздывающего типа","\it Н.В.\,Алексенко",Не найдено,01-02-2000.tex
"Устойчивость решений нелинейных почти периодических систем


функционально-дифференциальных


уравнений запаздывающего типа","\it Н.В.\,Алексенко",Не найдено,01-02.TEX
"О слабом законе больших чисел в банаховых


пространствах мартингального типа $\size{14","\it О.В.\,Антонова, С.А.\,Бронникова, В.В.\,Давыдова, М.\,Ордоньез Кабрера",Не найдено,01-03-2000.tex
"О слабом законе больших чисел в банаховых


пространствах мартингального типа $\size{14","\it О.В.\,Антонова, С.А.\,Бронникова, В.В.\,Давыдова, М.\,Ордоньез Кабрера",Не найдено,01-03.TEX
"Об одном методе построения функций Ляпунова\\ 


для нелинейных неавтономных систем","\it А.Ю.\,Александров",Не найдено,01-1-1998.tex
"Об оценке одного функционала\\ 


в классе звездообразных функций","\it Л.Л.\,Громова, Н.В.\,Киреева",Не найдено,01-1-1999.tex
"Об алгебре многомерных интегральных операторов


с однородными ядрами с переменными коэффициентами","\it О.Г.\,Авсянкин, Н.К.\,Карапетянц",Не найдено,01-1-2001.tex
О некоторых теоремах для системы Прайса,"\it Г.А.\,Акишев",Не найдено,01-1-2002.tex
"Об аддитивных итерационных методах \\


и оценках их скорости сходимости","\it В.Н.\,Абрашин, Н.Г.\,Жадаева",Не найдено,01-1-2003.tex
"Метод доверительных окрестностей 


для минимизации кодифференцируемых функций","\it М.Ю.\,Андрамонов",Не найдено,01-1-2004.tex
"Метод доверительных окрестностей 


для минимизации кодифференцируемых функций","\it М.Ю.\,Андрамонов",Не найдено,01-1.TEX
"Спектральный анализ разностных операторов\\ 


с сильно непрерывными коэффициентами","\it А.Г.\,Баскаков",Не найдено,01-10-1997.tex
 Отображения с симметрией вращения,"\it И.А.\,Александров, Г.Д.\,Садритдинова",Не найдено,01-10-1998.tex
"К вопросу об устойчивости стохастических


функционально-дифференциальных уравнений\\


по первому приближению","\it Р.И.\,Кадиев",Не найдено,01-10-1999.tex
"Степенная задача Римана с постоянными


показателями для двоякопериодических


функций\\ с нулями на контуре","\it Е.П.\,Аксентьева ",Не найдено,01-10-2000.tex
"Внешняя обратная краевая задача


при комбинировании двух параметров из


декартовых координат\\ и полярного угла","\it Н.Р.\,Абубакиров, Р.Б.\,Салимов, П.Л.\,Шабалин",Не найдено,01-10-2001.tex
"Некоторые замечания о радиусе Бора\\


для степенных рядов","\it Л.А.\,Айзенберг, И.Б.\,Гроссман, Ю.Ф.\,Коробейник",Не найдено,01-10-2002.tex
"О существовании и единственности решения  


задачи Коши для дифференциально-операторных 


уравнений смешанного типа","\it В.М.\,Брук, В.А.\,Крысько",Не найдено,01-10-2003.tex
"Индуцированные связности на многообразиях\\


в пространствах с фундаментальными группами","\it М.А.\,Акивис, В.В.\,Гольдберг, А.В.\,Чакмазян",Не найдено,01-10-2004.tex
"Углы между множествами и склейка квазисимметрических


отображений в метрических пространствах","\it В.В.\,Асеев, Д.Г.\,Кузин, А.В.\,Тетенов",Не найдено,01-10-2005.tex
"Углы между множествами и склейка квазисимметрических


отображений в метрических пространствах","\it В.В.\,Асеев, Д.Г.\,Кузин, А.В.\,Тетенов",Не найдено,01-10.TEX
"Метод возмущения\\


дифференциально-алгебраических систем","\it М.В.\,Булатов",Не найдено,01-11-1997.tex
"Единственность положительного решения \\


одной нелинейной двухточечной краевой задачи \\


и численный метод его нахождения","\it Э.И.\,Абдурагимов",Не найдено,01-11-1998.tex
"Об эквивалентности и инвариантах линейных  


дифференциальных уравнений в частных производных  


второго порядка от двух переменных относительно  


замены переменных","\it У.Д.\,Бекбаев",Не найдено,01-11-1999.tex
"Экономичные итерационные схемы реализации метода \\


конечных элементов для стационарных краевых задач \\


математической физики","\it В.Н.\,Абрашин, А.А.\,Егоров, Н.Г.\,Жадаева",Не найдено,01-11-2000.tex
"О стабилизации pешения задачи Коши\\ для абстpактного диффеpенциального


уpавнения\\ пеpвого поpядка","\it А.В.\,Глушак",Не найдено,01-11-2001.tex
"Вклад Бояи, Гаусса и Лобачевского\\ в открытие неевклидовой


геометрии\\ ({\it к 200-летию со дня рождения Яноша Бояи","\it B.В.\,Вишневский",Не найдено,01-11-2002.tex
"Многообразия с вырожденным гауссовым отображением с кратными


фокусами\\ и скрученные конусы","\it М.А.\,Акивис, В.В.\,Гольдберг",Не найдено,01-11-2003.tex
"Подобно однородные локально полные пространства\\ с внутренней


метрикой","\it В.Н.\,Берестовский",Не найдено,01-11-2004.tex
"Реализация дискретных вероятностных


процессов конечными линейными и вероятностными автоматами","\it Н.З.\,Габбасов, Б.C.\,Кочкарев",Не найдено,01-11-2005.tex
"Реализация дискретных вероятностных


процессов конечными линейными и вероятностными автоматами","\it Н.З.\,Габбасов, Б.C.\,Кочкарев",Не найдено,01-11.TEX
"Вычисление неподвижных точек\\


симметричных экстремальных отображений","\it А.С.\,Антипин",Не найдено,01-12-1997.tex
"Стабилизация линейной дискретной системы\\ 


управления с интервальными коэффициентами","\it Л.Т.\,Ащепков, Ю.Б.\,Стегостенко",Не найдено,01-12-1998.tex
"Оптимизация прямых и проекционных\\


методов решения операторных уравнений","\it Б.Г.\,Габдулхаев",Не найдено,01-12-1999.tex
"Итерационный метод решения линейных 


задач оптимального управления с терминальными ограничениями","\it Е.В.\,Аксенюшкина",Не найдено,01-12-2000.tex
"Нелокальное улучшение управлений в динамических 


системах, квадратичных по состоянию","\it А.С.\,Булдаев",Не найдено,01-12-2001.tex
"Управление процессом минимизации \\


в параметризованном методе центров","\it А.А.\,Андрианова, Я.И.\,Заботин",Не найдено,01-12-2002.tex
"Оптимизация динамических систем в


классе дискретных управлений конечной степени","\it Р.\,Габасов, Ф.М.\,Кириллова, Н.С.\,Павленок",Не найдено,01-12-2003.tex
"Программное и позиционное решения терминальной


линейно выпуклой задачи оптимального управления","\it Р.\,Габасов, Ф.М.\,Кириллова, Т.Г.\,Хомицкая",Не найдено,01-12-2004.tex
"Программное и позиционное решения терминальной


линейно выпуклой задачи оптимального управления","\it Р.\,Габасов, Ф.М.\,Кириллова, Т.Г.\,Хомицкая",Не найдено,01-12.TEX
О локальной структуре конструкции Безиковича,"\it Г.В.\,Арутюнянц",Не найдено,01-2-1998.tex
"О сингулярных краевых задачах для\\


линейного функционально-дифференциального\\


уравнения второго порядка","\it Н.В.\,Азбелев, М.Ж.\,Алвеш, Е.И.\,Бравый",Не найдено,01-2-1999.tex
"Оптимизация полулинейных гиперболических систем\\


с гладкими граничными управлениями","\it А.В.\,Аргучинцев, О.А.\,Крутикова",Не найдено,01-2-2001.tex
"Вариационная задача об оптимальной форме тела


с минимальным радиационным нагревом поверхности","\it М.А.\,Аргучинцева",Не найдено,01-2-2002.tex
"Операторы сферической свертки \\


со степенно-логарифмическим ядром \\


в обобщенных пространствах Г\""ельдера","\it Б.Г.\,Вакулов, Н.К.\,Карапетянц, Л.Д.\,Шанкишвили",Не найдено,01-2-2003.tex
"К вопросу об устойчивости периодического дифференциального


уравнения с запаздываниями","\it В.Г.\,Абдрахманов, Ю.Н.\,Смолин",Не найдено,01-2-2004.tex
Об устойчивости решений\\ нелинейных разностных систем,"\it А.Ю.\,Александров, А.П.\,Жабко",Не найдено,01-2-2005.tex
Об устойчивости решений\\ нелинейных разностных систем,"\it А.Ю.\,Александров, А.П.\,Жабко",Не найдено,01-2.TEX
"Интерполирующие базисы\\


в пространствах функций $C^0_\omega(K)$ и $H^0_\omega(K)$","\it А.Б.\,Бычков",Не найдено,01-3-1998.tex
"Возмущение однозначного оператора\\ многозначным отображением


типа Гаммерштейна\\ с невыпуклыми образами","\it А.И.\,Булгаков, Л.И.\,Ткач ",Не найдено,01-3-1999.tex
О структурных константах алгебры октав.\\ Уравнение Клиффорда,"\it К.В.\,Андреев",Не найдено,01-3-2001.tex
"Дифференциальная точка поворота\\


в теории сингулярных возмущений. I","\it В.Н.\,Бобочко",Не найдено,01-3-2002.tex
"Об одном прямом методе решения двумерного слабосингулярного 


интегрального уравнения\\ первого рода","\it Р.Т.\,Валеева, И.К.\,Рахимов",Не найдено,01-3-2003.tex
Слабо регулярные модули,"\it А.Н.\,Абызов",Не найдено,01-3-2004.tex
"Об индексе многомерных интегральных операторов\\


с биоднородными ядрами и переменными коэффициентами","\it О.Г.\,Авсянкин, В.М.\,Деундяк",Не найдено,01-3-2005.tex
"Об индексе многомерных интегральных операторов\\


с биоднородными ядрами и переменными коэффициентами","\it О.Г.\,Авсянкин, В.М.\,Деундяк",Не найдено,01-3.TEX
"ПОЛУДИСКРЕТНЫЙ МЕТОД РЕШЕНИЯ УРАВНЕНИЙ\\


ОДНОМЕРНОГО ДВИЖЕНИЯ НЕОДНОРОДНОГО ВЯЗКОГО\\


ТЕПЛОПРОВОДНОГО ГАЗА С НЕГЛАДКИМИ ДАННЫМИ","\it А.А. АМОСОВ, А.А. ЗЛОТНИК",Не найдено,01-4-1997.tex
"$H$-проективные отображения\\


четырехмерных келеровых многообразий","\it А.В.\,Аминова, Д.А.\,Калинин",Не найдено,01-4-1998.tex
"Радиальные преобразования множеств \\


и неравенства для трансфинитного диаметра","\it Е.Г.\,Ахмедзянова, В.Н.\,Дубинин",Не найдено,01-4-1999.tex
Устойчивость уравнений\\ с запаздывающим аргументом. II,"\it Н.В.\,Азбелев, П.М.\,Симонов",Не найдено,01-4-2000.tex
"Об одном алгоритме решения уравнения


Фредгольма--Стильтьеса","\it В.В.\,Васин, Т.И.\,Сер\""ежникова",Не найдено,01-4-2001.tex
"Локальное строение поверхности внутреннего\\ 


конформного радиуса для плоской области","\it Л.А.\,Аксентьев",Не найдено,01-4-2002.tex
Операторы Грина с минимальной нормой,"\it А.Р.\,Абдуллаев, Н.А.\,Брагина",Не найдено,01-4-2003.tex
"Выпуклость поверхности конформного радиуса\\ 


и оценки коэффициентов отображающей функции","\it Л.А.\,Аксентьев",Не найдено,01-4-2004.tex
"Об изоморфизме пространств ультрадифференцируемых функций типа


Берлинга","\it А.В.\,Абанин",Не найдено,01-4-2005.tex
"Об изоморфизме пространств ультрадифференцируемых функций типа


Берлинга","\it А.В.\,Абанин",Не найдено,01-4.TEX
"О ПОЛОЖИТЕЛЬНОМ РАДИАЛЬНО-СИММЕТРИЧЕСКОМ РЕШЕНИИ\\ 


ЗАДАЧИ ДИРИХЛЕ ДЛЯ ОДНОГО НЕЛИНЕЙНОГО УРАВНЕНИЯ \\ 


И ЧИСЛЕННОМ МЕТОДЕ ЕГО ПОЛУЧЕНИЯ","\it Э.И.\,АБДУРАГИМОВ",Не найдено,01-5-1997.tex
"О связи между комплексной сплайн-аппроксимацией\\


и непрерывной дифференцируемостью функций\\ на кривой","\it М.Б.\,Вакарчук",Не найдено,01-5-1998.tex
"Об одном классе разностных методов решения\\


уравнений Навье--Стокса","\it В.Н.\,Абрашин, В.М.\,Волков, А.А.\,Егоров, Н.Г.\,Жадаева",Не найдено,01-5-1999.tex
"Об алгебраических свойствах множеств,\\ 


не содержащих прямых","\it Е.Г.\,Белоусов, В.Г.\,Андронов",Не найдено,01-5-2000.tex
"Методы решения линейного интегрального  


уравнения\\ с ядром, имеющим неподвижные особенности","\it Н.С.\,Габбасов",Не найдено,01-5-2001.tex
"Дифференциальная точка поворота


в теории сингулярных возмущений. II","\it В.Н.\,Бобочко",Не найдено,01-5-2002.tex
"Сравнение двух регуляризующих алгоритмов решения 


одной коэффициентной обратной задачи","\it П.Г.\,Данилаев",Не найдено,01-5-2003.tex
"Полярные гиперповерхности \\ 


проективно-метрического пространства","\it Д.А.\,Абруков",Не найдено,01-5-2004.tex
"Геометрия подмногообразий\\ со структурой двойного расслоения\\ в


псевдоевклидовом пространстве Рашевского","\it С.Х.\,Арутюнян",Не найдено,01-5-2005.tex
"Геометрия подмногообразий\\ со структурой двойного расслоения\\ в


псевдоевклидовом пространстве Рашевского","\it С.Х.\,Арутюнян",Не найдено,01-5.TEX
УСТОЙЧИВОСТЬ УРАВНЕНИЙ С ЗАПАЗДЫВАЮЩИМ АРГУМЕНТОМ,"\it Н.В.\,АЗБЕЛЕВ, П.М.\,СИМОНОВ",Не найдено,01-6-1997.tex
"О внутренних геометриях многообразия плоских\\


образующих 6-мерной квадрики","\it К.В.\,Андреев",Не найдено,01-6-1998.tex
"Многолистные функции\\ 


из расширенных классов Беккера и Нехари\\ 


и их гидромеханическое истолкование","\it Л.А.\,Аксентьев",Не найдено,01-6-1999.tex
"Приближение функций нескольких переменных\\ 


с весом Чебышева--Эрмита","\it Д.В.\,Алексеев",Не найдено,01-6-2000.tex
"Об устойчивости решения задачи Коши для периодического


функционально-дифференциального уравнения с распределенным


запаздыванием","\it В.Г.\,Абдрахманов, Е.Ф.\,Сапрыкин, Ю.Н.\,Смолин",Не найдено,01-6-2001.tex
"О единственности положительного решения одной нелинейной


двухточечной краевой задачи","\it Э.И.\,Абдурагимов",Не найдено,01-6-2002.tex
Минимальные $k$-расширения предполных графов,"\it М.Б.\,Абросимов",Не найдено,01-6-2003.tex
"О существовании положительного решения\\ краевой задачи для одного  


нелинейного функционально-дифференциального уравнения\\ второго  


порядка","\it Г.Э.\,Абдурагимов",Не найдено,01-6-2004.tex
"Многолистные функции из расширенных классов Нехари


в секторах, содержащих полуплоскость","\it Л.А.\,Аксентьев, Е.А.\,Ионова, Д.Е.\,Ромадин",Не найдено,01-6-2005.tex
"Многолистные функции из расширенных классов Нехари


в секторах, содержащих полуплоскость","\it Л.А.\,Аксентьев, Е.А.\,Ионова, Д.Е.\,Ромадин",Не найдено,01-6.TEX
"Оценки смешанных норм сумм двойных \\


тригонометрических рядов\\


с кратно монотонными коэффициентами","\it Т.М.\,Вуколова, М.И.\,Дьяченко",Не найдено,01-7-1997.tex
"Асимптотические свойства решений обыкновенных\\ 


дифференциальных уравнений с большим параметром","\it А.А.\,Воронин",Не найдено,01-7-1998.tex
"О некоторых свойствах\\


попеременно-треугольного векторного метода\\


для уравнения теплопроводности","\it С.Б.\,Зайцева, А.А.\,Злотник",Не найдено,01-7-1999.tex
"Изопериметрические экстремали поворота на двумерных 


связных группах Ли с инвариантными римановыми метриками","\it А.В.\,Винник, С.Г.\,Лейко",Не найдено,01-7-2000.tex
О полиномах наилучшего приближения\\ в метрике типа $L_p$,"\it П.В.\,Борисов",Не найдено,01-7-2001.tex
"Аналог теоремы Пикара для уравнения \\


1-го рода в свертках с гладким ядром","\it А.Ф.\,Воронин",Не найдено,01-7-2002.tex
О группах с относительно большими централизаторами,"\it В.А.\,Антонов, Н.Н.\,Аминева",Не найдено,01-7-2003.tex
"Новые изопериметрические неравенства\\


для моментов областей и жесткости кручения","\it Ф.Г.\,Авхадиев",Не найдено,01-7-2004.tex
"Решение одного класса


интегродифференциальных уравнений


методом механических квадратур","\it Ю.Р.\,Агачев, А.И.\,Леонов",Не найдено,01-7-2005.tex
"Решение одного класса


интегродифференциальных уравнений


методом механических квадратур","\it Ю.Р.\,Агачев, А.И.\,Леонов",Не найдено,01-7.TEX
"О теоремах единственности для внешней обратной\\


краевой задачи в подклассах однолистных функций","\it Л.А.\,Аксентьев, А.В.\,Казанцев, Н.И.\,Попов",Не найдено,01-8-1998.tex
"Итерированные задачи Коши и Дирихле\\ 


с оператором Бесселя в банаховом пространстве","\it А.В.\,Глушак",Не найдено,01-8-1999.tex
"О представлении четных чисел суммой двух нечетных простых


чисел из арифметической прогрессии","\it И.А.\,Аллаков",Не найдено,01-8-2000.tex
Приближение функций суммами Фурье--Бесселя,"\it В.А.\,Абилов, Ф.В.\,Абилова",Не найдено,01-8-2001.tex
"О применении проекционного метода к парным\\ интегральным операторам


с однородными ядрами","\it О.Г.\,Авсянкин",Не найдено,01-8-2002.tex
"О построении теории степени вполне непрерывных и  


фредгольмовых сечений банаховых векторных  


расслоений","\it Ю.Г.\,Борисович, А.А.\,Демченко",Не найдено,01-8-2003.tex
"Об оптимизации прямых  


методов решения обыкновенных  


интегродифференциальных уравнений","\it Ю.Р.\,Агачев",Не найдено,01-8-2004.tex
Дополнение к признаку Жамэ,"\it А.В.\,Антонова",Не найдено,01-8-2005.tex
Дополнение к признаку Жамэ,"\it А.В.\,Антонова",Не найдено,01-8.TEX
"Бесконечно малые изгибания торообразной\\


поверхности вращения с многоугольным меридианом","\it Л.С.\,Велимирович",Не найдено,01-9-1997.tex
"Нестабильные и кратные элементы спектра\\ 


в системе сингулярно возмущенных\\ 


дифференциальных уравнений","\it В.Н.\,Бобочко",Не найдено,01-9-1998.tex
Псевдолиувиллевы поверхности,"\it О.С.\,Германов",Не найдено,01-9-1999.tex
Меры некомпактности в исследовании неравенств,"\it Н.А.\,Ерзакова",Не найдено,01-9-2000.tex
"Условные оценки устойчивости в несимметричной проблеме


собственных значений","\it А.Л.\,Агеев",Не найдено,01-9-2001.tex
Методы фрактальной интерполяции типа Барнсли,"\it С.Н.\,Васильев",Не найдено,01-9-2002.tex
"Замкнутость слабо регулярных модулей\\  


относительно прямых сумм","\it А.Н.\,Абызов",Не найдено,01-9-2003.tex
"Полнота фундаментального объекта  


поверхности,\\ не принадлежащей абсолюту\\


проективно-метрического пространства","\it Д.А.\,Абруков",Не найдено,01-9-2004.tex
"Многомерные слабосингулярные интегральные уравнения 


первого рода с частными операторами","\it И.Ф.\,Асадуллина",Не найдено,01-9-2005.tex
"Многомерные слабосингулярные интегральные уравнения 


первого рода с частными операторами","\it И.Ф.\,Асадуллина",Не найдено,01-9.TEX
"Об одной задаче классификации множества управлений для 


параболического уравнения","\it Е.В.\,Васильева",Не найдено,02-01-2000.tex
Численное тестирование метода декомпозиции\\ для $p$-версии МКЭ,"\it И.Е.\,Ануфриев, В.Г.\,Корнеев",Не найдено,02-01-2005.tex
Численное тестирование метода декомпозиции\\ для $p$-версии МКЭ,"\it И.Е.\,Ануфриев, В.Г.\,Корнеев",Не найдено,02-01.TEX
"Об аппроксимации полугрупп изометрий\\


в гильбертовом пространстве","\it Г.Г.\,Амосов",Не найдено,02-02-2000.tex
"Об аппроксимации полугрупп изометрий\\


в гильбертовом пространстве","\it Г.Г.\,Амосов",Не найдено,02-02.TEX
"Об абсолютной сходимости рядов Фурье\\


по обобщенной системе Хаара","\it Г.А.\,Акишев, С.Т.\,Махашев ",Не найдено,02-03-2000.tex
"Об абсолютной сходимости рядов Фурье\\


по обобщенной системе Хаара","\it Г.А.\,Акишев, С.Т.\,Махашев ",Не найдено,02-03.TEX
Об устойчивости неконсервативных систем,"\it Л.А.\,Бурлакова",Не найдено,02-1-1998.tex
"Аналитическое решение системы дифференциальных уравнений, 


описывающих осесимметричную деформацию ортотропного пологого 


сферического сегмента",\it Н.Г.Гурьянов,Не найдено,02-1-1999.tex
О спинорном формализме при $n=6$,"\it К.В.\,Андреев",Не найдено,02-1-2001.tex
"Две теоремы о косимплектических гиперповерхностях


6-мерных эрмитовых подмногообразий алгебры Кэли","\it М.Б.\,Банару",Не найдено,02-1-2002.tex
"О выборе почти оптимальных параметров \\


в алгоритмах типа Эрроу--Гурвица","\it Г.П.\,Астраханцев",Не найдено,02-1-2003.tex
"Оптимизация гиперболических систем с интегральными


ограничениями на граничные управления","\it А.В.\,Аргучинцев",Не найдено,02-1-2004.tex
"Оптимизация гиперболических систем с интегральными


ограничениями на граничные управления","\it А.В.\,Аргучинцев",Не найдено,02-1.TEX
"Одна задача Коши с начальными данными\\


на разных поверхностях для системы с особенностью","\it С.П.\,Баутин, А.Л.\,Казаков",Не найдено,02-10-1997.tex
"Задача фильтрации через пористую преграду


на проницаемом основании


со слоем соленой воды","\it А.В.\,Лапин, Е.Г.\,Шешуков ",Не найдено,02-10-1999.tex
"К вопросу об устойчивости\\


по неавтономному первому приближению","\it А.Ю.\,Александров",Не найдено,02-10-2000.tex
"Бэровский класс показателей Ляпунова механических  


систем, содержащих параметры","\it И.А.\,Галиуллин",Не найдено,02-10-2001.tex
Операторы суперпозиции в пространствах Соболева,"\it C.K.\,Bодопьянов, А.Д.\,Ухлов",Не найдено,02-10-2002.tex
"Метод интегрирования уравнений изгиба  


многослойной конструкции","\it Ю.И.\,Бутенко",Не найдено,02-10-2003.tex
"Изометрические погружения областей пространства


Лобачевского в сферы и евклидовы пространства


и геометрическая интерпретация спектрального параметра","\it Ю.A.\,Аминов, Я.\,Чешлинский",Не найдено,02-10-2004.tex
"Проблема обращения особого 


интеграла\\ на круговом секторе","\it Ф.Н.\,Гарифьянов, Б.\,Туре",Не найдено,02-10-2005.tex
"Проблема обращения особого 


интеграла\\ на круговом секторе","\it Ф.Н.\,Гарифьянов, Б.\,Туре",Не найдено,02-10.TEX
"О конечных группах, у которых главные факторы\\


являются простыми группами","\it А.Ф.\,Васильев, Т.И.\,Васильева",Не найдено,02-11-1997.tex
"Исследование сходимости итерационных методов\\


решения нелинейных задач теории фильтрации","\it И.Б.\,Бадриев, А.Д.\,Ляшко, О.В.\,Панкратова ",Не найдено,02-11-1998.tex
"Группа симметрии и законы сохранения в задаче оптимального 


управления ламинарным пограничным слоем неравновесно 


диссоциирующего газа","\it Н.Г.\,Бильченко, К.Г.\,Гараев, В.А.\,Овчинников ",Не найдено,02-11-1999.tex
"Теорема о единственности решения одной задачи теории


совместного движения\\ русловых и подземных вод","\it Л.Л.\,Глазырина, М.Ф.\,Павлова",Не найдено,02-11-2000.tex
"Метод Римана задачи Гурса для одного класса \\ 


дифференциальных уравнений третьего порядка","\fbox{\it В.Н.\,Захаров",Не найдено,02-11-2001.tex
Спиноры на римановых многообразиях,"\it Р.Ф.\,Билялов",Не найдено,02-11-2002.tex
"О кривизне $CR$-подмногообразий комплексного проективного


пространства, имеющих максимальную $CR$-размерность","\it Мирьяна Джорич\,${",Не найдено,02-11-2003.tex
Геодезические деформации гиперповерхностей римановых пространств,"\it М.Л.\,Гаврильченко, В.А.\,Киосак, Й.\,Микеш",Не найдено,02-11-2004.tex
Полисингулярные интегральные уравнения\\ с положительными операторами,"\it Б.Г.\,Габдулхаев",Не найдено,02-11-2005.tex
Полисингулярные интегральные уравнения\\ с положительными операторами,"\it Б.Г.\,Габдулхаев",Не найдено,02-11.TEX
"Модифицированный метод симплексных погружений\\


с одновременным введением нескольких секущих плоскостей","\it Е.В.\,Апекина, О.В.\,Хамисов",Не найдено,02-12-1997.tex
"Некоторые виды устойчивости комбинаторной\\ 


задачи лексикографической оптимизации","\it Р.А.\,Бердышева, В.А.\,Емеличев",Не найдено,02-12-1998.tex
"Аксиальные трехиндексные задачи о назначении\\ и коммивояжера:


быстрые приближенные алгоритмы\\ и их вероятностный анализ ","\it Э.Х.\,Гимади, А.И.\,Сердюков",Не найдено,02-12-1999.tex
"К поиску равновесных управлений\\ в дифференциальной игре 


$\size{14","\it О.О.\,Васильева, О.В.\,Васильев",Не найдено,02-12-2000.tex
К проблеме синтеза оптимальных систем,"\it Р.\,Габасов, Ф.М.\,Кириллова",Не найдено,02-12-2001.tex
"Линейные функции Ляпунова--Кротова и достаточные условия


оптимальности в форме принципа максимума","\it Н.В.\,Антипина, В.А.\,Дыхта",Не найдено,02-12-2002.tex
"Оптимизация прямых методов решения


одного класса интегродифференциальных уравнений","\it Б.Г.\,Габдулхаев, Л.Б.\,Ермолаева",Не найдено,02-12-2003.tex
"Об одном типе устойчивости векторной\\ комбинаторной


задачи с частными критериями\\ вида $\Sigma$-MINMAX и


$\Sigma$-MINMIN","\it В.A.\,Емеличев, К.Г.\,Кузьмин, А.М.\,Леонович",Не найдено,02-12-2004.tex
"Об одном типе устойчивости векторной\\ комбинаторной


задачи с частными критериями\\ вида $\Sigma$-MINMAX и


$\Sigma$-MINMIN","\it В.A.\,Емеличев, К.Г.\,Кузьмин, А.М.\,Леонович",Не найдено,02-12.TEX
Итерационные методы решения уравнений в свертках,"\it И.В.\,Бойков",Не найдено,02-2-1998.tex
"О разрешимости двухточечной краевой задачи\\


для сингулярного нелинейного \\


функционально-дифференциального уравнения","\it М.Ж.\,Алвеш",Не найдено,02-2-1999.tex
Полиадические аналоги теорем Кэли и Биркгофа,"\it А.М.\,Гальмак",Не найдено,02-2-2001.tex
"Стабилизация наблюдаемой линейной системы управления


с постоянными интервальными коэффициентами","\it Л.Т.\,Ащепков, Д.В.\,Давыдов",Не найдено,02-2-2002.tex
"Явное решение сингулярного интегрального


уравнения с дзета-функцией Вейерштрасса в качестве ядра","\it Т.И.\,Гатальская, Э.И.\,Зверович",Не найдено,02-2-2003.tex
"Модель белого шума\\


со значениями в гильбертовом пространстве","\it М.А.\,Альшанский",Не найдено,02-2-2004.tex
"Об одном свойстве решения задачи\\ 


почти периодической оптимизации","\it А.Г.\,Иванов",Не найдено,02-2-2005.tex
"Об одном свойстве решения задачи\\ 


почти периодической оптимизации","\it А.Г.\,Иванов",Не найдено,02-2.TEX
"Один случай решения задачи Гесса\\


в тригонометрических функциях","\it И.С.\,Емельянова",Не найдено,02-3-1998.tex
"Задача о колебании конечной струны\\ 


с нелинейным возмущением","\it А.И.\,Вагабов",Не найдено,02-3-1999.tex
"Препятствие к интегрируемости инфинитезимальной


деформации $k$-дуальной структуры","\it А.В.\,Бояршинова",Не найдено,02-3-2001.tex
"О граничных значениях интеграла типа Коши\\ на негладкой


кривой","\it Б.А.\,Кац, А.Ю.\,Погодина",Не найдено,02-3-2002.tex
"Задача $\Delta_2$ для уравнения Эйлера--Пуассона--Дарбу  \\


в классе неограниченных функций","\it Г.Н.\,3aйнуллина",Не найдено,02-3-2003.tex
Приближение функций на сетке,"\it А.Л.\,Григорян",Не найдено,02-3-2004.tex
"О порядках приближения функциональных классов


полиномами по обобщенной системе Хаара","\it Г.А.\,Акишев",Не найдено,02-3-2005.tex
"О порядках приближения функциональных классов


полиномами по обобщенной системе Хаара","\it Г.А.\,Акишев",Не найдено,02-3.TEX
"О РАЗРЕШИМОСТИ ОДНОГО НЕЛИНЕЙНОГО ЭВОЛЮЦИОННОГО\\


НЕРАВЕНСТВА ТЕОРИИ СОВМЕСТНОГО ДВИЖЕНИЯ\\


ПОВЕРХНОСТНЫХ И ПОДЗЕМНЫХ ВОД ","\it Л.Л. ГЛАЗЫРИНА, М.Ф. ПАВЛОВА",Не найдено,02-4-1997.tex
"Обобщенная теорема Лоренца о рядах Фурье\\


с монотонными коэффициентами и ее обращение","\it В.Э.\,Гейт",Не найдено,02-4-1998.tex
Теорема Клиффорда для квазирациональных функций,"\it И.А.\,Бикчантаев",Не найдено,02-4-1999.tex
"Об оценках решений дифференциально-разностных уравнений  


нейтрального типа","\it В.В.\,Власов",Не найдено,02-4-2000.tex
"Биортогональные ряды, порожденные группой диэдра","\it Ф.Н.\,Гарифьянов ",Не найдено,02-4-2001.tex
"Корректная разрешимость дифференциальных уравнений с последействием\\


в шкале пространств Соболева","\it В.В.\,Власов, В.Ж.\,Сакбаев",Не найдено,02-4-2003.tex
"Задача Трикоми в классе функций,\\ 


неограниченных на характеристике","\it Г.Н.\,Аглямзянова, Р.С.\,Хайруллин",Не найдено,02-4-2004.tex
"Нестабильная дифференциальная точка


поворота\\ в теории сингулярных возмущений","\it В.Н.\,Бобочко",Не найдено,02-4-2005.tex
"Нестабильная дифференциальная точка


поворота\\ в теории сингулярных возмущений","\it В.Н.\,Бобочко",Не найдено,02-4.TEX
"ИНТЕРПОЛЯЦИОННЫE ПОЛИНОМЫ ЛАГРАНЖА\\


В ПРОСТРАНСТВАХ СОБОЛЕВА","\it Б.Г.\,Габдулхаев, Л.Б.\,Ермолаева",Не найдено,02-5-1997.tex
"Обобщенная аппроксимационная теорема и точное\\


представление многочленов от нескольких переменных\\


суперпозициями многочленов от одного переменного","\it А.Н.\,Горбань",Не найдено,02-5-1998.tex
"Полудискретный метод решения уравнений


одномерного движения вязкого теплопроводного газа\\


с негладкими данными. Регулярность решений","\it А.А.\,Амосов, А.А.\,Злотник",Не найдено,02-5-1999.tex
"Условия неколеблемости решений систем дифференциальных уравнений 


второго порядка","\it М.К.\,Бугир",Не найдено,02-5-2000.tex
"Усредняющее преобразование множеств


и функций\\ на римановых поверхностях","\it В.Н.\,Дубинин, В.Ю.\,Ким ",Не найдено,02-5-2001.tex
"Два замечания о тождествах решеток


$\omega$-локальных\\ и $\omega$-композиционных формаций


конечных групп","\it Го Вэнь Бинь, А.Н.\,Скиба",Не найдено,02-5-2002.tex
"Задача типа Дарбу в двугранном угле для одного


класса уравнений третьего порядка","\it О.М.\,Джохадзе",Не найдено,02-5-2003.tex
"Оценки норм собственных функций задачи Штурма--Лиувилля  


в различных пространствах","\it Я.Г.\,Бучаев",Не найдено,02-5-2004.tex
"Функторы Вейля и функторы, сохраняющие произведение на категории


многообразий,\\ зависящих от параметров","\it Г.Н.\,Бушуева",Не найдено,02-5-2005.tex
"Функторы Вейля и функторы, сохраняющие произведение на категории


многообразий,\\ зависящих от параметров","\it Г.Н.\,Бушуева",Не найдено,02-5.TEX
"Допустимость периодических процессов\\


и теоремы существования периодических решений. II","\it В.В.\,ПЕТРОВА, Е.Л.\,ТОНКОВ",Не найдено,02-6-1997.tex
"Спиноры в произвольных реперах.\\


Ковариантная производная \\


и производная Ли спиноров","\it Р.Ф.\,Билялов, Б.С.\,Никитин",Не найдено,02-6-1998.tex
"Конформные отображения полуплоскости\\ 


на области с симметрией переноса","\it И.А.\,Александров",Не найдено,02-6-1999.tex
"Метод расщепления в 


теории регулярных и сингулярных возмущений","\it Ю.А.\,Коняев",Не найдено,02-6-2000.tex
"О необходимых условиях


отрицательности\\ функции Грина двухточечной задачи","\it Е.И.\,Бравый",Не найдено,02-6-2001.tex
"О базисности семейства экспоненциальных  


решений дифференциально-разностных уравнений","\it В.В.\,Власов",Не найдено,02-6-2002.tex
Вариации геометрических условий квазиконформности,"\it В.В.\,Асеев ",Не найдено,02-6-2003.tex
Блочные алгебро-дифференциальные системы\\ и их индексы,"\it Ю.Е.\,Бояринцев, И.В.\,Орлова",Не найдено,02-6-2004.tex
"Дифференциальные системы 4-го порядка \\


с 4-мерной разрешимой группой симметрий,\\


не содержащей абелевой подгруппы $G_3$","\it А.В.\,Аминова, Н.А.-М.\,Аминов",Не найдено,02-6-2005.tex
"Дифференциальные системы 4-го порядка \\


с 4-мерной разрешимой группой симметрий,\\


не содержащей абелевой подгруппы $G_3$","\it А.В.\,Аминова, Н.А.-М.\,Аминов",Не найдено,02-6.TEX
"Об асимптотической близости решений\\ 


задачи Коши для дифференциальных уравнений\\ 


первого порядка в банаховом пространстве","\it А.В.\,Глушак",Не найдено,02-7-1997.tex
"Инфинитезимальные конформные преобразования\\


в касательных расслоениях\\ финслеровых многообразий","\it А.Ю.\,Даньшин",Не найдено,02-7-1998.tex
"Локальные и нелокальные циклы в уравнении второго порядка с


запаздывающей обратной связью","\it Д.С.\,Кащенко",Не найдено,02-7-1999.tex
"Коррекция полиномов Хаара, применяемых\\


для сжатия графической информации","\it С.К.\,Горлов, И.Я.\,Новиков, В.А.\,Родин",Не найдено,02-7-2000.tex
"Численное интегрирование обыкновенных дифференциальных  


уравнений с использованием параметрической  


регуляризации","\it Ю.Г.\,Булычев",Не найдено,02-7-2001.tex
"К вопросу о восстановлении потенциала  \\


в обратной задаче Робина","\it В.В.\,Дубровский, Л.В.\,Смирнова",Не найдено,02-7-2002.tex
"К методу интегрирующих матриц для систем


обыкновенных дифференциальных уравнений","\it Р.З.\,Даутов, М.М.\,Карчевский, В.Н.\,Паймушин",Не найдено,02-7-2003.tex
Проекционные методы решения\\ сингулярных интегральных уравнений,"\it Б.Г.\,Габдулхаев",Не найдено,02-7-2004.tex
Почти периодическая задача Больца,"\it М.А.\,Воронецкая, А.Г.\,Иванов",Не найдено,02-7-2005.tex
Почти периодическая задача Больца,"\it М.А.\,Воронецкая, А.Г.\,Иванов",Не найдено,02-7.TEX
"О пространстве существенных \\


инфинитезимальных деформаций","\it А.В.\,Бояршинова",Не найдено,02-8-1997.tex
"Множество значений начальных коэффициентов\\


ограниченных однолистных функций","\it В.Г.\,Гордиенко",Не найдено,02-8-1998.tex
"Двоякопериодический мероморфный аналог\\ 


ядра Коши и некоторые его применения","\it Н.А.\,Дегтяренко",Не найдено,02-8-1999.tex
"Краевая задача для частного вида уравнения Эйлера--Дарбу с 


интегральными условиями и специальными условиями сопряжения на 


характеристике","\it В.Ф.\,Волкодавов, Е.Р.\,Мансурова",Не найдено,02-8-2000.tex
"Оптимизация прямыx и проекционныx 


методов решения слабосингулярныx


интегральныx уравнений","\it Ю.Р.\,Агачев",Не найдено,02-8-2001.tex
"Задача сопряжения для неоднородного уравнения 


Коши--Римана на римановой поверхности","\it Н.А.\,Бариева, И.А.\,Бикчантаев",Не найдено,02-8-2002.tex
О плюс-операторах из алгебр Неймана,"\it E.B.\,Владова, M.C.\,Матвейчук",Не найдено,02-8-2003.tex
"Методы решения бисингулярных интегральных уравнений


с внутренними коэффициентами","\it Б.Г.\,Габдулхаев",Не найдено,02-8-2004.tex
Итерационные методы регуляризации\\ задачи связанного псевдообращения,"\it Е.В.\,Архаров",Не найдено,02-8-2005.tex
Итерационные методы регуляризации\\ задачи связанного псевдообращения,"\it Е.В.\,Архаров",Не найдено,02-8.TEX
"Инфинитезимальные проективные преобразования\\ 


в касательном расслоении общего пространства путей","\it А.Ю.\,Даньшин",Не найдено,02-9-1997.tex
"Оптимальные алгоритмы восстановления функций \\


и вычисления интегралов на одном классе \\


бесконечно дифференцируемых функций","\it И.В.\,Бойков",Не найдено,02-9-1998.tex
"О замкнутых и неограниченных многогранниках \\ 


с равноугольными гранями","\it А.М.\,Гурин",Не найдено,02-9-1999.tex
"Асимптотические теоремы для модификаций многочленов, 


подобных многочленам Бернштейна","\it Т.В.\,Ершова",Не найдено,02-9-2000.tex
"Спектральная теорема\\ в пространстве


с билинейной формой","\it Е.В.\,Владова, M.C.\,Матвейчук",Не найдено,02-9-2001.tex
Асимптотика логарифма максимального члена измененного ряда Дирихле,"\it А.М.\,Гайсин, И.Д.\,Латыпов",Не найдено,02-9-2002.tex
"Для уравнения смешанного типа единственность решения задачи $T$ 


с сопряжением производной\\ по нормали с дробной производной","\it В.Ф.\,Волкодавов, Ю.А.\,Илюшина",Не найдено,02-9-2003.tex
"О существовании слабых стационарных решений краевой задачи


в модели Джеффриса движения вязкоупругой среды","\it Д.А.\,Воротников",Не найдено,02-9-2004.tex
"Группы простой экспоненты ступени 2\\


с восемью образующими и латинские квадраты","\it А.И.\,Долгарев",Не найдено,02-9-2005.tex
"Группы простой экспоненты ступени 2\\


с восемью образующими и латинские квадраты","\it А.И.\,Долгарев",Не найдено,02-9.TEX
Не найдено,Не найдено,Не найдено,02a-10--1.tex
Не найдено,Не найдено,Не найдено,02a-10.tex
Не найдено,Не найдено,Не найдено,02A-11--1.tex
Не найдено,Не найдено,Не найдено,02A-11.TEX
"О тривиальности натурального расслоения некоторых компактных


однородных пространств","\it В.В.\,Горбацевич",Не найдено,03-01-2000.tex
"Исследование разрешимости осесимметричной задачи об


определении положения равновесия мягкой оболочки вращения","\it И.Б.\,Бадриев, О.А.\,Задворнов",Не найдено,03-01-2005.tex
"Исследование разрешимости осесимметричной задачи об


определении положения равновесия мягкой оболочки вращения","\it И.Б.\,Бадриев, О.А.\,Задворнов",Не найдено,03-01.TEX
"О коэффициентах разложений по собственным функциям  


краевой задачи со спектральным параметром  


в граничных условиях","\it А.М.\,Ахтямов",Не найдено,03-02-2000.tex
"О коэффициентах разложений по собственным функциям  


краевой задачи со спектральным параметром  


в граничных условиях","\it А.М.\,Ахтямов",Не найдено,03-02.TEX
"Об ограниченности некоторых


максимальных и мультипликаторных операторов","\it Г.В.\,Арутюнянц",Не найдено,03-03-2000.tex
"Об ограниченности некоторых


максимальных и мультипликаторных операторов","\it Г.В.\,Арутюнянц",Не найдено,03-03.TEX
"Об итерационном методе решения первой\\


краевой задачи для квазилинейных\\


параболических уравнений второго порядка","\it Э.М.\,Вихтенко",Не найдено,03-1-1998.tex
"Исследование численного метода решения\\


спектральной задачи теории диэлектрических волноводов","\it Е.М.\,Карчевский",Не найдено,03-1-1999.tex
"Оптимальные проекционные методы


решения одного класса интегродифференциальных уравнений","\it Б.Г.\,Габдулхаев, М.И.\,Закиев, И.П.\,Семенов",Не найдено,03-1-2001.tex
"Аналитическая классификация типичных вырожденных


элементарных особых точек ростков голоморфных векторных полей


на комплексной плоскости","\it С.М.\,Воронин, Ю.И.\,Мещерякова",Не найдено,03-1-2002.tex
"Итерационные методы решения


вариационных неравенств второго рода


с обратно сильно монотонными операторами","\it И.Б.\,Бадриев, О.А.\,Задворнов",Не найдено,03-1-2003.tex
"Проекционные процедуры нелокального 


улучшения линейно управляемых процессов","\it А.С.\,Булдаев",Не найдено,03-1-2004.tex
"Проекционные процедуры нелокального 


улучшения линейно управляемых процессов","\it А.С.\,Булдаев",Не найдено,03-1.TEX
"Об аппроксимационных свойствах\\


высших производных периодических функций","\it В.Э.\,Гейт",Не найдено,03-10-1997.tex
"Оценки условной устойчивости\\ 


двухконтурной краевой задачи в круге","\it М.К.\,Бугир",Не найдено,03-10-1998.tex
О $\varphi$-структуре на группе $\D$,"\it С.В.\,Лещева, О.В.\,Суворова",Не найдено,03-10-1999.tex
"Интеграл Стильтьеса по фрактальному контуру\\


и некоторые его приложения","\it Б.А.\,Кац",Не найдено,03-10-2000.tex
"Геометрический подход к решению некоторых\\ обратных 


задач системного анализа","\it А.В.\,Данеев, В.А.\,Русанов",Не найдено,03-10-2001.tex
"Решение операторных и интегральных уравнений


методом Боголюбова--Крылова","\it Б.Г.\,Габдулхаев",Не найдено,03-10-2002.tex
"Об обращении многомерных сингулярных


интегральных уравнений I рода","\it Р.Т.\,Валеева, Б.Г.\,Габдулхаев",Не найдено,03-10-2003.tex
"Обобщенная эрмитова геометрия на


однородных $\Phi$-пространствах конечного порядка","\it В.В.\,Балащенко, Д.В.\,Вылегжанин",Не найдено,03-10-2004.tex
"Нелинейное уравнение Вольтерра в банаховом


функциональном пространстве","\it Е.С.\,Жуковский",Не найдено,03-10-2005.tex
"Нелинейное уравнение Вольтерра в банаховом


функциональном пространстве","\it Е.С.\,Жуковский",Не найдено,03-10.TEX
"Исследование систем линейных диофантовых\\


неравенств методами теории групп","\it А.А.\,Вьялицин",Не найдено,03-11-1997.tex
"Редукция вырожденных систем интегральных \\ 


уравнений типа Вольтерра к системам 2-го рода","\it М.В.\,Булатов",Не найдено,03-11-1998.tex
О покрытии кругов в классе Бибербаха--Эйленберга,"\it М.Н.\,Гаврилюк",Не найдено,03-11-1999.tex
Границы устойчивости разностных схем,"\it А.В.\,Гулин, А.В.\,Шередина",Не найдено,03-11-2000.tex
О нильпотентности энгелевых алгебр,"\it Н.А.\,Корешков, Д.Ю.\,Харитонов",Не найдено,03-11-2001.tex
"Теорема о шляпе и проблемы классификации  


структур на римановых многообразиях","\it А.А.\,Ермолицкий",Не найдено,03-11-2002.tex
Об аффинных симметриях квазигеодезических потоков,"\it В.А.\,Игошин, Е.К.\,Китаева, Н.В.\,Коткова",Не найдено,03-11-2003.tex
"Транзитивные и  трансверсальные действия псевдогрупп на


подмногообразиях","\it Б.С.\,Кругликов, В.В.\,Лычагин",Не найдено,03-11-2004.tex
"Принцип мaкcимумa энтропии


в cтруктурной идентификaции динaмичеcкиx cиcтем.\\


Aнaлитичеcкий подxод","\it A.B.\,Дaнеев, B.A.\,Pуcaнов, Д.Ю.\,Шaрпинcкий",Не найдено,03-11-2005.tex
"Принцип мaкcимумa энтропии


в cтруктурной идентификaции динaмичеcкиx cиcтем.\\


Aнaлитичеcкий подxод","\it A.B.\,Дaнеев, B.A.\,Pуcaнов, Д.Ю.\,Шaрпинcкий",Не найдено,03-11.TEX
"Задача упаковки в контейнеры:\\


асимптотически точный подход","\it Э.Х.\,Гимади, В.В.\,Залюбовский",Не найдено,03-12-1997.tex
"О квадратичных и полноквадратичных задачах\\


выпуклого программирования","\it И.И.\,Еремин",Не найдено,03-12-1998.tex
"Принцип максимума в негладких задачах оптимального управления


с разрывными траекториями","\it В.А.\,Дыхта, О.Н.\,Самсонюк ",Не найдено,03-12-1999.tex
"Аппроксимационный алгоритм для задачи размещения на максимум


с ограниченными объемами производств и поставок","\it И.П.\,Вознюк",Не найдено,03-12-2000.tex
"Применение теорем об альтернативах


к нахождению нормальных решений


линейных систем","\it А.И.\,Голиков, Ю.Г.\,Евтушенко",Не найдено,03-12-2001.tex
"Решение задачи оптимального управления начально-краевыми


условиями гиперболической системы на основе точных


формул приращения","\it А.В.\,Аргучинцев",Не найдено,03-12-2002.tex
"Об устойчивости некоторых алгоритмов 


целочисленного программирования","\it М.В.\,Девятерикова, А.А.\,Колоколов",Не найдено,03-12-2003.tex
Многозначная смешанная задача дополнительности,"\it И.В.\,Коннов, Т.А.\,Костенко",Не найдено,03-12-2004.tex
Многозначная смешанная задача дополнительности,"\it И.В.\,Коннов, Т.А.\,Костенко",Не найдено,03-12.TEX
О голоморфных инвариантах\\ логарифмических спиралей,"\it Р.Н.\,Гузеев, А.В.\,Лобода",Не найдено,03-2-1998.tex
"Об одном классе дифференциально-разностных\\ 


уравнений нейтрального типа","\it В.В.\,Власов",Не найдено,03-2-1999.tex
"Принцип максимума в негладких задачах оптимального импульсного


управления с многоточечными фазоограничениями","\it В.А.\,Дыхта, О.Н.\,Самсонюк",Не найдено,03-2-2001.tex
"Необходимые условия оптимальности \\


в задачах живучести","\it У.\,Бадам",Не найдено,03-2-2002.tex
"Суммируемость по Риссу разложений по собственным функциям


интегральных операторов","\it А.П.\,Гуревич, А.П.\,Хромов",Не найдено,03-2-2003.tex
"Построение квадратичных функций Ляпунова,


удовлетворяющих заданным ограничениям,


для непрерывных и дискретных динамических систем","\it О.Г.\,Антоновская",Не найдено,03-2-2004.tex
Об одном классе одноранговых возмущений,"\it Г.Г.\,Исламов",Не найдено,03-2-2005.tex
Об одном классе одноранговых возмущений,"\it Г.Г.\,Исламов",Не найдено,03-2.TEX
"К вопросу об идентификации \\ 


функционально-дифференциальных систем 


с последействием","\it С.Ю.\,Култышев, Л.М.\,Култышева",Не найдено,03-3-1998.tex
"Задача типа Дарбу в трехгранном угле для\\


уравнения третьего порядка гиперболического типа","\it О.М.\,Джохадзе",Не найдено,03-3-1999.tex
Теорема об $\size{14,"\it Е.С.\,Волкова",Не найдено,03-3-2001.tex
"Условие истокопредставимости и оценки скорости 


сходимости методов регуляризации линейных уравнений в 


банаховом пространстве. II","\it М.Ю.\,Кокурин",Не найдено,03-3-2002.tex
Об оценке локальной гладкости\\ сингулярных интегралов,"\it Е.Ю.\,Леончик",Не найдено,03-3-2003.tex
Целочисленные базисы классических алгебр Ли,"\it Ю.Б.\,Ермолаев",Не найдено,03-3-2004.tex
"Об аппроксимации дифференциальных уравнений с


обобщенными коэффициентами конечно-разностными уравнениями с


осреднением","\it А.Н.\,Ковальчук, В.Г.\,Новохрост, О.Л.\,Яблонский",Не найдено,03-3-2005.tex
"Об аппроксимации дифференциальных уравнений с


обобщенными коэффициентами конечно-разностными уравнениями с


осреднением","\it А.Н.\,Ковальчук, В.Г.\,Новохрост, О.Л.\,Яблонский",Не найдено,03-3.TEX
"Оценки $N$--поперечников в смысле Колмогорова\\


для некоторых компактов в усиленных пространствах Соболева",\it Е.Г.~Дьяконов,Не найдено,03-4-1997.tex
"Регуляризация задачи фильтрационной\\


консолидации упругой пористой среды","\it М.И.\,Дроботенко, А.В.\,Костерин",Не найдено,03-4-1998.tex
О спектре равномерной сетки из струн,"\it А.В.\,Комаров, О.М.\,Пенкин, Ю.В.\,Покорный",Не найдено,03-4-2000.tex
"Тензорное произведение абелевых групп\\ как нетеров модуль над 


кольцом эндоморфизмов","\it М.В.\,Еремина, П.А.\,Крылов",Не найдено,03-4-2001.tex
"Характеристический принцип локального экстремума для одного 


уравнения гиперболического типа и его применение","\it В.Ф.\,Волкодавов, Ю.А.\,Илюшина",Не найдено,03-4-2002.tex
Об аттракторах обыкновенных дифференциальных уравнений,"\it Е.В.\,Воскресенский",Не найдено,03-4-2003.tex
"Оптимальные квадратурные и кубатурные формулы\\ для сингулярных


интегралов с ядрами Гильберта","\it Л.А.\,Апайчева",Не найдено,03-4-2004.tex
"О разрешимости вырожденных


систем дифференциальных уравнений в частных производных","\it О.B.\,Бормотова, С.В.\,Гайдомак, В.Ф.\,Чистяков",Не найдено,03-4-2005.tex
"О разрешимости вырожденных


систем дифференциальных уравнений в частных производных","\it О.B.\,Бормотова, С.В.\,Гайдомак, В.Ф.\,Чистяков",Не найдено,03-4.TEX
"НЕЯВНАЯ РАЗНОСТНАЯ СХЕМА ДЛЯ РЕШЕНИЯ\\ 


НЕЛИНЕЙНЫХ УРАВНЕНИЙ ГИДРОДИНАМИКИ","\it Ю.М.\,ДАНИЛОВ, Н.В.\,НИКОНОВА",Не найдено,03-5-1997.tex
"О равномерной аппроксимации\\


почти периодических по Степанову функций","\it Л.И.\,Данилов",Не найдено,03-5-1998.tex
"О разрешимости одной нелинейной


спектральной задачи теории высокочастотных


разрядов\\ пониженного давления","\it В.С.\,Желтухин",Не найдено,03-5-1999.tex
"О системах универсальности в $L^p$, $1\le p<2$","\it М.Г.\,Григорян",Не найдено,03-5-2000.tex
"Устойчивость решений по части переменных стохастических 


функционально-дифференциальных уравнений по первому приближению","\it Р.И.\,Кадиев",Не найдено,03-5-2001.tex
"О задачах Коши для двух уравнений\\


в частных производных","\it В.И.\,Жегалов, А.Н.\,Миронов",Не найдено,03-5-2002.tex
Задачи Коши--Гурса для вырождающегося гиперболического уравнения,"\it К.Б.\,Сабитов, Г.Г.\,Шарафутдинова",Не найдено,03-5-2003.tex
"Вейлево-геодезическое поле конусов в трехмерном  


римановом пространстве","\it О.С.\,Германов",Не найдено,03-5-2004.tex
"Интерполирование по экстремальным точкам многочленов 


Чебышева и его применения","\it Б.Г.\,Габдулхаев, Л.Б.\,Ермолаева",Не найдено,03-5-2005.tex
"Интерполирование по экстремальным точкам многочленов 


Чебышева и его применения","\it Б.Г.\,Габдулхаев, Л.Б.\,Ермолаева",Не найдено,03-5.TEX
"Конструктивное исследование\\


дифференциальных уравнений\\


с произвольным отклонением аргумента","\it А.Н.\,Румянцев",Не найдено,03-6-1997.tex
"Многообразие с парой коммутативных\\


полукасательных структур","\it В.В.\,Вишневский",Не найдено,03-6-1998.tex
"Относительный коэффициент сюръективности\\ 


линейных операторов","\it А.Б.\,Бурмистрова",Не найдено,03-6-1999.tex
"Асимптотика функции объема множества\\ меньших


значений полинома в $\Bbb R^n$","\it А.В.\,Путилина",Не найдено,03-6-2000.tex
"O свойствах системы экспоненциальных решений  


дифференциально-разностных уравнений в пространствах  


Соболева","\it В.В.\,Власов",Не найдено,03-6-2001.tex
"О корректности расширения задач


управления\\ почти периодическими движениями","\it А.Г.\,Иванов",Не найдено,03-6-2002.tex
Несколько примеров квадратичного суммирования \\ степенных рядов,"\it Е.С.\,Астапова, Н.С.\,Астапов",Не найдено,03-6-2003.tex
"О разрешимости двухточечной краевой задачи\\ для линейного


сингулярного функционально-дифференциального уравнения","\it Е.И.\,Бравый",Не найдено,03-6-2004.tex
Модифицированный ${\bold P,"\it C.С.\,Волосивец",Не найдено,03-6-2005.tex
Модифицированный ${\bold P,"\it C.С.\,Волосивец",Не найдено,03-6.TEX
Обобщение теоремы Дресслера,"\it Ю.Ю.\,Горюнов",Не найдено,03-7-1997.tex
"Изолированные сверху $d$-р.\,п. степени, II","\it А.А.\,Ефремов",Не найдено,03-7-1998.tex
"Интерполяция и теоремы вложения для квазинормированных  


пространств Бесова","\it В.Л.\,Крепкогорский",Не найдено,03-7-1999.tex
"Пульверизационное моделирование и точечно-траекторные 


морфизмы квазигеодезических потоков","\it В.А.\,Игошин ",Не найдено,03-7-2000.tex
"Методы решения нелинейных


сингулярных интегральных уравнений


с монотонными операторами","\it Б.Г.\,Габдулхаев, И.К.\,Рахимов",Не найдено,03-7-2001.tex
"Общий вид решения линейной нестационарной системы


функционально-разностных уравнений","\it Ю.Ф.\,Долгий, Е.В.\,Кукушкина",Не найдено,03-7-2003.tex
"Квазипериодическая краевая задача Римана\\ в случае  


переменного коэффициента","\it Ф.Н.\,Гарифьянов, И.Г.\,Салехова",Не найдено,03-7-2004.tex
"Асимптотический анализ линейных периодических систем 


одронодных дифференциальных уравнений


при наличии большого или малого параметра","\it Ю.А.\,Коняев, Н.Г.\,Панфилов",Не найдено,03-7-2005.tex
"Асимптотический анализ линейных периодических систем 


одронодных дифференциальных уравнений


при наличии большого или малого параметра","\it Ю.А.\,Коняев, Н.Г.\,Панфилов",Не найдено,03-7.TEX
"Существование решений дифференциальных включений\\ 


с частными производными дробных порядков","\it А.Н.\,Витюк",Не найдено,03-8-1997.tex
"Об одной интерпретации \\ 


тензора кручения связности","\it А.А.\,Григорьянц",Не найдено,03-8-1998.tex
"Оценка разности спектральных функций \\


операторов типа Гегенбауэра по норме $L_q$","\it В.В.\,Дубровский, А.И.\,Седов",Не найдено,03-8-1999.tex
"О свойствах Абеля и Фабри базисных разложений аналитических 


функций","\it М.М.\,Драгилев",Не найдено,03-8-2000.tex
"О поведении конформного радиуса\\ в подклассах


однолистных областей","\it Л.А.\,Аксентьев, В.П.\,Микка",Не найдено,03-8-2001.tex
"Представляющие системы периодических \\ 


мероморфных функций","\it Ф.Н.\,Гарифьянов",Не найдено,03-8-2002.tex
"О решении седловых задач методами с модельными седловыми


операторами на верхнем слое","\it М.В.\,Горелова, Е.В.\,Чижонков",Не найдено,03-8-2003.tex
"О неопределенности интерполяционных задач \\


для неванлинновских функций","\it Ю.М.\,Дюкарев",Не найдено,03-8-2004.tex
"Об использовании неявных алгоритмов метода 


продолжения решения при численном 


интегрировании динамических систем","\it A.H.\,Данилин, Е.Б.\,Кузнецов, В.И.\,Шалашилин",Не найдено,03-8-2005.tex
"Об использовании неявных алгоритмов метода 


продолжения решения при численном 


интегрировании динамических систем","\it A.H.\,Данилин, Е.Б.\,Кузнецов, В.И.\,Шалашилин",Не найдено,03-8.TEX
Проективное изгибание второго порядка семейств $L^m_{2n-1,"\it Т.Б.\,Жогова",Не найдено,03-9-1997.tex
"Построение параметризованных решений линейных\\


операторных уравнений на основе модифицированного\\


метода Галеркина","\it Ю.Г.\,Булычев",Не найдено,03-9-1998.tex
Промежуточные интегралы уравнений Монжа--Ампера,"\it Л.В.\,Зильберглейт",Не найдено,03-9-1999.tex
"Преобразование Лапласа и некоммутативный вариант


теоремы Пэли--Винера","\it А.Р.\,Миротин",Не найдено,03-9-2000.tex
"Краевая задача Римана для полуплоскости\\ с коэффициентом,


экспоненциально убывающим\\ на бесконечности","\it А.Ф.\,Воронин",Не найдено,03-9-2001.tex
"О пропорциональности лиевых слов \\


в классических алгебрах Ли","\it Ю.Б.\,Ермолаев",Не найдено,03-9-2002.tex
"Асимптотики для центральных моментов модификаций операторов, 


подобных многочленам Бернштейна","\it Т.В.\,Ершова",Не найдено,03-9-2003.tex
"Вполне характеристические подгруппы\\


вполне разложимых абелевых групп","\it С.Я.\,Гриншпон",Не найдено,03-9-2004.tex
"Линейные преобразования представляющих\\ и


абсолютно-представляющих систем","\it Ю.Ф.\,Коробейник",Не найдено,03-9-2005.tex
"Линейные преобразования представляющих\\ и


абсолютно-представляющих систем","\it Ю.Ф.\,Коробейник",Не найдено,03-9.TEX
О нелинейном интегральном уравнении первого рода,"\it А.М.\,Денисов, А.\,Лоренци",Не найдено,03A-11-2000.tex
"Задача Геллерстедта для систем уравнений


смешанного типа","\it К.Б.\,Сабитов, Р.Г.\,Идрисов",Не найдено,03A-11-2001.tex
"Задача Геллерстедта для систем уравнений


смешанного типа","\it К.Б.\,Сабитов, Р.Г.\,Идрисов",Не найдено,03A-11.TEX
"Решение в замкнутой форме 


интегрального уравнения типа свертки


в гиперэллиптическом случае","\it Н.А.\,Дегтяренко",Не найдено,04-01-2000.tex
"Математическое моделирование теплопереноса в


движущейся среде с учетом релаксации


потока тепла и объемных источников энергии","\it П.П.\,Волосевич, Е.И.\,Леванов, Е.В.\,Северина",Не найдено,04-01-2005.tex
"Математическое моделирование теплопереноса в


движущейся среде с учетом релаксации


потока тепла и объемных источников энергии","\it П.П.\,Волосевич, Е.И.\,Леванов, Е.В.\,Северина",Не найдено,04-01.TEX
Задача Римана на ультрагиперэллиптической поверхности,"\it И.А.\,Бикчантаев",Не найдено,04-02-2000.tex
Задача Римана на ультрагиперэллиптической поверхности,"\it И.А.\,Бикчантаев",Не найдено,04-02.TEX
"Теорема о единственности решения обратных задач  


спектрального анализа","\it В.В.\,Дубровский, В.В.\,Глекова",Не найдено,04-03-2000.tex
"Теорема о единственности решения обратных задач  


спектрального анализа","\it В.В.\,Дубровский, В.В.\,Глекова",Не найдено,04-03.TEX
Об интегральных уравнениях для функции Римана,"\it В.И.\,Жегалов, М.П.\,Котухов",Не найдено,04-1-1998.tex
Адаптивная аппроксимация функций,"\it Ю.В.\,Кожевников",Не найдено,04-1-1999.tex
"Топологическая характеристика множества


решений фредгольмовых уравнений с $f$-компактно 


сужаемыми возмущениями и ее приложения","\it В.Г.\,Звягин, В.Т.\,Дмитриенко, З.\,Кухарски",Не найдено,04-1-2001.tex
"Об условиях положительной определенности


операторов в гильбертовом пространстве","\it С.А.\,Гусаренко",Не найдено,04-1-2002.tex
"Численное решение задачи


идентификации правой части параболического уравнения","\it П.Н.\,Вабищевич",Не найдено,04-1-2003.tex
"О квазиустойчивости векторной траекторной задачи\\ с


параметрическим принципом оптимальности","\it С.Е.\,Бухтояров, В.А.\,Емеличев",Не найдено,04-1-2004.tex
"О квазиустойчивости векторной траекторной задачи\\ с


параметрическим принципом оптимальности","\it С.Е.\,Бухтояров, В.А.\,Емеличев",Не найдено,04-1.TEX
Не найдено,"\it Л.С.\,Ефремова, Е.Н.\,Махрова",Не найдено,04-10-1997.tex
О голоморфно полных комплексных пространствах,"\fbox{\it В.Д.\,Головин",Не найдено,04-10-1998.tex
"О связи граничных значений задачи Гурса\\ с 


нормальными производными третьего порядка","\it А.Н.\,Миронов",Не найдено,04-10-1999.tex
"О свойствах обобщенных систем


разложения, \\ подобных ортогональным","\it Т.П.\,Лукашенко",Не найдено,04-10-2000.tex
"О пространствах К\""ете\\


с предэквивалентными безусловными базисами","\it М.М.\,Драгилев",Не найдено,04-10-2001.tex
"Уравнение Гахова для внешней смешанной 


обратной краевой задачи по параметру $\boldmath x$","\it Г.Р.\,Галиуллина, С.Р.\,Насыров",Не найдено,04-10-2002.tex
"О биортогональных системах, порождаемых некоторыми  


инволютивными операторами","\it Ф.Н.\,Гарифьянов",Не найдено,04-10-2003.tex
"Связность Эресмана для слоений с особенностями\\


и глобальная стабильность слоев","\it Н.И.\,Жукова",Не найдено,04-10-2004.tex
"Динамическая система сдвигов и существование решения


задачи почти периодической оптимизации","\it А.Г.\,Иванов",Не найдено,04-10-2005.tex
"Динамическая система сдвигов и существование решения


задачи почти периодической оптимизации","\it А.Г.\,Иванов",Не найдено,04-10.TEX
Универсальное картановское продолжение,"\it Ю.Б.\,Ермолаев",Не найдено,04-11-1997.tex
"Смешанный метод конечных элементов\\


в задаче на собственные значения\\


нелинейной устойчивости пологих оболочек","\it В.В.\,Вербицкий",Не найдено,04-11-1998.tex
"Сплайновые приближения решения сингулярного \\


интегродифференциального уравнения","\it Э.Н.\,Самойлова ",Не найдено,04-11-2001.tex
"Фрактальная размерность пересечения стандартных канторовых 


множеств","\it К.Б.\,Игудесман",Не найдено,04-11-2002.tex
О геодезических отображениях пространств Эйнштейна,"\it В.А.\,Киосак, Й.\,Микеш",Не найдено,04-11-2003.tex
"Пучок локальных гамильтонианов\\  на симплектическом


многообразии\\  с особенностями Мартине","\it М.А.\,Малахальцев",Не найдено,04-11-2004.tex
"Задача сопряжения решений нестационарного 


уравнения теплопроводности в трехмерных


областях\\ с негладкими границами","\it И.Т.\,Денисюк",Не найдено,04-11-2005.tex
"Задача сопряжения решений нестационарного 


уравнения теплопроводности в трехмерных


областях\\ с негладкими границами","\it И.Т.\,Денисюк",Не найдено,04-11.TEX
"Задача упаковки в полосу:\\


асимптотически точный подход","\it Э.Х.\,Гимади, В.В.\,Залюбовский, П.И.\,Шарыгин",Не найдено,04-12-1997.tex
"Об одном подходе к построению алгоритмов \\ 


безусловной минимизации псевдовыпуклых функций","\it И.Я.\,Заботин",Не найдено,04-12-1998.tex
"О регуляризации


многокритериальной задачи


целочисленного линейного программирования","\it В.А.\,Емеличев, О.А.\,Янушкевич",Не найдено,04-12-1999.tex
"О разрешимости многоиндексной аксиальной задачи о назначениях


на одноциклических подстановках","\it Э.Х.\,Гимади, Н.М.\,Кайран, А.И.\,Сердюков",Не найдено,04-12-2000.tex
"Численные методы решения задач оптимального


импульсного управления, основанные на вариационном принципе максимума","\it В.А.\,Дыхта, Н.В.\,Деренко",Не найдено,04-12-2001.tex
"К оптимизации квадратичных по состоянию\\ 


динамических систем","\it А.С.\,Булдаев",Не найдено,04-12-2002.tex
"Задачи двухуровневой оптимизации\\


и штрафные функции","\it В.Ф.\,Демьянов, Ф.\,Факкиней",Не найдено,04-12-2003.tex
"О новых свойствах максимально нецелочисленных вершин многогранника 


трехиндексной аксиальной задачи о назначениях","\it В.М.\,Кравцов",Не найдено,04-12-2004.tex
"О новых свойствах максимально нецелочисленных вершин многогранника 


трехиндексной аксиальной задачи о назначениях","\it В.М.\,Кравцов",Не найдено,04-12.TEX
"Изолированные сверху $d$-р.п. степени, I","\it А.А.\,Ефремов",Не найдено,04-2-1998.tex
О вариационных задачах с линейными ограничениями,"\it С.А.\,Гусаренко",Не найдено,04-2-1999.tex
"О параметрическом представлении композиционных множителей


в теореме о факторизации","\it В.В.\,Кожевников",Не найдено,04-2-2001.tex
"Об одном оптимальном сплайн-методе решения операторных


уравнений","\it Б.Г.\,Габдулхаев, И.К.\,Рахимов",Не найдено,04-2-2002.tex
Задача Неванлинны--Пика в классе ${\cal S,"\it Ю.М.\,Дюкарев, А.Е.\,Чоке Риверо",Не найдено,04-2-2003.tex
"Задача сопряжения решений уравнения Ламе \\


в областях с кусочно-гладкими границами","\it И.Т.\,Денисюк",Не найдено,04-2-2004.tex
О методе Римана решения задачи Коши,"\it А.Н.\,Миронов",Не найдено,04-2-2005.tex
О методе Римана решения задачи Коши,"\it А.Н.\,Миронов",Не найдено,04-2.TEX
"Нестандартные сходимости\\


в пространствах частичных отображений","\it В.А.\,Молчанов",Не найдено,04-3-1998.tex
"О полиэдральной разрешимости системы \\


линейных дифференциальных уравнений","\it Г.Г.\,Исламов",Не найдено,04-3-1999.tex
О подвижных пространствах Вейля\\ с разложимым линейным элементом,"\it О.С.\,Германов",Не найдено,04-3-2001.tex
Элементы Казимира $\Bbb Z$-форм модулярных алгебр Ли,"\it Н.А.\,Корешков",Не найдено,04-3-2002.tex
"Многообразия над алгеброй дуальных чисел\\ со  


всюду плотным слоем канонического слоения","\it М.А.\,Микенберг",Не найдено,04-3-2003.tex
$L_p$-оценки векторных полей,"\it А.В.\,Калинин, А.А.\,Калинкина",Не найдено,04-3-2004.tex
"Об устойчивой аппроксимации решений\\


негладких операторных уравнений","\it M.Ю.\,Кокурин",Не найдено,04-3-2005.tex
"Об устойчивой аппроксимации решений\\


негладких операторных уравнений","\it M.Ю.\,Кокурин",Не найдено,04-3.TEX
"ТОЧНЫЕ ОЦЕНКИ ГРАДИЕНТА ПОГРЕШНОСТИ\\


ЛОКАЛЬНО-ОДНОМЕРНЫХ МЕТОДОВ ДЛЯ МНОГОМЕРНОГО\\


УРАВНЕНИЯ ТЕПЛОПРОВОДНОСТИ","\it С.Б. ЗАЙЦЕВА, А.А. ЗЛОТНИК",Не найдено,04-4-1997.tex
"Дельта-функции и исследование экологических \\


моделей Вольтерра в переменной среде","\it В.Г.\,Ильичев",Не найдено,04-4-1998.tex
Об $(1+\varepsilon_n)$-ограниченных $M$-базисах,"\it Р.В.\,Вершинин",Не найдено,04-4-1999.tex
"К вопросу об асимптотическом поведении


решений системы линейных функционально-дифференциальных уравнений с


запаздыванием и периодическими параметрами","\it Ж.\,С.\,П.\,Мунембе",Не найдено,04-4-2000.tex
"Об элементарных теориях полурешеток\\


$\size{14","\it И.Ш.\,Калимуллин",Не найдено,04-4-2001.tex
"О корректности краевой задачи на прямой\\


для трех аналитических функций","\it А.Ф.\,Воронин",Не найдено,04-4-2002.tex
"Условия конечномерности оператора монодромии\\


для периодических систем с последействием","\it Ю.Ф.\,Долгий, В.С.\,Тарасян",Не найдено,04-4-2003.tex
"Об одной форме прямого вариационного метода\\


для однолистных функций","\it В.В.\,Кожевников",Не найдено,04-4-2004.tex
Замечания о граничном поведении функций Блоха,"\it Я.\,Годуля, В.В.\,Старков",Не найдено,04-4-2005.tex
Замечания о граничном поведении функций Блоха,"\it Я.\,Годуля, В.В.\,Старков",Не найдено,04-4.TEX
Не найдено,"\it Н.Г.\,ЖЕВНОВА, А.Н.\,СКИБА",Не найдено,04-5-1997.tex
"Константа Макенхаупта и мера некомпактности\\


оператора вложения пространств Соболева","\it Н.А.\,Ерзакова",Не найдено,04-5-1998.tex
"Реализуемые допустимые\\


квазинерастягивающие операторы","\it И.В.\,Коннов",Не найдено,04-5-1999.tex
"Асимптотическое распределение числа


совпадений двумерной выборки при


натуральном совмещении","\it Л.А.\,Золотухина",Не найдено,04-5-2000.tex
"Двуциклический треугольный кососимметрический  


итерационный метод решения сильно несимметричных систем","\it Л.А.\,Крукиер, Л.Г.\,Чикина",Не найдено,04-5-2001.tex
"Некоторые классы сингулярных  


интегральных уравнений, разрешаемые в  


замкнутой форме","\it С.Н.\,Киясов",Не найдено,04-5-2002.tex
Нижнее пополнение и расширение\\ экстремальных задач,"\it С.Я.\,Серовайский",Не найдено,04-5-2003.tex
"Решение дискретной минимаксной задачи\\


размещения на сети","\it Г.Г.\,Забудский, Д.В.\,Филимонов",Не найдено,04-5-2004.tex
"Погруженные гиперповерхности в пространствах\\


с фундаментальными группами $G_2^n$ и $COG_2$","\it П.Я.\,Грушко, М.А.\,Гаер, Н.М.\,Кузуб",Не найдено,04-5-2005.tex
"Погруженные гиперповерхности в пространствах\\


с фундаментальными группами $G_2^n$ и $COG_2$","\it П.Я.\,Грушко, М.А.\,Гаер, Н.М.\,Кузуб",Не найдено,04-5.TEX
"Оператор дифференцирования\\ 


с нерегулярными граничными условиями","\it Ю.Т.\,Сильченко ",Не найдено,04-6-1997.tex
О слоях лагранжевых слоений,"\it Р.А.\,Волак",Не найдено,04-6-1998.tex
"Определяющие соотношения обобщенных ортогональных групп над 


коммутативными локальными кольцами без единицы","\it Ж.С.\,Сатаров",Не найдено,04-6-2000.tex
"О представлении оператора Грина абстрактного  


функционально-дифференциального уравнения","\it Е.С.\,Жуковский",Не найдено,04-6-2001.tex
"Наследуемые свойства неавтономных динамических систем  


и их приложение в моделях конкуренции","\it В.Г.\,Ильичев",Не найдено,04-6-2002.tex
Обобщенная эрмитова геометрия\\ на многообразии с $f$-структурами,"\it Д.В.\,Вылегжанин",Не найдено,04-6-2003.tex
"Об оценках решений дифференциальных уравнений\\ с


запаздывающим аргументом","\it В.В.\,Власов, Д.А.\,Медведев",Не найдено,04-6-2004.tex
"Параметрическая задача субоптимального\\ управления системой


Гурса--Дарбу\\


с поточечным фазовым ограничением","\it В.С.\,Гаврилов, М.И.\,Сумин",Не найдено,04-6-2005.tex
"Параметрическая задача субоптимального\\ управления системой


Гурса--Дарбу\\


с поточечным фазовым ограничением","\it В.С.\,Гаврилов, М.И.\,Сумин",Не найдено,04-6.TEX
Теоремы вложения и внешние поперечные меры,"\it В.С.\,Климов",Не найдено,04-7-1997.tex
"О спектре одного класса операторов \\ 


Шредингера с конечным числом обобщенных функций","\it Р.И.\,Кадиев $($младший$)$",Не найдено,04-7-1998.tex
"Новый подход к теории линейных задач\\  


для систем дифференциальных уравнений\\  


в частных производных, II","\it В.С.\,Мокейчев, \fbox{А.В.\,Мокейчев",Не найдено,04-7-1999.tex
"О методе усреднения для 


квазилинейных параболических уравнений\\ с  


быстро осциллирующими коэффициентами","\it В.Б.\,Левенштам",Не найдено,04-7-2000.tex
"Арифметические вложения простых центральных алгебр в алгебру 


матриц","\it М.Н.\,Кубенский",Не найдено,04-7-2001.tex
"Алгоритм построения квазирегулярного асимптотического 


представления решения сингулярно возмущенных линейных многоточечных 


краевых задач с быстрыми и медленными переменными","\it Ю.А.\,Коняев",Не найдено,04-7-2002.tex
"Регуляризованные проекционные методы решения линейных


операторных уравнений первого рода в банаховом пространстве","\it М.Ю.\,Кокурин, О.В.\,Карабанова",Не найдено,04-7-2003.tex
"Применение вариационных методов в обратных


краевых задачах для аналитических функций","\it А.М.\,Елизаров, А.В.\,Лапин",Не найдено,04-7-2004.tex
Теорема Энгеля для алгебр лиевского типа,"\it Н.А.\,Корешков",Не найдено,04-7-2005.tex
Теорема Энгеля для алгебр лиевского типа,"\it Н.А.\,Корешков",Не найдено,04-7.TEX
"Сходимость взвешенных сумм случайных элементов\\ 


в банаховых пространствах типа $p$","\it А.И.\,Володин",Не найдено,04-8-1997.tex
"Движения на касательных расслоениях,\\


сохраняющие ортогональную \\ и касательную структуры","\it Р.Х.\,Ибрагимова",Не найдено,04-8-1998.tex
О симметризации анизотропных интегральных функционалов,"\it В.С.\,Климов",Не найдено,04-8-1999.tex
Базисный аналог $H$-функции одной и двух переменных,"\it В.А.\,Какичев, Нгуен Суан Тхао",Не найдено,04-8-2000.tex
"О некоторых свойствах линейных непрерывных  


преобразований гильбертовых пространств","\it Г.Я.\,Арешкин",Не найдено,04-8-2001.tex
О проективных модулях с полулокальным кольцом эндоморфизмов,"\it Х.\,Ломп, М.Ф.\,Насрутдинов, И.И.\,Сахаев",Не найдено,04-8-2002.tex
Об одном алгоритме приближения\\ ступенчатыми функциями,"\it Ю.А.\,Добросоцкая",Не найдено,04-8-2003.tex
Решение периодическиx краевых задач методом подобластей,"\it Л.Б.\,Ермолаева",Не найдено,04-8-2004.tex
Двуметрические пространства,"\it В.А.\,Кыров",Не найдено,04-8-2005.tex
Двуметрические пространства,"\it В.А.\,Кыров",Не найдено,04-8.TEX
"Эллипсоидальное оценивание решений дифференциальных уравнений с 


помощью матричных систем сравнения","\it А.И.\,Маликов",Не найдено,04-8a-2002.tex
"Эллипсоидальное оценивание решений дифференциальных уравнений с 


помощью матричных систем сравнения","\it А.И.\,Маликов",Не найдено,04-8a.tex
О строении алгебры инвариантных аффинорных структур на сфере,"\it Л.В.\,Липагина",Не найдено,04-9-1997.tex
"Формулы обращения некоторых двумерных\\ 


интегральных уравнений Вольтерра первого рода","\it В.Ф.\,Волкодавов, И.Н.\,Родионова",Не найдено,04-9-1998.tex
О геометрии вполне геодезических римановых слоений,"\it А.Я.\,Нарманов",Не найдено,04-9-1999.tex
"Обобщенные кривые и необходимые условия  


разрывного решения пространственной вариационной задачи","\it С.Ф.\,Морозов, А.В.\,Семенов",Не найдено,04-9-2000.tex
"Новые варианты метода коллокации для  


одного\\ класса интегро-дифференциальных уравнений","\it Н.С.\,Габбасов",Не найдено,04-9-2001.tex
"Решение интегральных уравнений\\


методом подобластей","\it Л.Б.\,Ермолаева",Не найдено,04-9-2002.tex
"Степень эквивариантных отображений со значением в классах  


эквивариантных бордизмов и ее приложения","\it И.Ю.\,Золотарев",Не найдено,04-9-2003.tex
"О сильных решениях начально-краевой


задачи для регуляризованной модели


несжимаемой вязкоупругой среды","\it В.Т.\,Дмитриенко, В.Г.\,Звягин",Не найдено,04-9-2004.tex
"Об усреднении слабо-нелинейных параболических операторов в


перфорированном цилиндре","\it О.А.\,Матевосян, И.В.\,Филимонова",Не найдено,04-9-2005.tex
"Об усреднении слабо-нелинейных параболических операторов в


перфорированном цилиндре","\it О.А.\,Матевосян, И.В.\,Филимонова",Не найдено,04-9.TEX
"О вычислении постоянных, входящих в оценки  


линейных форм","\it П.Л.\,Иванков",Не найдено,05-01-2000.tex
Разностные схемы для нелокальных задач,"\it А.В.\,Гулин, Н.И.\,Ионкин, В.А.\,Морозова",Не найдено,05-01-2005.tex
Разностные схемы для нелокальных задач,"\it А.В.\,Гулин, Н.И.\,Ионкин, В.А.\,Морозова",Не найдено,05-01.TEX
"Об одном классе сильных дифференциальных моделей  


над счетным множеством динамических процессов  


конечного характера","\it А.В.\,Данеев, В.А.\,Русанов",Не найдено,05-02-2000.tex
"Об одном классе сильных дифференциальных моделей  


над счетным множеством динамических процессов  


конечного характера","\it А.В.\,Данеев, В.А.\,Русанов",Не найдено,05-02.TEX
Об одной квадратурной формуле,"\it Л.Б.\,Ермолаева",Не найдено,05-03-2000.tex
Об одной квадратурной формуле,"\it Л.Б.\,Ермолаева",Не найдено,05-03.TEX
" Об одном методе конструирования обобщенных\\


интегральных сверток","\it В.А.\,Какичев, Нгуен Суан Тхао",Не найдено,05-1-1998.tex
"Новый подход к теории линейных задач\\ 


для систем дифференциальных уравнений\\ 


в частных производных, I","\it В.С.\,Мокейчев, \fbox{А.В.\,Мокейчев",Не найдено,05-1-1999.tex
"Оценка погрешности тригонометрического


интерполирования функций


$\size{14","\it А.А.\,Кельзон",Не найдено,05-1-2001.tex
"Оценки скорости сходимости


проекционно-разностного метода


для гиперболических уравнений","\it С.Е.\,Железовский",Не найдено,05-1-2002.tex
"Анализ процессов теплопереноса\\ с учетом в среде релаксации теплового


потока\\ и объемных источников энергии","\it П.П.\,Волосевич, Е.И.\,Леванов",Не найдено,05-1-2003.tex
"О методе решения полукоэрцитивных вариационных неравенств,


основанном на методе итеративной проксимальной регуляризации","\it Э.М.\,Вихтенко, Р.В.\,Намм",Не найдено,05-1-2004.tex
"О методе решения полукоэрцитивных вариационных неравенств,


основанном на методе итеративной проксимальной регуляризации","\it Э.М.\,Вихтенко, Р.В.\,Намм",Не найдено,05-1.TEX
"Критерий линейной упорядочиваемости\\


частичного автомата","\it М.М.\,Кац",Не найдено,05-10-1997.tex
"Канонические структуры классического типа\\ 


на регулярных $\Phi$-пространствах\\ 


и инвариантные аффинные связности","\it О.В.\,Дашевич",Не найдено,05-10-1998.tex
"О рекурсивном вычислении интегралов\\ 


эллиптического типа","\it С.Д.\,Симонженков",Не найдено,05-10-1999.tex
"Об Экстремальных задачах в классах целых  


функций, ограниченных на вещественной оси","\it Ф.Г.\,Насибов",Не найдено,05-10-2000.tex
Собственные колебания балки\\ с гармоническим осциллятором,"\it Ю.П.\,Жигалко, С.И.\,Соловьев",Не найдено,05-10-2001.tex
"Об оценках верхней и нижней логарифмических плотностей


в теории мероморфных функций","\it И.И.\,Марченко",Не найдено,05-10-2002.tex
"Об одном семействе аффинно-однородных


вещественных гиперповерхностей


3-мерного комплексного пространства","\it А.В.\,Лобода, А.С.\,Ходарев",Не найдено,05-10-2003.tex
"О метрическом пространстве всех $2$-сетей\\ пространства


неположительной кривизны","\it Е.Н.\,Сосов",Не найдено,05-10-2004.tex
"Структура периодических матриц-функций \\


второго порядка, имеющих определитель,\\ тождественно 


равный единице","\it Ю.Я.\,Исаенко",Не найдено,05-10-2005.tex
"Структура периодических матриц-функций \\


второго порядка, имеющих определитель,\\ тождественно 


равный единице","\it Ю.Я.\,Исаенко",Не найдено,05-10.TEX
Некоторые аспекты представления нечетких операторов отношением двух многочленов,"\it  Т.М.\,Леденева",Не найдено,05-11-1997.tex
"$H$-проективно-эквивалентные\\


римановы связности","\it Д.А.\,Калинин",Не найдено,05-11-1998.tex
"Эффективное предобуславливание методом декомпозиции 


области для $\size{14","\it В.Г.\,Корнеев, С.\,Енсен",Не найдено,05-11-1999.tex
"Кососимметрические итерационные методы решения \\ 


стационарных задач конвекции-диффузии","\it Л.А.\,Крукиер, Л.Г.\,Чикина ",Не найдено,05-11-2000.tex
"Задача термоконвекции


несжимаемой вязкоупругой жидкости Кельвина--Фойгта ненулевого порядка","\it Т.Г.\,Сукачева, О.П.\,Матвеева",Не найдено,05-11-2001.tex
Некоторые алгоритмические вопросы\\ ассоциативных алгебр,"\it Л.Ю.\,Касапенко",Не найдено,05-11-2002.tex
"Инфинитезимальные деформации симплектической


структуры с особенностями","\it М.А.\,Малахальцев",Не найдено,05-11-2003.tex
"К аффинной теории гиперповерхностей:\\


калибровочно-инвариантные структуры","\it У.\,Симон",Не найдено,05-11-2004.tex
Преобразование Кокстера и условие ацикличности,"\it В.А.\,Колмыков",Не найдено,05-11-2005.tex
Преобразование Кокстера и условие ацикличности,"\it В.А.\,Колмыков",Не найдено,05-11.TEX
"Модифицированная функция Лагранжа \\


для задач линейного программирования","\it А.А.\,Голиков, Ю.Г.\,Евтушенко",Не найдено,05-12-1997.tex
"Алгоритмы с комбинированием, параметризацией\\ 


и двусторонним приближением в методе центров","\it Я.И.\,Заботин, И.Н.\,Даньшин",Не найдено,05-12-1998.tex
"Общая теория устойчивости\\


в линейном программировании","\it И.И.\,Еремин",Не найдено,05-12-1999.tex
"Квазиустойчивость векторной нелинейной траекторной задачи


с паретовским принципом оптимальности","\it В.А.\,Емеличев, Ю.В.\,Степанишина",Не найдено,05-12-2000.tex
"Алгоритмы в методе центров с аппроксимацией


множества допустимых решений","\it Я.И.\,Заботин, А.А.\,Андрианова",Не найдено,05-12-2001.tex
"Об одной 


процедуре улучшения управления\\ в параметрическом синтезе","\fbox{\it О.В.\,Васильев",Не найдено,05-12-2002.tex
"Релаксационные алгоритмы условной минимизации


негладких строго псевдовыпуклых функций","\it И.Я.\,Заботин",Не найдено,05-12-2003.tex
"Об одной задаче преследования для дискретных


игр\\ со многими участниками","\it Н.Ю.\,Сатимов, Г.И.\,Ибрагимов",Не найдено,05-12-2004.tex
"Об одной задаче преследования для дискретных


игр\\ со многими участниками","\it Н.Ю.\,Сатимов, Г.И.\,Ибрагимов",Не найдено,05-12.TEX
"Управляемые линейные стохастические системы\\


с коэффициентами, зависящими от случайной последовательности","\it Ю.В.\,Зайцева",Не найдено,05-2-1998.tex
"Достижимость, согласованность и метод поворотов \\


В.М.\,Миллионщикова","\it В.А.\,Зайцев, Е.Л.\,Тонков",Не найдено,05-2-1999.tex
"О необходимых условиях\\ квалифицированной сходимости  


методов решения\\ линейных некорректных задач","\it М.Ю.\,Кокурин, Н.А.\,Юсупова",Не найдено,05-2-2001.tex
"О допустимых помехах


линейных управляемых систем","\it Г.Г.\,Исламов",Не найдено,05-2-2002.tex
"Применения преобразования Радона\\ в теории


плюрисубгармонических функций","\it А.Б.\,Секерин",Не найдено,05-2-2003.tex
Асимптотическое поведение решений одного класса интегральных уравнений,"\it Т.О.\,Колбинева, З.Б.\,Цалюк",Не найдено,05-2-2004.tex
О восстановлении коэффициентов\\ двумерных рядов Хаара,"\it М.Г.\,Плотников",Не найдено,05-2-2005.tex
О восстановлении коэффициентов\\ двумерных рядов Хаара,"\it М.Г.\,Плотников",Не найдено,05-2.TEX
Индуцированные симплектические модули,"\it К.\,Розенбаум",Не найдено,05-3-1998.tex
"О нормальных уравнениях аффинно-однородных выпуклых поверхностей


пространства $\Bbb R^3$","\it Р.Н.\,Гузеев, А.В.\,Лобода",Не найдено,05-3-2001.tex
"Поверхности постоянной кривизны\\


в квазипсевдоримановом пространстве\\


постоянной кривизны и уравнение Клейна--Гордона","\it Н.Е.\,Марюкова",Не найдено,05-3-2002.tex
"Равновесие по Нэшу в смешанном расширении игры\\ 


с упорядоченными исходами","\it Ю.Н.\,Панкратова",Не найдено,05-3-2003.tex
O нильпотентности энгелевых алгебр лиевского типа,"\it Н.А.\,Корешков",Не найдено,05-3-2004.tex
"Свойства положительности \\ 


форм Картана--Титса и Каца--Муди","\it В.А.\,Колмыков",Не найдено,05-3-2005.tex
"Свойства положительности \\ 


форм Картана--Титса и Каца--Муди","\it В.А.\,Колмыков",Не найдено,05-3.TEX
"О МАТЕМАТИЧЕСКИХ ЗАДАЧАХ ТЕОРИИ МНОГОСЛОЙНЫХ \\


ОБОЛОЧЕК С ТРАНСВЕРСАЛЬНО-МЯГКИМИ ЗАПОЛНИТЕЛЯМИ","\it М.М.Карчевский, А.Д.Ляшко, В.Н.Паймушин ",Не найдено,05-4-1997.tex
Об одной теореме Лагранжа-Имшенецкого,"\it П.С.\,Красильников",Не найдено,05-4-1998.tex
"Экстремальные свойства решений одного 


уравнения гиперболического типа третьего 


порядка в трехмерном пространстве  


и их применение","\it В.Ф.\,Волкодавов, В.Н.\,Захаров",Не найдено,05-4-1999.tex
"Об эллиптической краевой задаче с оператором суперпозиции  


в граничном условии. I","\it А.К.\,Ратыни",Не найдено,05-4-2000.tex
"О многомерной граничной теореме Мореры \\ 


для матричного шара","\it С.\,Косбергенов",Не найдено,05-4-2001.tex
Об одной ортонормированной системе,\it М.Г.Григорян,Не найдено,05-4-2002.tex
"К вопросу об оптимальном управлении \\


почти периодическими движениями","\it А.Г.\,Иванов",Не найдено,05-4-2003.tex
"О стационарных точках конформного 


радиуса спиралеобразных областей","\it В.П.\,Микка",Не найдено,05-4-2004.tex
"Решение обыкновенных интегродифференциальных


уравнений методом осциллирующих функций","\it Л.Б.\,Ермолаева",Не найдено,05-4-2005.tex
"Решение обыкновенных интегродифференциальных


уравнений методом осциллирующих функций","\it Л.Б.\,Ермолаева",Не найдено,05-4.TEX
"ТЕОРЕМА ВАЛЛЕ-ПУССЕНА ДЛЯ ОДНОГО КЛАССА\\ 


ФУНКЦИОНАЛЬНО-ДИФФЕРЕНЦИАЛЬНЫХ УРАВНЕНИЙ","\it Н.Н.\,ЛИХАЧЕВА",Не найдено,05-5-1997.tex
"Характеризация функций из анизотропных\\


пространств комплексного порядка","\it А.Н.\,Карапетянц, В.А.\,Ногин",Не найдено,05-5-1998.tex
"Эффективное предобуславливание методом декомпозиции


области для ${\size{14","\it В.Г.\,Корнеев, С.\,Енсен",Не найдено,05-5-1999.tex
"Пульверизационное моделирование\\ 


и точечные симметрии пульверизации","\it В.А.\,Игошин",Не найдено,05-5-2000.tex
"Резонансные краевые задачи для уравнений\\


эллиптического типа с разрывными нелинейностями","\it В.Н.\,Павленко, В.В.\,Винокур",Не найдено,05-5-2001.tex
"Асимптотическое интегрирование квазилинейных параболических  


уравнений с быстро осциллирующими по времени коэффициентами","\it В.Б.\,Левенштам",Не найдено,05-5-2002.tex
"О тригонометрических рядах


с $(K,S)$-монотонными коэффициентами


в пространствах с весом","\it Б.В.\,Симонов",Не найдено,05-5-2003.tex
"Структура алгебры ограниченных бесконечно дифференцируемых функций с


компактным носителем на группоиде многообразия со слоением,


порожденным действием коммутативной группы","\it П.Н.\,Иваньшин",Не найдено,05-5-2004.tex
"Изопериметрические задачи для функционалов  поворота  


первого и второго порядков в (псевдо)римановых  


многообразиях","\it С.Г.\,Лейко",Не найдено,05-5-2005.tex
"Изопериметрические задачи для функционалов  поворота  


первого и второго порядков в (псевдо)римановых  


многообразиях","\it С.Г.\,Лейко",Не найдено,05-5.TEX
"Об экспоненциальной устойчивости линейных\\


дифференциально-разностных систем","\it П.М.\,СИМОНОВ, А.В.\,ЧИСТЯКОВ",Не найдено,05-6-1997.tex
"$P$-геодезические преобразования и их группы\\


в касательных расслоениях, индуцированные \\


конциркулярными преобразованиями базисного многообразия","\it С.Г.\,Лейко",Не найдено,05-6-1998.tex
"Задача Коши для системы уравнений\\ 


термоупругости в пространстве","\it Т.И.\,Ишанкулов, О.И.\,Махмудов",Не найдено,05-6-1999.tex
"Субоптимальное управление полулинейными  


эллиптическими уравнениями с фазовыми  


ограничениями, I: принцип максимума для 


минимизирующих последовательностей, 


нормальность","\it М.И.\,Сумин",Не найдено,05-6-2000.tex
"Об одном свойстве почти периодического


интеграла, зависящего от параметра","\it А.Г.\,Иванов",Не найдено,05-6-2001.tex
"Исследование решений уравнения для дрейфов


волнового твердотельного гироскопа\\


в зависимости от параметров","\it Ю.В.\,Коган, А.В.\,Рубиновский",Не найдено,05-6-2002.tex
О проблеме моментов для целых функций экспоненциального типа,"\it Ф.Н.\,Гарифьянов",Не найдено,05-6-2003.tex
"Об идентификации некоторых классов


операторных моделей эволюционного типа","\it С.Ю.\,Култышев, Л.М.\,Култышева",Не найдено,05-6-2004.tex
"Асимптотические решения системы дифференциальных уравнений с


аналитической нелинейностью","\it Г.В.\,Завизион",Не найдено,05-6-2005.tex
"Асимптотические решения системы дифференциальных уравнений с


аналитической нелинейностью","\it Г.В.\,Завизион",Не найдено,05-6.TEX
О глобальной устойчивости неавтономных систем. I,"\it А.А.\,Косов",Не найдено,05-7-1997.tex
"Вложения упорядоченных множеств\\ 


в упорядоченные линейные пространства","\it В.В.\,Розен",Не найдено,05-7-1998.tex
" Коэффициентная оценка \\ 


для гармонических автоморфизмов круга","\it М.А.\,Осипцев",Не найдено,05-7-1999.tex
Об адельной формуле для гауссовых интегралов,"\it Э.Ю.\,Лернер",Не найдено,05-7-2000.tex
Центральные элементы и инварианты\\ в модулярных алгебрах Ли ,"\it Н.А.\,Корешков",Не найдено,05-7-2002.tex
"Разрешимость одной краевой задачи для неотрицательно


гамильтоновой системы в гильбертовом пространстве","\it Г.А.\,Курина",Не найдено,05-7-2003.tex
"О случаях разрешимости гиперболических уравнений\\


в квадратурах","\it В.И.\,Жегалов",Не найдено,05-7-2004.tex
"Структурные свойства одного класса максимальных шпернеровых 


семейств подмножеств","\it Б.С.\,Кочкарев",Не найдено,05-7-2005.tex
"Структурные свойства одного класса максимальных шпернеровых 


семейств подмножеств","\it Б.С.\,Кочкарев",Не найдено,05-7.TEX
"Асимптотическое поведение случайных полей\\ 


на последовательности расширяющихся множеств","\it С.А.\,Егишянц, Е.И.\,Островский",Не найдено,05-8-1997.tex
"Вариационный метод и оптимальное управление \\


в решении задачи Мокану","\it Г.Н.\,Камышова",Не найдено,05-8-1998.tex
О многомерном граничном варианте \\ теоремы Мореры,"\it С.Г.\,Мысливец",Не найдено,05-8-1999.tex
"Матричные системы дифференциальных уравнений\\ 


с условием квазимонотонности","\it А.И.\,Маликов",Не найдено,05-8-2000.tex
"Суммируемость по Риссу спектральных разложений для конечномерных


возмущений одного класса интегральных операторов","\it А.П.\,Гуревич, А.П.\,Хромов",Не найдено,05-8-2001.tex
"Построение бесконечномерных относительных гомотопических групп в 


гильбертовом пространстве","\it Э.А.\,Мирзаханян",Не найдено,05-8-2002.tex
"Решение сингулярного 


интегродифференциального уравнения  


методом сплайн-коллокаций","\it Э.Н.\,Самойлова",Не найдено,05-8-2003.tex
"Римановы поверхности, ограниченные кривыми,\\


с заданными проекциями точек ветвления","\it С.Р.\,Насыров",Не найдено,05-8-2004.tex
"Формулы для нахождения степенных сумм 


корней систем мероморфных функций","\it А.М.\,Кытманов, З.Е.\,Потапова",Не найдено,05-8-2005.tex
"Формулы для нахождения степенных сумм 


корней систем мероморфных функций","\it А.М.\,Кытманов, З.Е.\,Потапова",Не найдено,05-8.TEX
"Общие аналитические и\\


бесконечно малые деформации погружений. I","\it П.Е.\,Марков",Не найдено,05-9-1997.tex
О приводимости нелинейных дифференциальных уравнений,"\it Е.В.\,Воскресенский",Не найдено,05-9-1998.tex
"О специальных связностях, определяющих представление 


нулевой кривизны для эволюционных уравнений второго порядка","\it А.К.\,Рыбников",Не найдено,05-9-1999.tex
"Экстремальный метод решения


параметрической обратной задачи


для системы линейных функциональных уравнений","\it А.В.\,Панюков ",Не найдено,05-9-2000.tex
"Об одном вопросе теории


ступенчатых формаций",\it Го Вэньбинь,Не найдено,05-9-2001.tex
"Об отсутствии решений


эллиптических дифференциальных неравенств


в окрестности конической точки границы","\it Г.Г.\,Лаптев",Не найдено,05-9-2002.tex
"О линейных периодических системах на плоскости, имеющих  


матрицант требуемого вида","\it Ю.Я.\,Исаенко",Не найдено,05-9-2003.tex
Теорема существования для пологой нелинейной оболочки с препятствием,"\it Л.П.\,Лебедев, А.Б.\,Неймарк",Не найдено,05-9-2004.tex
"Предельное поведение обобщенных сумм Валле-Пуссена


кратных рядов Фурье","\it А.Д.\,Нахман",Не найдено,05-9-2005.tex
"Предельное поведение обобщенных сумм Валле-Пуссена


кратных рядов Фурье","\it А.Д.\,Нахман",Не найдено,05-9.TEX
"О тригонометрическом интерполировании функций\\


$\size{14","\it А.А.\,Кельзон",Не найдено,05A-10-1997.tex
"О тригонометрическом интерполировании функций\\


$\size{14","\it А.А.\,Кельзон",Не найдено,05A-10.TEX
"Об устойчивости систем дифференциальных уравнений со 


случайными структурными изменениями","\it А.И.\,Маликов",Не найдено,06-01-2000.tex
"Об условиях разрешимости системы краевых задач


теории высокочастотной плазмы пониженного давления","\it В.С.\,Желтухин",Не найдено,06-01-2005.tex
"Об условиях разрешимости системы краевых задач


теории высокочастотной плазмы пониженного давления","\it В.С.\,Желтухин",Не найдено,06-01.TEX
Проблема Харди--Литтлвуда,"\it А.А.\,Жукова ",Не найдено,06-02-2000.tex
Проблема Харди--Литтлвуда,"\it А.А.\,Жукова ",Не найдено,06-02.TEX
"Принцип абсолютного экстремума для одного  


класса дифференциальных уравнений третьего  


порядка в трехмерном пространстве и его  


применение","\it В.Н.\,Захаров",Не найдено,06-03-2000.tex
"Принцип абсолютного экстремума для одного  


класса дифференциальных уравнений третьего  


порядка в трехмерном пространстве и его  


применение","\it В.Н.\,Захаров",Не найдено,06-03.TEX
"Теорема равносходимости для дифференциальных \\


операторов высших порядков с особенностью","\it П.М.\,Кудишин",Не найдено,06-1-1998.tex
{\size{14,"\it А.Г.\,Пинус",Не найдено,06-1-1999.tex
"О конциркулярных тензорных полях


и геодезических отображениях псевдоримановых пространств","\it И.Г.\,Шандра",Не найдено,06-1-2001.tex
О существовании семейств $R^m_{2n-1,"\it Т.Б.\,Жогова",Не найдено,06-1-2002.tex
"Постановка и исследование стационарной задачи\\ о контакте


мягкой оболочки с препятствием","\it О.А.\,Задворнов",Не найдено,06-1-2003.tex
Алгоритмы в методе штрафов\\ с аппроксимацией допустимого множества,"\it Я.И.\,Заботин, И.А.\,Фукин",Не найдено,06-1-2004.tex
Алгоритмы в методе штрафов\\ с аппроксимацией допустимого множества,"\it Я.И.\,Заботин, И.А.\,Фукин",Не найдено,06-1.TEX
О радиусах ${\size{14,"\it И.М.\,Коцур, М.Ф.\,Коцур",Не найдено,06-10-1997.tex
" Решение систем матричных алгебраических\\ 


линейных уравнений","\it В.П.\,Деревенский",Не найдено,06-10-1998.tex
"О норме минимального линейного проектора в $C[0,\infty)$","\it В.П.\,Скляров",Не найдено,06-10-1999.tex
"Комплексные потенциалы


с логарифмическими особенностями в ядрах


для упругих тел с дефектом вдоль гладкой дуги","\it Н.Б.\,Плещинский, А.А.\,Гусенкова",Не найдено,06-10-2000.tex
"Метод усреднения в задаче о периодических решениях  


квазилинейных параболических уравнений","\it В.С.\,Климов",Не найдено,06-10-2001.tex
"Аппроксимация элементами клина с учетом\\ величин 


аппроксимирующих элементов","\it С.Я.\,Хавинсон",Не найдено,06-10-2002.tex
"Мультипликативная структура конечно-порожденных


матричных колец","\it А.М.\,Попова ",Не найдено,06-10-2003.tex
"Конформно-дифференциальная геометрия\\


плоских ортогональных сетей","\it А.В.\,Столяров",Не найдено,06-10-2004.tex
"Сборка Уитни в фазовом


пространстве уравнения Хоффа","\it Г.А.\,Свиридюк, И.К.\,Тринеева",Не найдено,06-10-2005.tex
"Сборка Уитни в фазовом


пространстве уравнения Хоффа","\it Г.А.\,Свиридюк, И.К.\,Тринеева",Не найдено,06-10.TEX
"Общие аналитические и бесконечно малые\\


деформации погружений. II\,${","\it П.Е.\,Марков",Не найдено,06-11-1997.tex
Об одной экстремальной задаче теории крыла,"\it И.Р.\,Каюмов",Не найдено,06-11-1998.tex
О многомерных методах интерполяции,"\it В.Л.\,Крепкогорский",Не найдено,06-11-1999.tex
"Конечноэлементная аппроксимация\\


в весовых пространствах Соболева","\it М.Р.\,Тимербаев",Не найдено,06-11-2000.tex
"Три-ткани, определяемые\\ линейным дифференциальным уравнением","\it А.А.\,Уткин, А.М.\,Шелехов",Не найдено,06-11-2001.tex
Симметризация функций из пространств Соболева,"\it В.С.\,Климов",Не найдено,06-11-2002.tex
Поднятие римановых метрик на тензорные расслоения,"\it А.А.\,Салимов, Н.\,Ченгиз",Не найдено,06-11-2003.tex
Аффинная дифференциальная геометрия\\ тензоров Киллинга,"\it C.E.\,Степанов, М.В.\,Смольникова",Не найдено,06-11-2004.tex
"Возможности вероятностных упорядоченных $k$ раз читающих


и детерминированных один раз


читающих бинарных программ несравнимы","\it Р.Г.\,Мубаракзянов",Не найдено,06-11-2005.tex
"Возможности вероятностных упорядоченных $k$ раз читающих


и детерминированных один раз


читающих бинарных программ несравнимы","\it Р.Г.\,Мубаракзянов",Не найдено,06-11.TEX
"Некоторые вопросы\\


кусочно-линейного программирования","\it И.И.\,Еремин",Не найдено,06-12-1997.tex
"Метод внешних центров с использованием\\ 


приведенного градиента для задачи\\ нелинейного программирования","\it В.С.\,Ижуткин, А.В.\,Блинов",Не найдено,06-12-1998.tex
"Алгоритмы в методе центров с неполной


минимизацией вспомогательной функции


максимума","\it Я.И.\,Заботин, И.Н.\,Даньшин",Не найдено,06-12-1999.tex
"Об устойчивости алгоритмов безусловной


минимизации псевдовыпуклых функций","\it И.Я.\,Заботин",Не найдено,06-12-2000.tex
"Комбинированный релаксационный метод\\ для обобщенных


вариационных неравенств","\it И.В.\,Коннов",Не найдено,06-12-2001.tex
"Стабилизация систем с запаздываниями\\ методами


оптимального управления","\it Р.\,Габасов, Ф.М.\,Кириллова",Не найдено,06-12-2002.tex
Метод спуска по интервальной функции\\ для негладких задач равновесия,"\it И.В.\,Коннов, О.В.\,Пинягина",Не найдено,06-12-2003.tex
"Оптимальное управление для сингулярного уравнения 


с негладким оператором и изопериметрическим условием","\it С.Я.\,Серовайский",Не найдено,06-12-2004.tex
"Оптимальное управление для сингулярного уравнения 


с негладким оператором и изопериметрическим условием","\it С.Я.\,Серовайский",Не найдено,06-12.TEX
"Численное pешение линейного уpавнения\\


Фpедгольма 1-го pода многосеточным методом","\it И.Е.\,Кошелев ",Не найдено,06-2-1998.tex
"Об одном свойстве мультипликаторов \\


линейных периодических систем","\it Г.Г.\,Исламов",Не найдено,06-2-1999.tex
"О теории разрывных решений вариационных задач\\


в классе обобщенных кривых","\it С.Ф.\,Морозов, А.В.\,Семенов",Не найдено,06-2-2001.tex
Метод унитарных преобразований\\ в теории устойчивости,"\it Ю.A.\,Коняев",Не найдено,06-2-2002.tex
Граница почти выпуклости в точке\\ для однолистных функций,"\it Т.П.\,Сижук",Не найдено,06-2-2003.tex
"Задача Коши для системы уравнений теории упругости\\ 


и термоупругости в пространстве","\it О.И.\,Махмудов",Не найдено,06-2-2004.tex
"Пространственные задачи для одного класса


пластин, аналогичные основным задачам


теории упругости","\it Е.А.\,Широкова",Не найдено,06-2-2005.tex
"Пространственные задачи для одного класса


пластин, аналогичные основным задачам


теории упругости","\it Е.А.\,Широкова",Не найдено,06-2.TEX
"Одна краевая задача\\


для области с подвижной границей","\it Ю.Т.\,Сильченко ",Не найдено,06-3-1998.tex
"Итерационный метод анализа нелинейных\\ 


сингулярно возмущенных начальных\\ 


и краевых задач","\it Ю.А.\,Коняев",Не найдено,06-3-1999.tex
"О геодезическом потоке на сферическом  


касательном расслоении двумерного многообразия\\ с  


метрикой Сасаки","\it С.Г.\,Лейко",Не найдено,06-3-2001.tex
Операды в категории конвексоров. I,"\it С.Н.\,Тронин",Не найдено,06-3-2002.tex
"О сингулярных интегральных  


операторах свертки слабого типа $(\varphi,\varphi)$","\it Б.И.\,Пелешенко",Не найдено,06-3-2003.tex
"Построение старших приближений метода усреднения для


параболических начально-краевых задач методом пограничного слоя","\it В.Б.\,Левенштам",Не найдено,06-3-2004.tex
"О некоторых пространствах функций,\\ бесконечно дифференцируемых \\


в открытом множестве из ${\bold R","\it Ю.Ф.\,Коробейник",Не найдено,06-3-2005.tex
"О некоторых пространствах функций,\\ бесконечно дифференцируемых \\


в открытом множестве из ${\bold R","\it Ю.Ф.\,Коробейник",Не найдено,06-3.TEX
"КОСОСИММЕТРИЧНЫЕ ИТЕРАЦИОННЫЕ МЕТОДЫ РЕШЕНИЯ\\ 


СТАЦИОНАРНОЙ ЗАДАЧИ КОНВЕКЦИИ-ДИФФУЗИИ\\ 


С МАЛЫМ ПАРАМЕТРОМ ПРИ СТАРШЕЙ ПРОИЗВОДНОЙ","\it Л.А.\,КРУКИЕР",Не найдено,06-4-1997.tex
"О базисности на компактах корневых функций\\


дифференциальных операторов второго порядка","\it И.С.\,Ломов",Не найдено,06-4-1998.tex
"Полиномиальные ужи по подсистемам\\ 


алгебраических степеней","\it Н.Ш.\,Загиров",Не найдено,06-4-1999.tex
"Непрерывная зависимость от параметров\\ решения


линейной краевой задачи","\it Л.Ф.\,Рахматуллина",Не найдено,06-4-2000.tex
"Построение почти периодических решений линейных 


дифференциальных и интегродифференциальных уравнений 


с отклоняющимися аргументами","\it М.Ф.\,Кулагина",Не найдено,06-4-2001.tex
"Задача сопряжения гармонических функций\\ 


в трехмерных областях с негладкими границами","\it И.Т.\,Денисюк",Не найдено,06-4-2002.tex
"К вопросу об экспоненциальной устойчивости  


почти периодических дифференциальных уравнений","\it Ю.Н.\,Смолин",Не найдено,06-4-2003.tex
Операды конечных помеченных графов,"\it С.Н.\,Тронин, А.В.\,Семенова",Не найдено,06-4-2004.tex
"Квазирегулярная асимптотика решения сингулярно возмущенной 


задачи Коши для линейных систем дифференциальных 


матричных уравнений","\it Ю.А.\,Коняев",Не найдено,06-4-2005.tex
"Квазирегулярная асимптотика решения сингулярно возмущенной 


задачи Коши для линейных систем дифференциальных 


матричных уравнений","\it Ю.А.\,Коняев",Не найдено,06-4.TEX
"О линейном непрерывном правом обратном \\ 


для оператора свертки на пространствах ростков \\


аналитических функций на выпуклых компактах в $\Bbb C$","\it С.Н.\,МЕЛИХОВ, З.\,МОММ",Не найдено,06-5-1997.tex
"Теорема о среднем для $\mathrm B$-полигармонического


уравнения","\it Н.И.\,Киприянова",Не найдено,06-5-1998.tex
"Вопросы разрешимости и метод конечных элементов вырождающихся


эллиптических уравнений\\ высоких порядков","\it А.Д.\,Ляшко, М.Р.\,Тимербаев",Не найдено,06-5-1999.tex
Замечание о конгруэнциях в упорядоченных полугруппах,"\it Н.\,Кехайопулу, М.\,Цингелис",Не найдено,06-5-2000.tex
"О некорректности краевых задач для одного класса гиперболических


уравнений","\it К.Б.\,Сабитов, Р.Р.\,Ильясов",Не найдено,06-5-2001.tex
"Об элементарной эквивалентности\\


производных структур свободных решеток","\it А.Г.\,Пинус",Не найдено,06-5-2002.tex
"Пространства с нормой графика \\ и усиленные пространства


Соболева. I","\it М.Р.\,Тимербаев",Не найдено,06-5-2003.tex
"Об одном классе треугольных кососимметричных схем решения


нестационарного уравнения конвекции-диффузии","\it Л.А.\,Крукиер, Т.Н.\,Субботина",Не найдено,06-5-2004.tex
"О три-ткани Бола, образованной слоениями разных размерностей","\it Г.А.\,Толстихина, А.М.\,Шелехов",Не найдено,06-5-2005.tex
"О три-ткани Бола, образованной слоениями разных размерностей","\it Г.А.\,Толстихина, А.М.\,Шелехов",Не найдено,06-5.TEX
"ОБ ОДНОМ ПРОСТРАНСТВЕ К\""ЕТЕ,\\ 


СВЯЗАННОМ С ДИФФЕРЕНЦИАЛЬНЫМ ОПЕРАТОРОМ","\it С.Д.\,Умалатов",Не найдено,06-6-1997.tex
"Об одном классе подмногообразий с параллельной\\


фундаментальной формой высшего порядка","\it В.А.\,Мирзоян",Не найдено,06-6-1998.tex
Интегральные уравнения векторного поля,"\it В.Н.\,Кутрунов, З.С.\,Курята",Не найдено,06-6-1999.tex
"Решение нелинейных уравнений \\


в аналитических полиалгебрах. II","\it С.С.\,Титов",Не найдено,06-6-2000.tex
"О двухточечной краевой задаче для линейных 


дифференциальных уравнений второго порядка 


с коэффициентами, принимающими значения на заданном множестве","\it Г.М.\,Муминов",Не найдено,06-6-2001.tex
Об оценке матрицы Коши некоторых систем\\ с последействием,"\it В.В.\,Малыгина",Не найдено,06-6-2002.tex
"Об асимптотическом поведении решений одного класса 


дифференциально-разностных уравнений","\it М.И.\,Додкин",Не найдено,06-6-2003.tex
"Об отсутствии  собственных значений у


задачи, обобщающей задачу о волноводах","\it В.С.\,Мокейчев",Не найдено,06-6-2004.tex
"О сходимости полуявного метода с расщеплением


для решения вариационных неравенств второго рода","\it О.А.\,Задворнов",Не найдено,06-6-2005.tex
"О сходимости полуявного метода с расщеплением


для решения вариационных неравенств второго рода","\it О.А.\,Задворнов",Не найдено,06-6.TEX
Об оценках сильных максимальных функций,"\it А.К.\,Лернер",Не найдено,06-7-1997.tex
"Об интегрируемости волнового уравнения\\ 


с переменными коэффициентами","\it А.Ю.\,Сеницкий",Не найдено,06-7-1998.tex
"К нахождению вычетов рациональных функций двух переменных 


по циклам, соответствующим разрезам","\it Ю.В.\,Педан",Не найдено,06-7-1999.tex
"Об одной геометрической интерпретации\\


уравнения $\sin$-Гордона","\it Н.Е.\,Марюкова",Не найдено,06-7-2000.tex
"Критерий пространственной проективности операторных алгебр, обладающих


каноническим представлением","\it М.Е.\,Поляков",Не найдено,06-7-2001.tex
"Эквивалентность путей относительно действия


симплектической группы","\it К.К.\,Муминов",Не найдено,06-7-2002.tex
"Проекционные методы решения одного класса сингулярных


интегро-дифференциальных уравнений","\it Э.Н.\,Самойлова",Не найдено,06-7-2003.tex
"Решение задачи $\Bbb R$-линейного сопряжения в случае


гиперболической линии разделения разнородных фаз","\it Ю.В.\,Обносов",Не найдено,06-7-2004.tex
"Бикасательное преобразование Бианки подмногообразия постоянной 


отрицательной кривизны $H^n$ евклидова пространства $R^{2n","\it Л.А.\,Масальцев",Не найдено,06-7-2005.tex
"Бикасательное преобразование Бианки подмногообразия постоянной 


отрицательной кривизны $H^n$ евклидова пространства $R^{2n","\it Л.А.\,Масальцев",Не найдено,06-7.TEX
Не найдено,"\it А.А.\,Коcов",Не найдено,06-8-1997.tex
"Одно достаточное условие нильпотентности\\


коммутанта алгебры Ли","\it С.П.\,Мищенко",Не найдено,06-8-1998.tex
"Константы Лебега средних арифметических \\


двойных сумм Фурье--Лежандра","\it А.Д.\,Нахман",Не найдено,06-8-1999.tex
"Об оценке Шиа для величины отклонения\\


мероморфной функции","\it И.И.\,Марченко",Не найдено,06-8-2000.tex
"Условие истокопредставимости и оценки скорости  


сходимости методов регуляризации линейных уравнений в  


банаховом пространстве. I","\it М.Ю.\,Кокурин",Не найдено,06-8-2001.tex
"Представление функций\\ разностью


штейнеровских потенциалов","\it А.Б.\,Секерин",Не найдено,06-8-2002.tex
"Численное решение систем уравнений\\


леонтьевского типа","\it Г.А.\,Свиридюк, С.В.\,Брычев",Не найдено,06-8-2003.tex
"Численное решение


сингулярного интегрального уравнения Абеля


обобщенным методом квадратур","\it В.С.\,Сизиков, А.В.\,Смирнов, Б.А.\,Федоров",Не найдено,06-8-2004.tex
"Несимметричные приближения функций 


многих переменных в функциональных пространствах","\it Б.В.\,Симонов",Не найдено,06-8-2005.tex
"Несимметричные приближения функций 


многих переменных в функциональных пространствах","\it Б.В.\,Симонов",Не найдено,06-8.TEX
"Подмногообразия с симметрическими\\ 


фундаментальными формами высшего порядка\\


как огибающие","\it В.А.\,Мирзоян",Не найдено,06-9-1997.tex
"О функциях, являющихся вторым модулем непрерывности","\it В.Э.\,Гейт",Не найдено,06-9-1998.tex
"О наилучшей сети, наилучшем сечении и чебышевском центре


ограниченного множества в


бесконечномерном пространстве Лобачевского","\it Е.Н.\,Сосов",Не найдено,06-9-1999.tex
Об $\size{14,"\it Е.Н.\,Сосов",Не найдено,06-9-2000.tex
"Построение почти-периодических решений краевых  


задач о распространении поверхностных волн","\it М.Ф.\,Кулагина",Не найдено,06-9-2001.tex
"Решение первой краевой задачи для $B$-параболического 


уравнения методом потенциалов","\it И.Б.\,Гарипов",Не найдено,06-9-2002.tex
Присоединение нуля к упорядоченным группоидам-полугруппе,"\it Н.\,Кехайопулу, М.\,Цингелис",Не найдено,06-9-2003.tex
"Минимальные линейчатые  поверхности


в трехмерных геометриях $S^2 \times R$ и $H^2 \times R$","\it Л.А.\,Масальцев",Не найдено,06-9-2004.tex
"Зависимость асимптотики старших собственных значений


усеченной континуальной свертки от скорости достижения максимума символом","\it А.Ю.\,Новосельцев, И.Б.\,Симоненко",Не найдено,06-9-2005.tex
"Зависимость асимптотики старших собственных значений


усеченной континуальной свертки от скорости достижения максимума символом","\it А.Ю.\,Новосельцев, И.Б.\,Симоненко",Не найдено,06-9.TEX
"Двойственные дополнения и оболочки\\


классов аналитических функций","\it И.Р.\,Нежметдинов",Не найдено,07-01-2000.tex
"Исследование нелинейной стационарной задачи фильтрации


при наличии точечного источника","\it О.А.\,Задворнов",Не найдено,07-01-2005.tex
"Исследование нелинейной стационарной задачи фильтрации


при наличии точечного источника","\it О.А.\,Задворнов",Не найдено,07-01.TEX
"Замечание о полурешеточных конгруэнциях\\ 


в упорядоченных полугруппах","\it Н.\,Кехайопулу, М.\,Цингелис",Не найдено,07-02-2000.tex
"Замечание о полурешеточных конгруэнциях\\ 


в упорядоченных полугруппах","\it Н.\,Кехайопулу, М.\,Цингелис",Не найдено,07-02.TEX
О деформациях алгебры Ли типа $G_{2,"\it С.А.\,Кириллов, М.И.\,Кузнецов, Н.Г.\,Чебочко",Не найдено,07-03-2000.tex
О деформациях алгебры Ли типа $G_{2,"\it С.А.\,Кириллов, М.И.\,Кузнецов, Н.Г.\,Чебочко",Не найдено,07-03.TEX
"$\Gamma$-слабо локально равномерная выпуклость\\ 


в пространствах Банаха","\it Е.В.\,Манохин",Не найдено,07-1-1998.tex
Расширенно рекуррентные многообразия,\it Прванович Милева,Не найдено,07-1-1999.tex
"Сеточная аппроксимация волнового уравнения,


сингулярно возмущенного по пространственной переменной","\it Г.И.\,Шишкин",Не найдено,07-1-2001.tex
"Об обобщении одной теоремы Н.А.\,Давыдова","\it Б.А.\,Кац",Не найдено,07-1-2002.tex
"Разностные схемы для параболических уравнений\\


на треугольных сетках","\it Ю.Н.\,Карамзин, С.В.\,Поляков, И.В.\,Попов",Не найдено,07-1-2003.tex
"Дифференциальная игра многих лиц с интегральными


ограничениями на управления игроков","\it Г.И.\,Ибрагимов",Не найдено,07-1-2004.tex
"Дифференциальная игра многих лиц с интегральными


ограничениями на управления игроков","\it Г.И.\,Ибрагимов",Не найдено,07-1.TEX
"О гладких разбиениях единицы\\


на банаховых многообразиях","\it О.В.\,Кунаковская",Не найдено,07-10-1997.tex
"О существовании и единственности решения\\ 


и о скорости сходимости метода Бубнова--Гал\""еркина\\ 


для одной квазилинейной эволюционной задачи\\ 


в гильбертовом пространстве","\it С.Е.\,Железовский",Не найдено,07-10-1998.tex
"Бифуркация периодических решений\\ 


функционально-дифференциальных уравнений","\it М.Т.\,Терехин",Не найдено,07-10-1999.tex
"Свойства функции Грина третьей смешанной 


задачи для параболического уравнения\\ в нецилиндрической области","\it В.И.\,Ушаков, М.В.\,Иванова",Не найдено,07-10-2000.tex
"О $CR$-распределениях, заданных на гиперповерхности","\it А.М.\,Кытманов, М.С.\,Мысливец",Не найдено,07-10-2001.tex
Представление однолистных функций\\ в виде бесконечных композиций,"\it А.А.\,Кузнецов",Не найдено,07-10-2002.tex
"Обобщение 2-групп Судзуки $A(m,\theta)$","\it И.А.\,Сагиров",Не найдено,07-10-2003.tex
"О метриках, возникающих на поверхностях\\ постоянной средней  


кривизны","\it В.Т.\,Фоменко",Не найдено,07-10-2004.tex
"Необходимые условия тауберова типа\\


для методов суммирования Чезаро","\it С.А.\,Степанянц",Не найдено,07-10-2005.tex
"Необходимые условия тауберова типа\\


для методов суммирования Чезаро","\it С.А.\,Степанянц",Не найдено,07-10.TEX
"Об $\aleph$-идентичности отношений эпиморфности\\


и вложимости на квазимногообразиях","\it А.Г.\,Пинус",Не найдено,07-11-1997.tex
"Восстановление управлений и параметров\\ 


динамических систем при неполной информации","\it А.И.\,Короткий",Не найдено,07-11-1998.tex
"Новый подход к теории линейных задач\\   


для систем дифференциальных уравнений\\   


в частных производных, III","\it В.С.\,Мокейчев, \fbox{А.В.\,Мокейчев",Не найдено,07-11-1999.tex
"Исследование положительных по кривизне


решений системы уравнений равновесия замкнутой цилиндрической


оболочки","\it Р.Р.\,Шагидуллин",Не найдено,07-11-2000.tex
"О вполне идемпотентных псевдосвязностях на полуримановых и


псевдоримановых пространствах и конциркулярных полях","\it И.Г.\,Шандра",Не найдено,07-11-2001.tex
"Бесконечно малые ARG-деформации поверхностей при условии обобщенного 


скольжения","\it В.В.\,Сидорякина",Не найдено,07-11-2003.tex
"Три-ткани, определяемые уравнением Риккати","\it А.А.\,Уткин, А.М.\,Шелехов",Не найдено,07-11-2004.tex
"О прямом методе решения сингулярного интегродифференциального


уравнения на отрезке вещественной оси","\it М.Ю.\,Першагин",Не найдено,07-11-2005.tex
"О прямом методе решения сингулярного интегродифференциального


уравнения на отрезке вещественной оси","\it М.Ю.\,Першагин",Не найдено,07-11.TEX
"Алгоритм второго порядка с параметризованными\\


направлениями для задач условной оптимизации","\it И.Я.\,Заботин",Не найдено,07-12-1997.tex
"Неточный комбинированный релаксационный метод


для многозначных включений","\it И.В.\,Коннов",Не найдено,07-12-1998.tex
"Об одном классе $D$-интервальных функций\\


для смешанных вариационных неравенств","\it И.В.\,Коннов",Не найдено,07-12-1999.tex
"Об одной модификации метода сдвига штрафов\\ для 


задач нелинейного программирования","\it Я.И.\,Заботин, И.А.\,Фукин",Не найдено,07-12-2000.tex
"Итерационные процедуры решения задач оптимального управления


на основе квазиградиентных аппроксимаций","\it В.А.\,Срочко, Н.В.\,Мамонова",Не найдено,07-12-2001.tex
"Оптимизация прямых методов решения\\


периодических краевых задач","\it Б.Г.\,Габдулхаев",Не найдено,07-12-2002.tex
Параллельный метод проекции \\на выпуклую оболочку семейства множеств,"\it Е.А.\,Нурминский",Не найдено,07-12-2003.tex
"Метод штрафов и необходимые условия  


оптимальности в дифференциальной кооперативной


игре\\ при неопределенности","\it А.Ф.\,Тараканов, Е.Д.\,Баратова",Не найдено,07-12.TEX
"Операторный подход в геометрически\\ 


нелинейной задаче статической устойчивости\\ 


пластин и оболочек","\it В.А.\,Крысько, В.Н.\,Кузнецов, С.В.\,Полякова",Не найдено,07-2-1998.tex
"О глобальной управляемости центральных \\


показателей линейных систем","\it Е.К.\,Макаров, С.Н.\,Попова",Не найдено,07-2-1999.tex
"Об одном определении целых функций экспоненциального


типа на однородных многообразиях","\it С.С.\,Платонов",Не найдено,07-2-2001.tex
"Устойчивость оптимального синтеза


в задаче быстродействия","\it Л.А.\,Сазанова",Не найдено,07-2-2002.tex
"Правильно растущие ряды Дирихле,\\


абсолютно сходящиеся в полуплоскости","\it П.В.\,Филевич, М.Н.\,Шеремета",Не найдено,07-2-2003.tex
"Корректность вырожденных задач Коши с генераторами  


экспоненциально ограниченных полугрупп","\it А.В.\,Мезенцев",Не найдено,07-2-2004.tex
"Метод декомпозиции области в случае неперекрывающихся подобластей


для сингулярно возмущенного уравнения конвекции-диффузии","\it Г.И.\,Шишкин",Не найдено,07-2-2005.tex
"Метод декомпозиции области в случае неперекрывающихся подобластей


для сингулярно возмущенного уравнения конвекции-диффузии","\it Г.И.\,Шишкин",Не найдено,07-2.TEX
"0 разрешимости нестационарной задачи \\


динамики несжимаемой вязкоупругой жидкости\\


Кельвина-Фойгта ненулевого порядка","\it Т.Г.\,Сукачева",Не найдено,07-3-1998.tex
"О частных суммах кратных рядов Фурье\\ 


по многочленам Якоби","\it А.Д.\,Нахман",Не найдено,07-3-1999.tex
"Поверхности с плоскими линиями кривизны\\


в пространстве Лобачевского","\it Л.A.\,Масальцев",Не найдено,07-3-2001.tex
Новый класс делителей полугрупп изотонных отображений конечных цепей,"\it В.У.\,Фернандеш",Не найдено,07-3-2002.tex
"Краевые задачи для уравнения 


Лаврентьева--Бицадзе\\ с комплексным параметром","\it К.Б.\,Сабитов, Н.Г.\,Шмел\""ева",Не найдено,07-3-2003.tex
"Описание специальных подмоноидов


глобального надмоноида свободного моноида","\it Б.Ф.\,Мельников",Не найдено,07-3-2004.tex
"Об аналоге представления Бохнера--Мартинелли\\ в


$d$-круговых полиэдрах пространства $\Bbb{C","\it А.А.\,Кытманов",Не найдено,07-3-2005.tex
"Об аналоге представления Бохнера--Мартинелли\\ в


$d$-круговых полиэдрах пространства $\Bbb{C","\it А.А.\,Кытманов",Не найдено,07-3.TEX
"ОБ ОДНОМ КЛАССЕ ДВУХСЛОЙНЫХ РАЗНОСТНЫХ СХЕМ\\ 


ДЛЯ НЕЛИНЕЙНЫХ КРАЕВЫХ ЗАДАЧ С ПАМЯТЬЮ","\it Е.М.\,ФЕДОТОВ",Не найдено,07-4-1997.tex
О двустороннем методе решения нелинейных уравнений,"\it И.Н.\,Майборода, Л.А.\,Островецкий",Не найдено,07-4-1998.tex
Об элементарных теориях\\ генерических мультиалгебр,"\it А.Г.\,Пинус",Не найдено,07-4-1999.tex
"Асимптотическая структура резольвенты неустойчивого уравнения  


Вольтерра\\ с разностным ядром","\it З.Б.\,Цалюк",Не найдено,07-4-2000.tex
"Об определимости конечных алгебр\\


производными структурами","\it А.Г.\,Пинус",Не найдено,07-4-2001.tex
"Определение опасных и безопасных границ \\ 


области устойчивости состояния равновесия \\ 


уравнения второго порядка с запаздыванием","\it Л.З.\,Фишман",Не найдено,07-4-2003.tex
"О задачах Гурса с дополнительными нормальными производными 


в краевых условиях","\it Е.А.\,Уткина",Не найдено,07-4-2004.tex
"Аппроксимация краевых задач эллиптического типа


со спектральным параметром и разрывной нелинейностью","\it В.Н.\,Павленко, Д.К.\,Потапов",Не найдено,07-4-2005.tex
"Аппроксимация краевых задач эллиптического типа


со спектральным параметром и разрывной нелинейностью","\it В.Н.\,Павленко, Д.К.\,Потапов",Не найдено,07-4.TEX
"СТАТИСТИЧЕСКОЕ ОЦЕНИВАНИЕ МАКСИМАЛЬНОГО\\ 


СОБСТВЕННОГО ЧИСЛА МАТРИЦЫ","\it С.Ю.\,НОВАК",Не найдено,07-5-1997.tex
"Рациональные интерполяционные процессы\\


на двух отрезках","\it А.Л.\,Лукашов",Не найдено,07-5-1998.tex
"Об алгоритме Эрроу--Гурвица\\


с переменными итерационными параметрами","\it Е.В.\,Чижонков",Не найдено,07-5-1999.tex
"Об одной смешанной задаче для дифференциального  


уравнения второго порядка по времени","\it Ю.Т.\,Сильченко",Не найдено,07-5-2001.tex
"Обобщенно рекуррентное\\


симметрическое тензорное поле","\it М.В.\,Смольникова",Не найдено,07-5-2002.tex
"О свойствах сингулярного интеграла\\ с логарифмически


ослабленным ядром Гильберта","\it А.Ф.\,Галимянов",Не найдено,07-5-2003.tex
"Многомерные поверхности с плоской нормальной связностью


с постоянной кривизной грассманова образа","\it В.Т.\,Лисица",Не найдено,07-5-2004.tex
"О гиперполосах кривизны с параллельной главной третьей


фундаментальной формой в евклидовом пространстве","\fbox{\it А.В.\,Чакмазян",Не найдено,07-5-2005.tex
"О гиперполосах кривизны с параллельной главной третьей


фундаментальной формой в евклидовом пространстве","\fbox{\it А.В.\,Чакмазян",Не найдено,07-5.TEX
"К ВОПРОСУ О РАСШИРЕНИИ СТОХАСТИЧЕСКИХ \\


ОГРАНИЧЕНИЙ В КЛАССЕ КОНЕЧНО-АДДИТИВНЫХ \\ ВЕРОЯТНОСТЕЙ","\it А.Г.\,Ченцов",Не найдено,07-6-1997.tex
"О вполне омбилических подмногообразиях,\\


погруженных в слабо симметрическое\\


риманово многообразие",\it Милева Прванович,Не найдено,07-6-1998.tex
"Об условиях голоморфного продолжения гладких\\ $CR$-функций


в фиксированную область","\it А.М.\,Кытманов, О.В.\,Ходос",Не найдено,07-6-1999.tex
Матричные линейные операды,"\it С.Н.\,Тронин, О.А.\,Копп",Не найдено,07-6-2000.tex
"О приводимости нелинейных дифференциальных уравнений


к блочно-треугольному виду","\it Д.В.\,Пашуткин ",Не найдено,07-6-2001.tex
"Проблема собственных значений во всем пространстве


для уравнений с разрывными коэффициентами","\it В.С.\,Мокейчев",Не найдено,07-6-2002.tex
"О коэффициенте уменьшения трудоемкости\\


некоторых алгоритмов","\it М.В.\,Пудова",Не найдено,07-6-2003.tex
"Об одном классе решений уравнения Вольтерра II рода\\ с регулярной 


особенностью в банаховом пространстве","\it И.В.\,Сапронов",Не найдено,07-6-2004.tex
Касательное пространство по Буземану,"\it Е.Н.\,Сосов",Не найдено,07-6-2005.tex
Касательное пространство по Буземану,"\it Е.Н.\,Сосов",Не найдено,07-6.TEX
"СХОДИМОСТЬ ЯВНЫХ РАЗНОСТНЫХ СХЕМ \\


ДЛЯ ОДНОГО ВАРИАЦИОННОГО НЕРАВЕНСТВА \\


ТЕОРИИ НЕЛИНЕЙНОЙ НЕСТАЦИОНАРНОЙ ФИЛЬТРАЦИИ","\it М.Е.\,Майорова, М.Ф.\,Павлова",Не найдено,07-7-1997.tex
"О выпуклых множествах \\ 


в обобщенном хордовом пространстве","\it Е.Н.\,Сосов",Не найдено,07-7-1998.tex
"О разрешимости вариационных неравенств\\ 


с неограниченными полумонотонными отображениями","\it И.П.\,Рязанцева",Не найдено,07-7-1999.tex
"Однородные подмногообразия в четырехмерной 


аффинной и проективной геометрии","\it Н.П.\,Можей",Не найдено,07-7-2000.tex
"Условные ожидания на вещественных  


$W^*$-алгебрах\\ и $JW$-алгебрах","\it Ш.М.\,Усманов",Не найдено,07-7-2001.tex
Ортогональные подпространства перестановочно-инвариантных пространств,"\it Е.М.\,Семенов, К.\,Франкетти",Не найдено,07-7-2002.tex
О задаче Веригина для обобщенного фильтрационного уравнения Буссинеска,"\it Г.А.\,Свиридюк, С.А.\,Загребина ",Не найдено,07-7-2003.tex
"Граничные задачи для уравнения Гельмгольца\\


в квадранте и в полуплоскости,\\


составленной из двух квадрантов","\it Н.Б.\,Плещинский, Д.Н.\,Тумаков",Не найдено,07-7-2004.tex
"Сильно резонансные эллиптические вариационные


неравенства с разрывными нелинейностями","\it В.Н.\,Павленко, Е.А.\,Чиж",Не найдено,07-7-2005.tex
"Сильно резонансные эллиптические вариационные


неравенства с разрывными нелинейностями","\it В.Н.\,Павленко, Е.А.\,Чиж",Не найдено,07-7.TEX
"Теорема о носителе для комплексного\\ 


преобразования Радона","\it А.Б.\,Секерин",Не найдено,07-8-1997.tex
"Выпуклые множества в некоммутативных \\


$L_1$-пространствах, замкнутые в топологии\\


локальной сходимости по мере","\it Г.Ш.\,Скворцова, О.Е.\,Тихонов",Не найдено,07-8-1998.tex
"Об устойчивости нулевого решения одной системы \\


интегродифференциальных уравнений,\\


возникающей в моделях динамики популяций","\it Н.В.\,Перцев",Не найдено,07-8-1999.tex
"Субоптимальное управление полулинейными эллиптическими


уравнениями с фазовыми ограничениями, II: чувствительность,


типичность регулярного принципа максимума","\it М.И.\,Сумин",Не найдено,07-8-2000.tex
О сходимости рядов в локально выпуклых пространствах,"\it Ю.Ф.\,Коробейник",Не найдено,07-8-2001.tex
"Неравенства типа Бернштейна, Джексона--Никольского\\ и 


их приложения","\it М.Б.\,Сихов",Не найдено,07-8-2002.tex
"О точности приближенных симметрий уравнений динамики 


неньютоновской жидкости и их инвариантных решениях, I","\it С.Л.\,Тонконог, Л.Д.\,Эскин",Не найдено,07-8-2003.tex
"Конечномерные методы приближенного


решения линейных уравнений типа свертки","\it Н.Я.\,Тихоненко",Не найдено,07-8-2004.tex
К общему случаю задачи Гурса,"\it Е.А.\,Уткина",Не найдено,07-8-2005.tex
К общему случаю задачи Гурса,"\it Е.А.\,Уткина",Не найдено,07-8.TEX
"Трехмерные алгебры Ли локально транзитивных\\ 


преобразований пространства","\it Г.Г.\,Михайличенко",Не найдено,07-9-1997.tex
"О равенстве нулю группы гомоморфизмов\\ 


абелевых групп","\it С.Я.\,Гриншпон",Не найдено,07-9-1998.tex
"О геометрии проективных субмерсий \\


римановых многообразий","\it С.Е.\,Степанов",Не найдено,07-9-1999.tex
 Об устойчивости управления по параметру,"\it М.Т.\,Тер\""ехин",Не найдено,07-9-2000.tex
О слойно проективных решетках\\ малой геометрической размерности,"\it Ю.А.\,Назырова",Не найдено,07-9-2001.tex
"Решение основных краевых задач для одного


$B$-эллиптического уравнения методом потенциалов","\it Р.М.\,Мавлявиев",Не найдено,07-9-2002.tex
"Фазовое пространство задачи


Коши--Дирихле для уравнения Осколкова нелинейной фильтрации","\it Г.А.\,Свиридюк, Н.А.\,Манакова",Не найдено,07-9-2003.tex
"Полиномиальный алгоритм распознавания


изоморфизма почти деревьев","\it О.В.\,Расин",Не найдено,07-9-2004.tex
О коэрцитивности выпуклых функционалов,"\it В.Я.\,Прудников",Не найдено,07-9-2005.tex
О коэрцитивности выпуклых функционалов,"\it В.Я.\,Прудников",Не найдено,07-9.TEX
К оценкам частных сумм рядов Фурье функций ограниченной вариации,"\it А.Ю.\,Попов, С.А.\,Теляковский",Не найдено,08-01-2000.tex
"Об оценках погрешности приближенных


решений в задачах линейной теории термоупругости","\it А.В.\,Музалевский, С.И.\,Репин",Не найдено,08-01-2005.tex
"Об оценках погрешности приближенных


решений в задачах линейной теории термоупругости","\it А.В.\,Музалевский, С.И.\,Репин",Не найдено,08-01.TEX
"О топологических группах со счетным множеством 


монотетичных подгрупп","\it Ю.Н.\,Мухин",Не найдено,08-02-2000.tex
"О топологических группах со счетным множеством 


монотетичных подгрупп","\it Ю.Н.\,Мухин",Не найдено,08-02.TEX
"К абстрактной теории приближенных методов\\


решения линейных операторных уравнений","\it Н.Б.\,Плещинский",Не найдено,08-03-2000.tex
"К абстрактной теории приближенных методов\\


решения линейных операторных уравнений","\it Н.Б.\,Плещинский",Не найдено,08-03.TEX
"О некоторых симметриях и инвариантных решениях\\


уравнений динамики неньютоновской жидкости. I","\it С.Л.\,Тонконог, Л.Д.\,Эскин",Не найдено,08-1-1998.tex
"Матричное нелинейное уравнение Шредингера\\ 


и соответствующая иерархия уравнений","\it Л.А.\,Сахнович",Не найдено,08-1-1999.tex
"Задача о скачке для уравнения Гельмгольца\\ в плоскослоистой среде


и ее приложения","\it А.\,Махер, Н.Б.\,Плещинский",Не найдено,08-1-2002.tex
"Весовые оценки решения задачи Дирихле\\


с анизотропным вырождением на части границы","\it М.Р.\,Тимербаев",Не найдено,08-1-2003.tex
"Эллипсоидальное оценивание состояния\\ дискретных систем


управления\\ с помощью матричных систем сравнения","\it А.И.\,Маликов",Не найдено,08-1-2004.tex
"Эллипсоидальное оценивание состояния\\ дискретных систем


управления\\ с помощью матричных систем сравнения","\it А.И.\,Маликов",Не найдено,08-1.TEX
Не найдено,"\it А.Г.\,Лосев",Не найдено,08-10-1997.tex
"Приведение к каноническому виду\\


пары эрмитовых форм\,${","\it Д.А.\,Калинин",Не найдено,08-10-1998.tex
$k$-растянутость топологических пространств\\ и выпуклость,"\it Г.С.\,Тюгашов",Не найдено,08-10-1999.tex
Обобщенные свертки $H$-преобразований,"\it В.А.\,Какичев, Нгуен Суан Тхао",Не найдено,08-10-2000.tex
"О неподвижных точках операторов \\ 


с гетеротонной производной","\it И.Н.\,Майборода, Л.А.\,Островецкий",Не найдено,08-10-2001.tex
"К вопросу о единственности решения краевых задач  


нелинейной теории тонких оболочек","\it С.Н.\,Тимергалиев",Не найдено,08-10-2003.tex
"КОГОМОЛОГИИ ДВОЙНОГО КОМПЛЕКСА БРЫЛИНСКОГО


ПУАССОНОВЫХ МНОГООБРАЗИЙ\\ И КВАНТОВЫЕ КОГОМОЛОГИИ ДЕ РАМА","\it В.В.\,ШУРЫГИН $($мл.$)$",Не найдено,08-10-2004.tex
"О задаче типа Геллерстедта 


для уравнения второго рода","\it Р.С.\,Хайруллин",Не найдено,08-10-2005.tex
"О задаче типа Геллерстедта 


для уравнения второго рода","\it Р.С.\,Хайруллин",Не найдено,08-10.TEX
"О критерии устойчивости одного скалярного уравнения\\


с постоянным запаздыванием и периодическим коэффициентом","\it С.М.\,Седова",Не найдено,08-11-1997.tex
"Решение сингулярных уравнений, \\


преобразованных к наилучшему аргументу","\it Е.Б.\,Кузнецов, В.И.\,Шалашилин",Не найдено,08-11-1998.tex
Голоморфные конформные субмерсии,"\it С.И.\,Окрут",Не найдено,08-11-1999.tex
"О выборе параметров в методе\\  


регуляризации $L$\,-псевдообращения","\it Р.А.\,Шафиев, И.Ю.\,Ястребова ",Не найдено,08-11-2001.tex
"Некоторые топологические свойства  


многообразий над локальной алгеброй,  


допускающих голоморфные вложения","\it М.А.\,Микенберг",Не найдено,08-11-2002.tex
"О голоморфном отображении


почти семи-келерова многообразия","\it С.Е.\,Степанов",Не найдено,08-11-2003.tex
Фазовое пространство одной неклассической модели,"\it Г.А.\,Свиридюк, В.В.\,Шеметова",Не найдено,08-11-2005.tex
Фазовое пространство одной неклассической модели,"\it Г.А.\,Свиридюк, В.В.\,Шеметова",Не найдено,08-11.TEX
"Алгоритм решения одной задачи\\


оптимального линейного упорядочения","\it Г.Г.\,Забудский",Не найдено,08-12-1997.tex
Линейная свертка критериев\\ в бикритериальной оптимизации,"\it М.К.\,Кравцов, О.А.\,Янушкевич",Не найдено,08-12-1998.tex
"О нецелочисленных вершинах многогранника многоиндексной


аксиальной задачи выбора","\it М.К.\,Кравцов, Е.В.\,Лукшин",Не найдено,08-12-1999.tex
Обобщенное решение многомерных полулинейных гиперболических систем,"\it В.А.\,Терлецкий",Не найдено,08-12-2001.tex
"Модернизация методов градиентного типа\\


в задачах оптимального управления","\it В.А.\,Срочко",Не найдено,08-12-2002.tex
"Обобщенное решение одномерных полулинейных


гиперболических систем со смешанными условиями","\it В.А.\,Терлецкий",Не найдено,08-12-2004.tex
"Обобщенное решение одномерных полулинейных


гиперболических систем со смешанными условиями","\it В.А.\,Терлецкий",Не найдено,08-12.TEX
"Асимптотические решения системы уравнений пологих\\ 


оболочек в виде двумерных волновых пакетов","\it Г.И.\,Михасев",Не найдено,08-2-1998.tex
"К вопросу о локальной управляемости\\


в критическом случае","\it Ю.В.\,Мастерков",Не найдено,08-2-1999.tex
"Оценки коэффициентов Фурье--Хаара для функций двух переменных


с ограниченной вариацией","\it С.Ю.\,Галкина",Не найдено,08-2-2001.tex
"К вопросу о построении корректных расширений\\


в классе конечно-аддитивных мер","\it А.Г.\,Ченцов",Не найдено,08-2-2002.tex
"Интегральное представление Коши--Вейля\\ 


для матричных функций","\it Б.А.\,Шаимкулов",Не найдено,08-2-2003.tex
"Решение задачи Трикоми для уравнения


смешанного типа с сингулярным коэффициентом


спектральным методом","\it К.Б.\,Сабитов, Р.Р.\,Ильясов",Не найдено,08-2-2004.tex
Прямые суммы слабо регулярных модулей,"\it А.Н.\,Абызов",Не найдено,08-2-2005.tex
Прямые суммы слабо регулярных модулей,"\it А.Н.\,Абызов",Не найдено,08-2.TEX
Не найдено,Не найдено,Не найдено,08-2A--1.tex
Не найдено,Не найдено,Не найдено,08-2A.TEX
"О некоторых симметриях и инвариантных решениях\\


уравнения динамики неньютоновской жидкости. II","\it С.Л.\,Тонконог, Л.Д.\,Эскин",Не найдено,08-3-1998.tex
"О геометрии псевдопотенциалов эволюционного


уравнения третьего порядка","\it К.В.\,Семенов",Не найдено,08-3-2001.tex
"Оптимальные по порядку скорости сходимости кусочно-равномерные


сетки для сингулярно возмущенных уравнений конвекции--диффузии","\it Г.И.\,Шишкин",Не найдено,08-3-2002.tex
Аналитическое решение векторных краевых задач теории газов,"\it В.В.\,Сушков",Не найдено,08-3-2003.tex
"Смешанная вариационная формулировка задачи\\ о пластине, 


свободно опертой по криволинейному контуру","\it С.П.\,Павлов, В.А.\,Крысько",Не найдено,08-3-2004.tex
"Краевые задачи и лиувиллевы теоремы\\ для полулинейных эллиптических


уравнений\\ на римановых многообразиях","\it Е.А.\,Мазепа",Не найдено,08-3-2005.tex
"Краевые задачи и лиувиллевы теоремы\\ для полулинейных эллиптических


уравнений\\ на римановых многообразиях","\it Е.А.\,Мазепа",Не найдено,08-3.TEX
"МЕТОД ДЕКОМПОЗИЦИИ ДЛЯ СИНГУЛЯРНО ВОЗМУЩЕННЫХ\\


КРАЕВЫХ ЗАДАЧ С ЛОКАЛЬНЫМ ВОЗМУЩЕНИЕМ НАЧАЛЬНЫХ \\


УСЛОВИЙ. УРАВНЕНИЯ С КОНВЕКТИВНЫМИ ЧЛЕНАМИ","\it Г.И. ШИШКИН, И.В. ЦЕЛИЩЕВА",Не найдено,08-4-1997.tex
Характеризация минимальных не $\FF$-групп,"\it Л.Я.\,Поляков, В.Н.\,Семенчук",Не найдено,08-4-1998.tex
"К вопросу об осцилляционности спектра\\ 


многоточечной краевой задачи","\it А.Л.\,Тептин",Не найдено,08-4-1999.tex
"Об одной нелинейной краевой задаче\\


с несуммируемой особенностью","\it М.Ж.\,Алвеш",Не найдено,08-4-2000.tex
"О применении теории степени к исследованию\\


одной задачи с наклонной производной","\it Н.М.\,Ратинер",Не найдено,08-4-2001.tex
"О численном решении уравнений экстремалей 


вариационной задачи с ограничениями","\it Р.Г.\,Мухарлямов",Не найдено,08-4-2002.tex
"Критерий устойчивости по части переменных 


автономной системы дифференциальных уравнений","\it К.М.\,Чудинов",Не найдено,08-4-2003.tex
"К теореме Валирона о соотношениях\\


между максимумом модуля\\


и максимальным членом целого ряда Дирихле","\it П.В.\,Филевич",Не найдено,08-4-2004.tex
"Экстремальные свойства решений разностной


задачи Трикоми для одной сеточной системы уравнений


смешанного типа и их применения","\it К.Б.\,Сабитов, М.Ф.\,Мугафаров",Не найдено,08-4-2005.tex
"Экстремальные свойства решений разностной


задачи Трикоми для одной сеточной системы уравнений


смешанного типа и их применения","\it К.Б.\,Сабитов, М.Ф.\,Мугафаров",Не найдено,08-4.TEX
О РЕШЕТОЧНО УНИВЕРСАЛЬНЫХ МНОГООБРАЗИЯХ АЛГЕБР,"\it В.Б.\,РЕПНИЦКИЙ",Не найдено,08-5-1997.tex
"Сингулярные интегральные уравнения\\


на счетном множестве замкнутых неспрямляемых\\


и фрактальных кривых","\it С.Р.\,Миронова",Не найдено,08-5-1998.tex
"Исследование одномерных уравнений\\ 


статического состояния мягкой оболочки","\it Р.Р.\,Шагидуллин",Не найдено,08-5-1999.tex
"Спектральный метод исследования устойчивости  


некоторых классов неавтономных дифференциальных уравнений","\it Ю.А.\,Коняев",Не найдено,08-5-2000.tex
"Оснащения и аффинные связности \\ 


на распределениях конформного пространства","\it А.В.\,Столяров",Не найдено,08-5-2002.tex
Смешанная задача для $B$-гиперболического уравнения,"\it С.М.\,Гафурова",Не найдено,08-5-2003.tex
"Связности Бэклунда и отображения Бэклунда,


соответствующие эволюционным уравнениям второго


порядка","\it А.К.\,Рыбников, К.В.\,Сем\""енов",Не найдено,08-5-2004.tex
"Криволинейные три-ткани, допускающие  


однопараметрическое семейство  


автоморфизмов","\it А.М.\,Шелехов",Не найдено,08-5-2005.tex
"Криволинейные три-ткани, допускающие  


однопараметрическое семейство  


автоморфизмов","\it А.М.\,Шелехов",Не найдено,08-5.TEX
"$D$-условия Каратеодори и их связь \\


с $D$-непрерывностью оператора Немыцкого","\it И.В.\,Шрагин, Ю.В.\,Непомнящих",Не найдено,08-6-1997.tex
"Теоретико-групповой смысл \\


пространств Нейфельда","\it Б.А.\,Розенфельд",Не найдено,08-6-1998.tex
Не найдено,"\it А.Г.\,Лосев, Е.А.\,Мазепа",Не найдено,08-6-1999.tex
"Решение игр многих лиц с помощью градиентного метода прогнозного 


типа","\it С.В.\,Шпирко",Не найдено,08-6-2000.tex
"Двусторонние оценки решений интегродифференциального уравнения,\\


описывающего процесс кроветворения","\it Н.В.\,Перцев",Не найдено,08-6-2001.tex
"Об эквивалентности локальной достижимости\\


и полной управляемости линейных систем","\it С.Н.\,Попова",Не найдено,08-6-2002.tex
"Спектральные свойства краевой задачи с производной по нормали в 


граничном условии для уравнений смешанного типа и их применения","\it К.Б.\,Сабитов, С.Л.\,Хасанова",Не найдено,08-6-2003.tex
"Обратная начальная задача для


некоторых линейных систем


дифференциально-разностных уравнений","\it В.Б.\,Черепенников",Не найдено,08-6-2004.tex
"Вещественный аналог преобразования Брайанта\\ и рациональные интегральные 


кривые\\ заданного распределения в $\Bbb{P","\it Ю.Л.\,Гилуч",Не найдено,08-6-2005.tex
"Вещественный аналог преобразования Брайанта\\ и рациональные интегральные 


кривые\\ заданного распределения в $\Bbb{P","\it Ю.Л.\,Гилуч",Не найдено,08-6.TEX
ОБ УРАВНЕНИЯХ С ВОЗМУЩЕННЫМИ АККРЕТИВНЫМИ ОТОБРАЖЕНИЯМИ,"\it И.П.\,РЯЗАНЦЕВА",Не найдено,08-7-1997.tex
"О разрешимости одной геометрически\\ 


нелинейной задачи теории пологих оболочек","\it И.Г.\,Терегулов, С.Н.\,Тимергалиев",Не найдено,08-7-1998.tex
Квазибулевы степени полурешеток,"\it В.Н.\,Салий",Не найдено,08-7-1999.tex
О клонах полиномов над бесконечными полями,"\it А.П.\,Семигродских",Не найдено,08-7-2000.tex
"Задача Коши для системы дифференциальных уравнений с двумя 


неизвестными функциями\\ двух аргументов","\it{\fbox {Т.В.\,Чекмар\""ев",Не найдено,08-7-2001.tex
"Бифуркация ограниченных решений системы обыкновенных 


дифференциальных уравнений","\it Ю.В.\,Усач\""ев",Не найдено,08-7-2002.tex
О некоторых классах уравнений\\ в сверточной алгебре $D'_+$,"\it Л.Г.\,Салехов, Л.Л.\,Салехова",Не найдено,08-7-2004.tex
Полугруппы с неплотно заданным\\ производящим оператором,"\it Ю.Т.\,Сильченко",Не найдено,08-7-2005.tex
Полугруппы с неплотно заданным\\ производящим оператором,"\it Ю.Т.\,Сильченко",Не найдено,08-7.TEX
"О геодезических отображениях\\ 


специальных метрических пространств","\it Е.Н.\,Сосов",Не найдено,08-8-1997.tex
Проблема полноты в классе многочленов разрешима,"\it В.Д.\,Соловьев",Не найдено,08-8-1998.tex
"Об условно рационально эквивалентных\\


дискриминаторных многообразиях","\it А.Г.\,Пинус",Не найдено,08-8-1999.tex
Ортогональные многочлены обобщенно-четного веса,"\fbox{\it Н.П.\,Фадеев",Не найдено,08-8-2000.tex
"Двумерные гомологии дополнения\\ алгебраической кривой в


$\Bbb C^2$  и $(\Bbb C\setminus \{0\","\it О.В.\,Яковлева",Не найдено,08-8-2001.tex
Об одном аналоге теоремы Пэли--Винера,"\it Д.К.\,Угулава",Не найдено,08-8-2002.tex
"Об аналогах теоремы Бореля для пространств ультрадифференцируемых 


функций нормального типа",\it Д.А.Абанина,Не найдено,08-8-2003.tex
Приближенные решения\\ в задаче об асимптотической достижимости,"\it А.Г.\,Ченцов",Не найдено,08-8-2005.tex
Приближенные решения\\ в задаче об асимптотической достижимости,"\it А.Г.\,Ченцов",Не найдено,08-8.TEX
"Интегральный аналог уравнений Дарбу\\ 


для погружений двумерных метрик","\it И.Х.\,Сабитов",Не найдено,08-9-1997.tex
"Аналитические решения задач


о колебаниях упругих пластин и оболочек


с подкреплениями типа накладок","\it Ю.П.\,Жигалко, М.М.\,Торопова",Не найдено,08-9-1998.tex
"Двойственные аффинные связности\\ 


на регулярной гиперполосе","\it А.В.\,Столяров",Не найдено,08-9-1999.tex
Групповой анализ уравнений динамики неньютоновской жидкости,"\it С.Л.\,Тонконог",Не найдено,08-9-2000.tex
Непрерывность по Кудрявцеву\\ квазиконформных отображений,"\it Ю.А.\,Пешкичев",Не найдено,08-9-2001.tex
"Проекционные методы решения сингулярного интегрального уравнения 


Теодорсена","\it И.К.\,Рахимов",Не найдено,08-9-2002.tex
"О наилучших $N$-сетях ограниченных замкнутых выпуклых 


множеств в специальном метрическом пространстве","\it Е.Н.\,Сосов",Не найдено,08-9-2003.tex
"О некоторых операдах, связанных с операдой 


симметрических групп. I","\it С.Н.\,Тронин, Л.Д.\,Гареева",Не найдено,08-9-2004.tex
Тотальные и ко-тотальные степени перечислимости,"\it Б.Я.\,Солон",Не найдено,08-9-2005.tex
Тотальные и ко-тотальные степени перечислимости,"\it Б.Я.\,Солон",Не найдено,08-9.TEX
Верхняя оценка спектрального радиуса изотонного оператора,"\it Л.Ф.\,Рахматуллина",Не найдено,09-01-2000.tex
"О методе адаптирующихся сеток для сингулярно


возмущенных эллиптических уравнений реакции--диффузии в области


с криволинейной границей","\it Г.И.\,Шишкин",Не найдено,09-01-2005.tex
"О методе адаптирующихся сеток для сингулярно


возмущенных эллиптических уравнений реакции--диффузии в области


с криволинейной границей","\it Г.И.\,Шишкин",Не найдено,09-01.TEX
"Новый подход к решению краевой задачи Гильберта  


для аналитической функции в многосвязной области","\it Р.Б.\,Салимов",Не найдено,09-02-2000.tex
"Новый подход к решению краевой задачи Гильберта  


для аналитической функции в многосвязной области","\it Р.Б.\,Салимов",Не найдено,09-02.TEX
"Об индексе дефекта матричных дифференциальных операторов  


второго порядка с быстро осциллирующими коэффициентами","\it В.П.\,Серебряков",Не найдено,09-03-2000.tex
"Об индексе дефекта матричных дифференциальных операторов  


второго порядка с быстро осциллирующими коэффициентами","\it В.П.\,Серебряков",Не найдено,09-03.TEX
Не найдено,"\it С.Н.\,Тронин",Не найдено,09-1-1998.tex
"О классификации структур почти произведения\\ 


на многообразии с линейной связностью","\it С.Е.\,Степанов",Не найдено,09-1-1999.tex
"Почти контактные структуры


многообразия $P^0_n(\cal H)$","\it Ю.И.\,Попов",Не найдено,09-1-2002.tex
"Численные методы на адаптивных сетках для сингулярно возмущенных


эллиптических уравнений\\ в области с криволинейной границей","\it Г.И.\,Шишкин",Не найдено,09-1-2003.tex
"О схемах формирования ведущей последовательности 


в регуляризованном экстраградиентном методе


решения вариационных неравенств","\it Л.Д.\,Попов",Не найдено,09-1-2004.tex
"О схемах формирования ведущей последовательности 


в регуляризованном экстраградиентном методе


решения вариационных неравенств","\it Л.Д.\,Попов",Не найдено,09-1.TEX
Новый критерий принадлежности оператора классу $K(H)$,"\it Л.И.\,Сухочева",Не найдено,09-10-1997.tex
"Интегрирование по плоской фрактальной кривой,\\  


задача о скачке и обобщенные меры","\it Б.А.\,Кац",Не найдено,09-10-1998.tex
"Полиномиальные квазирешения линейных систем


дифференциально-разностных уравнений","\it В.Б.\,Черепенников",Не найдено,09-10-1999.tex
"О существовании слабого решения одной задачи ненасыщенной


фильтрационной консолидации","\it М.Ф.\,Павлова, Е.В.\,Шемуранова",Не найдено,09-10-2001.tex
Теоретико-множественная структура вычислимых множеств,"\it А.Н.\,Фролов",Не найдено,09-10-2003.tex
"Некоторые вопросы приближения частными суммами \\ рядов


Фабера--Шаудера в метрике пространства $\varphi(L)$","\it С.Б.\,Вакарчук, А.Н.\,Щитов",Не найдено,09-10-2004.tex
"Внутренняя геометрия сетей 


на гиперповерхности конформного пространства","\it Т.Н.\,Андреева",Не найдено,09-10-2005.tex
"Внутренняя геометрия сетей 


на гиперповерхности конформного пространства","\it Т.Н.\,Андреева",Не найдено,09-10.TEX
"Термодинамические потенциалы и математическое\\


моделирование процесса течения вязких сред","\it И.Г.\,Терегулов",Не найдено,09-11-1997.tex
"Представление полугруппы эндоморфизмов\\


конечной группы на пространстве ее классовых функций","\it Ю.Б.\,Мельников ",Не найдено,09-11-1998.tex
К теории уравнений смешанного типа\\ с двумя линиями вырождения,"\it К.Б.\,Сабитов, А.А.\,Карамова, Г.Г.\,Шарафутдинова",Не найдено,09-11-1999.tex
"Фундаментальные дифференциальные операторы


первого порядка на внешних и симметрических формах","\it М.В.\,Смольникова, С.Е.\,Степанов",Не найдено,09-11-2002.tex
Пространство проективно-метрической связности,"\it А.В.\,Столяров",Не найдено,09-11-2003.tex
"Квазистратегии в абстрактной задаче


управления и метод программных итераций (прямая версия)","\it А.Г.\,Ченцов",Не найдено,09-11-2005.tex
"Квазистратегии в абстрактной задаче


управления и метод программных итераций (прямая версия)","\it А.Г.\,Ченцов",Не найдено,09-11.TEX
О системах вариационных неравенств,"\it И.В.\,Коннов",Не найдено,09-12-1997.tex
"Об одноэтапном методе решения\\ 


лексикографических вариационных неравенств","\it Л.Д.\,Попов",Не найдено,09-12-1998.tex
"Об одном способе построения параметрического\\ синтеза для


линейно-квадратичной\\ задачи оптимального управления","\it Е.А.\,Лутковская",Не найдено,09-12-1999.tex
"Приближенные методы для прямо-двойственных\\


вариационных неравенств смешанного типа","\it И.В.\,Коннов",Не найдено,09-12-2000.tex
"К вопросу о двойственности различных версий\\ метода


программных итераций","\it А.Г.\,Ченцов",Не найдено,09-12-2001.tex
"О существовании и единственности решения\\


задачи равновесного программирования ","\it С.В.\,Шпирко",Не найдено,09-12-2002.tex
"О существовании и единственности решения\\


задачи равновесного программирования ","\it С.В.\,Шпирко",Не найдено,09-12.TEX
"Аменабельные $L_1(G)$-модули, усредняемые функции\\


и пространства со смешанной нормой","\it А.Г.\,Мясников",Не найдено,09-2-1998.tex
"О положительности функции Грина линейных


краевых\\ задач для уравнений четвертого порядка на графе","\it Ю.В.\,Покорный, Р.\,Мустафокулов",Не найдено,09-2-1999.tex
Базисный аналог обобщенной $H$-функции,\it Нгуен Суан Тхао,Не найдено,09-2-2001.tex
"О необходимых и достаточных условиях\\ медленной  


сходимости методов решения\\ линейных некорректных задач","\it М.Ю.\,Кокурин, Н.А.\,Юсупова",Не найдено,09-2-2002.tex
"Однолистность решения внешней обратной краевой задачи  


по параметрам $x$, $y$","\it Н.Р.\,Абубакиров",Не найдено,09-2-2003.tex
"Скорость приближения функций средними Чезаро


отрицательного порядка двойных ортогональных рядов","\it Л.Г.\,Коваленко",Не найдено,09-2-2004.tex
"Конструирование явных методов типа Рунге--Кутта


интегрирования систем специального вида","\it И.В.\,Олемской",Не найдено,09-2-2005.tex
"Конструирование явных методов типа Рунге--Кутта


интегрирования систем специального вида","\it И.В.\,Олемской",Не найдено,09-2.TEX
Об одном свойстве ортогональных поверхностей,"\it М.А.\,Чешкова",Не найдено,09-3-1998.tex
"О непрерывности и связности метрической $\delta$-проекции\\


в равномерно выпуклом геодезическом пространстве","\it Е.Н.\,Сосов",Не найдено,09-3-2001.tex
"К прямым методам решения интегральных уравнений \\


с логарифмически ослабленными ядрами Коши \\


на разомкнутых контурах","\it А.Ф.\,Галимянов",Не найдено,09-3-2002.tex
"Связь полугрупп с особенностью\\ и


интегрированных полугрупп","\it С.П.\,Торопова",Не найдено,09-3-2003.tex
"Уравнения, описывающие динамику\\ неньютоновской жидкости \\


с реологическим законом Рейнера--Ривлина. \\ I. \ Групповой анализ","\it Л.Д.\,Эскин",Не найдено,09-3-2004.tex
"О равномерной сходимости приближенных решений слабосингулярных


интегральных уравнений I рода","\it А.В.\,Ожегова",Не найдено,09-3-2005.tex
"О равномерной сходимости приближенных решений слабосингулярных


интегральных уравнений I рода","\it А.В.\,Ожегова",Не найдено,09-3.TEX
"ПОСТРОЕНИЕ ДВУ- И ТРЕХМЕРНЫХ СЕТОК ДЛЯ ЗАДАЧ\\ 


ГАЗОДИНАМИКИ НА ОСНОВЕ УРАВНЕНИЯ ПУАССОНА","\it С.Н.\,МАРТЮШОВ",Не найдено,09-4-1997.tex
"О сильном дифференцировании интегралов\\


функций из многомерных классов Харди","\it А.М.\,Стоколос",Не найдено,09-4-1998.tex
Перестройки торов в алгебре Цассенхауза,"\it С.А.\,Тюрин",Не найдено,09-4-1999.tex
"О методах полудискретизации для квазилинейных уравнений


с некомпактной полугруппой","\it И.Н.\,Гурова",Не найдено,09-4-2000.tex
"Оценки максимального члена\\


ряда Дирихле снизу","\it О.М.\,Cумык, М.Н.\,Шеремета",Не найдено,09-4-2001.tex
Граничное поведение интеграла\\ типа логарифмического вычета,"\it С.Г.\,Мысливец",Не найдено,09-4-2002.tex
"Левый регуляризирующий оператор для алгебро-дифференциальной системы 


с запаздыванием","\it А.А.\,Щеглова",Не найдено,09-4-2003.tex
"Уравнения, описывающие динамику\\ неньютоновской жидкости \\


с реологическим законом Рейнера--Ривлина. \\ II.  \ Инвариантные решения","\it Л.Д.\,Эскин",Не найдено,09-4-2004.tex
"О некоторых условиях разрешимости переопределенных систем


дифференциальных уравнений в пространствах Соболева","\it А.А.\,Шлапунов",Не найдено,09-4-2005.tex
"О некоторых условиях разрешимости переопределенных систем


дифференциальных уравнений в пространствах Соболева","\it А.А.\,Шлапунов",Не найдено,09-4.TEX
"ИНВАРИАНТНЫЕ ПРОСТРАНСТВА И ДИХОТОМИИ РЕШЕНИЙ\\ 


ОДНОГО КЛАССА ЛИНЕЙНЫХ УРАВНЕНИЙ ТИПА СОБОЛЕВА$\,{","\it Г.А.\,СВИРИДЮК, А.В.\,КЕЛЛЕР",Не найдено,09-5-1997.tex
Весовые оценки преобразования Лапласа,"\it О.Г.\,Парфенов",Не найдено,09-5-1998.tex
"Повышение точности приближенных решений коррекцией невязки


для сингулярно возмущенных


уравнений с конвективными членами","\it Г.И.\,Шишкин",Не найдено,09-5-1999.tex
"К вопросу об индексе дефекта матричных дифференциальных 


операторов второго порядка","\it В.П.\,Серебряков",Не найдено,09-5-2000.tex
"$U$-последовательности и почти изоморфизм абелевых


$\size{14","\it А.И.\,Шерстнева (Ботыгина)",Не найдено,09-5-2001.tex
Операды в категории конвексоров. II,"\it С.Н.\,Тронин",Не найдено,09-5-2002.tex
Фокальное изгибание семейств $L^m_{2n-1,"\it Т.Б.\,Жогова",Не найдено,09-5-2003.tex
Инфинитезимальные гармонические преобразования,"\it М.В.\,Смольникова, С.Е.\,Степанов, И.Г.\,Шандра",Не найдено,09-5-2004.tex
"Препятствия  к радиантности для гладких 


многообразий над алгебрами Вейля","\it В.В.\,Шурыгин",Не найдено,09-5-2005.tex
"Препятствия  к радиантности для гладких 


многообразий над алгебрами Вейля","\it В.В.\,Шурыгин",Не найдено,09-5.TEX
"О геометрии эволюционного уравнения\\ 


третьего порядка","\it К.В.\,Семенов",Не найдено,09-6-1998.tex
"Локальные операторы в некоторых подпространствах пространства


$L_0$","\it Ю.В.\,Непомнящих, А.В.\,Поносов",Не найдено,09-6-1999.tex
"Одна задача сопряжения аналитических функций в аффинно 


преобразованных областях\\ с кусочно-гладкими границами","\it И.Т.\,Денисюк",Не найдено,09-6-2000.tex
"Отыскание решений линейных дифференциально-разностных уравнений\\


в вырожденном случае","\it М.А.\,Солдатов, Т.М.\,Митрякова, В.А.\,Ильичев",Не найдено,09-6-2001.tex
"Об эллиптической краевой задаче с оператором суперпозиции  


в граничном условии. II","\it А.К.\,Ратыни",Не найдено,09-6-2002.tex
"Об устойчивости решений почти периодической системы


функционально-дифференциальных уравнений


нейтрального типа","\it Г.А.\,Троценко",Не найдено,09-6-2003.tex
"Об устойчивости по части переменных линейных  


автономных систем с последействием","\it К.М.\,Чудинов",Не найдено,09-6-2004.tex
"Об устойчивости по части переменных линейных  


автономных систем с последействием","\it К.М.\,Чудинов",Не найдено,09-6.TEX
"Относительная $\sigma$-ограниченность\\ 


линейных операторов","\it Г.А.\,Свиридюк, Т.Г.\,Сукачева, Л.Л.\,Дудко",Не найдено,09-7-1997.tex
"Проекционные методы решения исключительного\\ 


случая уравнений типа свертки","\it Н.Я.\,Тихоненко, Е.П.\,Цымбалюк",Не найдено,09-7-1998.tex
Об одном классе возмущенных операторов,"\it А.М.\,Сидоров",Не найдено,09-7-1999.tex
"О композиционных и локальных\\


критических формациях","\it М.М.\,Сорокина",Не найдено,09-7-2000.tex
"Кpитеpии базисной односвязности и их пpименение\\ к вопpосу о


pазpешимости уpавнения свеpтки","\it И.С.\,Шpайфель, И.М.\,Мальцев ",Не найдено,09-7-2001.tex
"Управляемость линейных уравнений соболевского типа


с относительно $\size{14","\it В.Е.\,Федоров, О.А.\,Рузакова",Не найдено,09-7-2002.tex
"Метод римановых поверхностей в задаче о межфазных трещинах и 


включениях при наличии сосредоточенных сил","\it В.В.\,Сильвестров",Не найдено,09-7-2004.tex
"Весовые оценки решения анизотропно вырождающегося уравнения


с граничными условиями Неймана в точках вырождения","\it М.Р.\,Тимербаев",Не найдено,09-7-2005.tex
"Весовые оценки решения анизотропно вырождающегося уравнения


с граничными условиями Неймана в точках вырождения","\it М.Р.\,Тимербаев",Не найдено,09-7.TEX
Не найдено,"\it С.Н.\,Тронин",Не найдено,09-8-1997.tex
"Геометрия грассманова расслоения. II\,${","\it Н.К.\,Фарафонова",Не найдено,09-8-1998.tex
"Определение нормы ядер конечных интегральных преобразований и их 


приложение","\it Ю.Э.\,Сеницкий, С.А.\,Лычев",Не найдено,09-8-1999.tex
"О решении одного двумерного слабо сингулярного  


интегрального уравнения первого рода","\it Е.Ф.\,Аюпова $($Мифтахова$)$",Не найдено,09-8-2000.tex
"Решение основной краевой задачи для  


$B$-бигармонического уравнения методом потенциалов","\it М.Ю.\,Денисова",Не найдено,09-8-2001.tex
"Спектральный анализ сингулярных несамосопряженных дифференциальных


операторов с особенностью внутри интервала","\it В.А.\,Юрко",Не найдено,09-8-2002.tex
"Метод Фурье в задаче Коши для 


уравнения четвертого порядка на стратифицированных множествах","\it Е.М.\,Богатов, О.М.\,Пенкин",Не найдено,09-8-2003.tex
"Принцип инвариантности для сумм \\ независимых 


случайных величин с замещениями\\ и модели финансового рынка","\it З.A.\,Еникеева",Не найдено,09-8-2005.tex
"Принцип инвариантности для сумм \\ независимых 


случайных величин с замещениями\\ и модели финансового рынка","\it З.A.\,Еникеева",Не найдено,09-8.TEX
Геометрия грассманова расслоения. I,"\it Н.К.\,Фарафонова",Не найдено,09-9-1997.tex
"Явный метод второго порядка точности для решения


жестких систем обыкновенных дифференциальных уравнений","\it В.И.\,Лебедев, А.А.\,Медовиков",Не найдено,09-9-1998.tex
"Продолжения тензорных полей и связностей\\ 


в расслоения Вейля","\it А.Я.\,Султанов",Не найдено,09-9-1999.tex
"Об отсутствии устойчивости интерполирования\\ 


по собственным функциям задачи Штурма-Лиувилля ","\it А.Ю.\,Трынин ",Не найдено,09-9-2000.tex
"О проблеме выводимости тождеств 


в конечных кольцах","\it В.Ю.\,Попов",Не найдено,09-9-2001.tex
"О слабой секвенциальной полноте факторпространств


пространства интегрируемых операторов","\it Г.Ш.\,Скворцова ",Не найдено,09-9-2002.tex
"Пространства с нормой графика \\ и усиленные пространства


Соболева. II","\it М.Р.\,Тимербаев",Не найдено,09-9-2003.tex
"К задаче П.Я.\,Полубариновой-Кочиной\\ об опорожнении бассейна","\it Л.Д.\,Эскин",Не найдено,09-9-2004.tex
Многоточечная краевая задача\\ со знакорегулярной функцией Грина,"\it А.Л.\,Тептин",Не найдено,09-9-2005.tex
Многоточечная краевая задача\\ со знакорегулярной функцией Грина,"\it А.Л.\,Тептин",Не найдено,09-9.TEX
Не найдено,Не найдено,Не найдено,1-1.tex
Не найдено,Не найдено,Не найдено,1-10.tex
Не найдено,Не найдено,Не найдено,1-11.tex
Не найдено,Не найдено,Не найдено,1-12.tex
Не найдено,Не найдено,Не найдено,1-2.tex
Не найдено,Не найдено,Не найдено,1-3.tex
Не найдено,Не найдено,Не найдено,1-4.tex
Не найдено,Не найдено,Не найдено,1-5.tex
Не найдено,Не найдено,Не найдено,1-6.tex
Не найдено,Не найдено,Не найдено,1-7.tex
Не найдено,Не найдено,Не найдено,1-8.tex
Не найдено,Не найдено,Не найдено,1-9.tex
Не найдено,Не найдено,Не найдено,1.tex
"Решение нелинейных уравнений \\


в аналитических полиалгебрах. I","\it С.С.\,Титов",Не найдено,10-01-2000.tex
"Решение нелинейных уравнений \\


в аналитических полиалгебрах. I","\it С.С.\,Титов",Не найдено,10-01.TEX
"Об оценке резольвенты дифференциального оператора второго 


порядка с нерегулярными граничными условиями","\it Ю.Т.\,Сильченко",Не найдено,10-02-2000.tex
"Об оценке резольвенты дифференциального оператора второго 


порядка с нерегулярными граничными условиями","\it Ю.Т.\,Сильченко",Не найдено,10-02.TEX
"Вырожденные сильно непрерывные


группы операторов","\it В.Е.\,Федоров",Не найдено,10-03-2000.tex
"Вырожденные сильно непрерывные


группы операторов","\it В.Е.\,Федоров",Не найдено,10-03.TEX
$p$-операция в алгебре Цассенхауза,"\it С.А.\,Тюрин",Не найдено,10-1-1998.tex
"Исследование сходимости разностной схемы \\


для трехмерных уравнений динамики вязкой жидкости","\it Е.М.\,Федотов",Не найдено,10-1-1999.tex
"Идемпотентные полугруппы с транзитивным отношением


коммутативности","\it B.H.\,Салий",Не найдено,10-1-2002.tex
"Приближенное решение задачи оптимального управления 


для сингулярного уравнения эллиптического типа 


с негладкой нелинейностью","\it С.Я.\,Серовайский",Не найдено,10-1-2004.tex
"Приближенное решение задачи оптимального управления 


для сингулярного уравнения эллиптического типа 


с негладкой нелинейностью","\it С.Я.\,Серовайский",Не найдено,10-1.TEX
"Об уравнениях динамики неньютоновской жидкости,\\


движущейся с проскальзыванием относительно ложа","\it С.Л.\,Тонконог",Не найдено,10-10-1997.tex
"О сходимости конечномерных аппроксимаций\\ 


регуляризованных решений в теории нелинейных задач","\it В.П.\,Танана",Не найдено,10-10-1998.tex
"Оценка снизу приближений на полуоси целых функций  


дробно-рациональными специального вида","\it П.А.\,Шулиманов",Не найдено,10-10-1999.tex
О разрезании многомерного параллелепипеда\\ на параллелепипеды,"\it В.Г.\,Покровский",Не найдено,10-10-2001.tex
"О смешанных задачах в полуполосе\\


для уравнения эллиптического типа","\it Е.А.\,Широкова",Не найдено,10-10-2003.tex
"О смешанных задачах в полуполосе\\


для уравнения эллиптического типа","\it Е.А.\,Широкова",Не найдено,10-10.TEX
"Метод верхних и нижних решений для уравнений\\ 


эллиптического типа с разрывными нелинейностями","\it В.Н.\,Павленко, О.В.\,Ульянова",Не найдено,10-11-1998.tex
Единицы циклических групп порядков 7 и 9,"\it Р.Ж.\,Алеев, Г.А.\,Панина",Не найдено,10-11-1999.tex
"Задача Гурса для одного трехмерного уравнения\\ со старшей 


производной","\it В.И.\,Жегалов, Е.А.\,Уткина",Не найдено,10-11-2001.tex
Внутренняя геометрия нормализованного\\ конформного пространства,"\it А.В.\,Столяров",Не найдено,10-11-2002.tex
"Многоточечные инварианты групп преобразований\\ и определяемые ими


три-ткани","\it Г.А.\,Толстихина, А.М.\,Шелехов",Не найдено,10-11-2003.tex
"О разрешимости и свойствах решений бесконечных


систем Винера--Хопфа со степенно-разностными индекcами","\it О.Н.\,Яковлева",Не найдено,10-11-2005.tex
"О разрешимости и свойствах решений бесконечных


систем Винера--Хопфа со степенно-разностными индекcами","\it О.Н.\,Яковлева",Не найдено,10-11.TEX
"О разбиении выпуклого политопа на симплексы\\


без новых вершин","\it В.Н.\,Шевченко",Не найдено,10-12-1997.tex
"Регуляризация принципа максимума \\ 


и методов улучшения в квадратичных задачах \\ 


оптимального управления","\it В.А.\,Срочко, С.Н.\,Душутина, Е.И.\,Пудалова",Не найдено,10-12-1998.tex
"О сходимости алгоритма глобального поиска  в задаче


выпуклой максимизации на допустимом множестве","\it А.С.\,Стрекаловский, А.А.\,Кузнецова",Не найдено,10-12-1999.tex
"Метод итеративной регуляризации второго порядка\\ для


выпуклых задач условной минимизации","\it И.П.\,Рязанцева",Не найдено,10-12-2000.tex
"О типах $(3n-2)$-нецелочисленных вершин многогранника трехиндексной


аксиальной задачи выбора","\it М.К.\,Кравцов, В.М.\,Кравцов, Е.В.\,Лукшин",Не найдено,10-12-2002.tex
"О типах $(3n-2)$-нецелочисленных вершин многогранника трехиндексной


аксиальной задачи выбора","\it М.К.\,Кравцов, В.М.\,Кравцов, Е.В.\,Лукшин",Не найдено,10-12.TEX
О сильно регулярных модулях и кольцах,"\it И.И.\,Сахаев, Х.И.\,Хакми",Не найдено,10-2-1998.tex
"О свертках, индуцированных автоморфизмами линейной 


структуры алгебры","\it В.Г.\,Чернов",Не найдено,10-2-2001.tex
"О разложении аналитических функций в ряды\\ по последовательным


производным","\it С.Н.\,Мелихов, Е.В.\,Текнечян",Не найдено,10-2-2003.tex
Редуцированные многообразия полугрупп,"\it Л.М.\,Мартынов",Не найдено,10-2-2004.tex
"Многопараметрическое семейство решений интегрального


уравнения Вольтерра с особенностью в банаховом пространстве","\it И.В.\,Сапронов",Не найдено,10-2-2005.tex
"Многопараметрическое семейство решений интегрального


уравнения Вольтерра с особенностью в банаховом пространстве","\it И.В.\,Сапронов",Не найдено,10-2.TEX
"Минимизация функционала полной энергии \\


для мягкой оболочки","\it Р.Р.\,Шагидуллин",Не найдено,10-3-1998.tex
"Исследование устойчивости решений


дифференциальных уравнений, допускающих транзитивную группу симметрии","\it И.В.\,Широков",Не найдено,10-3-1999.tex
"Линейные связности\\ на распределениях  


конформного пространства","\it А.В.\,Столяров",Не найдено,10-3-2001.tex
"Об интегральном уравнении, описывающем ориентационные


фазовые переходы в модели Парсонса для системы осесимметричных частиц","\it Л.Д.\,Эскин",Не найдено,10-3-2002.tex
"Существование собственных значений  


спектральной задачи теории диэлектрических волноводов","\it Е.М.\,Карчевский, С.И.\,Соловьев",Не найдено,10-3-2003.tex
"О логарифмических оценках скорости сходимости 


методов решения обратной задачи Коши в банаховом пространстве","\it М.Ю.\,Кокурин, В.В.\,Ключев",Не найдено,10-3-2004.tex
"Асимптотические свойства конечномерных\\ условных распределений 


сферически-симметричных\\ мер на локально выпуклом пространстве","\it Е.А.\,Савинов",Не найдено,10-3-2005.tex
"Асимптотические свойства конечномерных\\ условных распределений 


сферически-симметричных\\ мер на локально выпуклом пространстве","\it Е.А.\,Савинов",Не найдено,10-3.TEX
"Формулы типа Клостермана для тернарных\\


квадратичных форм вида $x^2_1+4x^2_2+4^{k+1","\it Б.Т.\,Ташпулатов",Не найдено,10-4-1998.tex
"Об обобщении формулы Колмогорова\\ на 


суммы зависимых векторов","\it М.Д.\,Юдин",Не найдено,10-4-1999.tex
"О минимизации квадратичных функционалов\\


с ограничениями в виде равенств","\it С.А.\,Гусаренко",Не найдено,10-4-2000.tex
Кривизны Риччи многообразий типа Калуцы--Клейна,"\it О.В.\,Хышова, Е.И.\,Яковлев",Не найдено,10-4-2001.tex
О совпадении двух линейно-инвариантных\\ семейств функций,"\it В.В.\,Старков, З.Ю.\,Якубовский",Не найдено,10-4-2002.tex
"Об ограниченных на прямой решениях


линейных уравнений соболевского типа с относительно


секториальными операторами","\it В.Е.\,Федоров, М.А.\,Сагадеева",Не найдено,10-4-2005.tex
"Об ограниченных на прямой решениях


линейных уравнений соболевского типа с относительно


секториальными операторами","\it В.Е.\,Федоров, М.А.\,Сагадеева",Не найдено,10-4.TEX
"МЕТОД РИМАНА ДЛЯ ТРЕХМЕРНОГО ГИПЕРБОЛИЧЕСКОГО\\


УРАВНЕНИЯ ТРЕТЬЕГО ПОРЯДКА","\it В.А.\,Севастьянов",Не найдено,10-5-1997.tex
"Знакочувствительные аппроксимации\\


ограниченных функций полиномами","\it А.-Р.\,К.\,Рамазанов",Не найдено,10-5-1998.tex
"Оценки погрешности проекционного метода\\


для абстрактного квазилинейного\\


гиперболического уравнения","\it С.Е.\,Железовский, Н.Н.\,Букесова",Не найдено,10-5-1999.tex
"О структуре алгебр сингулярных интегральных операторов со сдвигом


в весовых пространствах и вычисление индекса семейств","\it Г.Ю.\,Виноградова, К.А.\,Георгиев, В.М.\,Деундяк",Не найдено,10-5-2000.tex
Геометрия однородных $\Phi$-пространств порядка 5,"\it Ю.Д.\,Чурбанов",Не найдено,10-5-2002.tex
"О минимальном числе ортогональных связей,


устраняющих собственные колебания\\ с определенными частотами","\it Г.Г.\,Исламов",Не найдено,10-5-2003.tex
"Строение полных радиантных многообразий,\\ моделируемых модулями над


алгебрами Вейля","\it Л.Б.\,Смолякова",Не найдено,10-5-2004.tex
"Строение полных радиантных многообразий,\\ моделируемых модулями над


алгебрами Вейля","\it Л.Б.\,Смолякова",Не найдено,10-5.TEX
"О геометрии касательного расслоения \\


над многообразием с псевдосвязностью \\


и антикватернионных $f$-структурах","\it И.Г.\,Шандра",Не найдено,10-6-1998.tex
О преобразовании Дарбу $N$-го порядка,"\it Б.Ф.\,Самсонов",Не найдено,10-6-1999.tex
"Достаточные условия устойчивости по части переменных


линейных стохастических систем\\ с последействием","\it Р.И.\,Кадиев",Не найдено,10-6-2000.tex
"Структура резольвенты системы уравнений восстановления


с разностным ядром","\it З.Б.\,Цалюк",Не найдено,10-6-2001.tex
"Ненулевые периодические решения неавтономной


системы обыкновенных дифференциальных уравнений","\it М.Т.\,Тер\""ехин",Не найдено,10-6-2002.tex
Классификация типа Бэра измеримых и стандартных функций,"\it И.В.\,Шрагин",Не найдено,10-6-2004.tex
Классификация типа Бэра измеримых и стандартных функций,"\it И.В.\,Шрагин",Не найдено,10-6.TEX
"ПОСТРОЕНИЕ ИНТЕГРАЛЬНОГО ПРЕДСТАВЛЕНИЯ \\ 


РЕШЕНИЯ УРАВНЕНИЙ РАВНОВЕСИЯ РАЗЛИЧНЫХ ВАРИАНТОВ \\ 


ТЕОРИИ ОБОЛОЧЕК СЛОЖНОЙ ГЕОМЕТРИИ","\it И.Н.\,СИДОРОВ",Не найдено,10-7-1997.tex
" О гиперполосах, находящихся в соответствии\\ 


Петерсона в аффинном пространстве","\it А.В.\,Чакмазян",Не найдено,10-7-1998.tex
"Универсальная версия обобщенных интегральных\\


ограничений в классе конечно-аддитивных мер, I","\it А.Г.\,Ченцов",Не найдено,10-7-1999.tex
"Непрерывные функционалы и мультипликаторы степенных рядов одного 


класса аналитических в поликруге функций","\it Р.Ф.\,Шамоян",Не найдено,10-7-2000.tex
"Восстановление функции с конечным числом\\ разрывов 1 рода


по зашумленным данным","\it Т.В.\,Антонова",Не найдено,10-7-2001.tex
"Классы $L_{p,r","\it А.П.\,Чеголин",Не найдено,10-7-2002.tex
"О косимплектических гиперповерхностях 6-мерных келеровых


подмногообразий алгебры Кэли","\it М.Б.\,Банару",Не найдено,10-7-2003.tex
"Оператор преобразования Радона целых функций\\ многих 


комплексных переменных","\it Д.Е.\,Ломакин",Не найдено,10-7-2005.tex
"Оператор преобразования Радона целых функций\\ многих 


комплексных переменных","\it Д.Е.\,Ломакин",Не найдено,10-7.TEX
"Каноническое описание и обращение операторов \\


в дискретном пространстве. I","\it М.Ш.\,Якупов",Не найдено,10-8-1997.tex
Уравнение Онзагера как уравнение Ляпунова--Шмидта,"\it Л.Д.\,Эскин",Не найдено,10-8-1998.tex
"Периодические решения системы Р\""е{","\it М.Т.\,Тер\""ехин, Т.Л.\,Панфилова",Не найдено,10-8-1999.tex
"Исследование решения задачи Коши для одного


сингулярно возмущенного дифференциального уравнения","\it С.П.\,Зубова",Не найдено,10-8-2000.tex
"Об аффинных связностях на распределении\\ 


гиперплоскостных элементов в $A_{n+1","\it Э.Д.\,Алшибая",Не найдено,10-8-2002.tex
Квазитождества в модулярных решетках многообразий полугрупп,"\it Б.М.\,Верников",Не найдено,10-8-2003.tex
"О необходимых условиях медленной сходимости


класса методов решения обратной задачи Коши\\


в банаховом пространстве","\it В.В.\,Ключев",Не найдено,10-8-2005.tex
"О необходимых условиях медленной сходимости


класса методов решения обратной задачи Коши\\


в банаховом пространстве","\it В.В.\,Ключев",Не найдено,10-8.TEX
Преобразование Бианки $n$-поверхностей в $E^{2n-1,"\it М.А.\,Чешкова",Не найдено,10-9-1997.tex
"О минимальных подмногообразиях постоянной\\ 


кривизны в евклидовом пространстве","\it Л.А.\,Масальцев",Не найдено,10-9-1998.tex
Обобщенные внешние алгебры и их приложения,"\it М.П.\,Бурлаков",Не найдено,10-9-1999.tex
"Свед\'ение решения внутренней обратной краевой задачи


к интегральному уравнению в случае угловых точек на искомом и


на известном контурах","\it Е.А.\,Широкова",Не найдено,10-9-2000.tex
"Параметризация простых разветвляющихся решений


полного ранга и итерации в нелинейном анализе","\it Н.А.\,Сидоров",Не найдено,10-9-2001.tex
"О некоторых сингулярных задачах дифракции 


с общей границей","\it Э.Д.\,Хусаинова",Не найдено,10-9-2002.tex
"О точности приближенных симметрий уравнений динамики  


неньютоновской жидкости и их инвариантных решениях. II","\it С.Л.\,Тонконог, Л.Д.\,Эскин",Не найдено,10-9-2003.tex
"Применение идеалов Никольского к исследованию разрешимости 


бисингулярных интегральных операторов","\it В.М.\,Деундяк",Не найдено,10-9-2004.tex
"Применение идеалов Никольского к исследованию разрешимости 


бисингулярных интегральных операторов","\it В.М.\,Деундяк",Не найдено,10-9.TEX
"Предельные распределения для ветвящихся процессов


с иммиграцией","\it А.В.\,Шипилева",Не найдено,11-01-2000.tex
"Предельные распределения для ветвящихся процессов


с иммиграцией","\it А.В.\,Шипилева",Не найдено,11-01.TEX
"Универсальная версия обобщенных интегральных\\


ограничений в классе конечно-аддитивных мер, II","\it А.Г.\,Ченцов",Не найдено,11-02-2000.tex
"Универсальная версия обобщенных интегральных\\


ограничений в классе конечно-аддитивных мер, II","\it А.Г.\,Ченцов",Не найдено,11-02.TEX
"К вопросу об итерационной реализации неупреждающих многозначных


отображений","\it А.Г.\,Ченцов",Не найдено,11-03-2000.tex
"К вопросу об итерационной реализации неупреждающих многозначных


отображений","\it А.Г.\,Ченцов",Не найдено,11-03.TEX
"Полиномиальные разложения $k$-значных функций \\


по операторам дифференцирования и нормализации","\it В.И.\,Пантелеев",Не найдено,11-1-1998.tex
О формуле Карлемана для матричного шара,"\it С.\,Косбергенов",Не найдено,11-1-1999.tex
"О непрерывности метрической $\delta$-проекции на 


выпуклое множество в специальном метрическом


пространстве","\it Е.Н.\,Сосов",Не найдено,11-1-2002.tex
"Метод полной квадратичной аппроксимации\\ в


задачаx оптимального управления","\it В.А.\,Срочко, С.Н.\,Ушакова",Не найдено,11-1-2004.tex
"Метод полной квадратичной аппроксимации\\ в


задачаx оптимального управления","\it В.А.\,Срочко, С.Н.\,Ушакова",Не найдено,11-1.TEX
"О спектральных свойствах \\


относительно конечномерных возмущений\\


самосопряженных операторов","\it Е.Л.\,Ульянова",Не найдено,11-10-1997.tex
"Интегрируемые динамические системы,\\ 


связанные с разностными операторами высших порядков","\it В.А.\,Юрко",Не найдено,11-10-1998.tex
"Об интегральном уравнении, описывающем ориентационные  


фазовые переходы в модели Парсонса","\it Л.Д.\,Эскин",Не найдено,11-10-1999.tex
"К теории аналога задачи Неймана\\ для  


уравнений смешанного типа","\it К.Б.\,Сабитов, А.А.\,Акимов",Не найдено,11-10-2001.tex
"К теории аналога задачи Неймана\\ для  


уравнений смешанного типа","\it К.Б.\,Сабитов, А.А.\,Акимов",Не найдено,11-10.TEX
Об одной теореме Островского,"\it А.И.\,Перов",Не найдено,11-11-1998.tex
"Об индексе и гомотопической классификации\\


семейств сингулярных операторов с


диэдральной\\ группой сдвигов и $PC$-коэффициентами","\it Г.Ю.\,Виноградова, В.М.\,Деундяк",Не найдено,11-11-2002.tex
"Аффинные преобразования многообразий с  


линейной связностью и автоморфизмы линейных  


алгебр","\it А.Я.\,Султанов",Не найдено,11-11-2003.tex
"Линейные связности, 


индуцируемые полным оснащением гиперповерхности 


конформного пространства","\it Т.Н.\,Андреева",Не найдено,11-11-2005.tex
"Линейные связности, 


индуцируемые полным оснащением гиперповерхности 


конформного пространства","\it Т.Н.\,Андреева",Не найдено,11-11.TEX
"Метод игольчатой линеаризации в задачах\\ 


оптимального управления с функциональными ограничениями","\it Е.В.\,Аксенюшкина",Не найдено,11-12-1998.tex
"Вариационный принцип максимума в управляемых


системах одномерных гиперболических уравнений","\it В.А.\,Терлецкий ",Не найдено,11-12-1999.tex
"Методы нелокального улучшения допустимых управлений


в линейных задачах с запаздыванием","\it В.А.\,Срочко, Е.И.\,Пудалова",Не найдено,11-12-2000.tex
"Методы нелокального улучшения допустимых управлений


в линейных задачах с запаздыванием","\it В.А.\,Срочко, Е.И.\,Пудалова",Не найдено,11-12.TEX
"Формула Коши и интеграл типа Коши для одного\\ 


класса обобщенных аналитических функций","\it Ю.И.\,Соловьев",Не найдено,11-2-1998.tex
Функция Бесселя на конечном поле,"\it С.П.\,Хэкало",Не найдено,11-2-2001.tex
"О мультипликативных свойствах произведений Бляшке\\ 


в некоторых классах голоморфных в круге функций","\it Р.Ф.\,Шамоян",Не найдено,11-2-2003.tex
"О пределе симметрической разности  \\


интеграла типа Коши","\it А.Ю.\,Погодина",Не найдено,11-2-2004.tex
"О пределе симметрической разности  \\


интеграла типа Коши","\it А.Ю.\,Погодина",Не найдено,11-2.TEX
"Оценки элементов обратных матриц\\


для некоторых классов\\


линейных ограниченных операторов","\it Т.В.\,Азарнова",Не найдено,11-3-1998.tex
"Каноническое описание и обращение операторов\\ 


в дискретном пространстве. II","\it М.Ш.\,Якупов",Не найдено,11-3-1999.tex
"Резные гиперповерхности\\


в евклидовом пространстве","\it М.А.\,Чешкова",Не найдено,11-3-2001.tex
"О наилучшей оценке погрешности метода усредняющих ядер в задаче


дифференцирования зашумленной функции","\it Г.Г.\,Скорик",Не найдено,11-3-2004.tex
К методу подобных операторов в банаховых алгебрах,"\it Н.Б.\,Ускова",Не найдено,11-3-2005.tex
К методу подобных операторов в банаховых алгебрах,"\it Н.Б.\,Ускова",Не найдено,11-3.TEX
"Уточненные оценки погрешности метода\\


Бубнова--Галеркина для связанной задачи\\


термоупругости пластин","\it С.Е.\,Железовский",Не найдено,11-4-1998.tex
"О векторных мерах со значениями\\ в  


пространствах Банаха-Канторовича","\it И.Г.\,Ганиев ",Не найдено,11-4-1999.tex
"Асимптотика решений одной системы\\


разностных уравнений","\it И.Л.\,Ойнас, З.Б.\,Цалюк",Не найдено,11-4-2000.tex
"O единственности решения обратных задач


интерполяции для классов операторов","\it Л.В.\,Веселова, О.Е.\,Тихонов",Не найдено,11-4-2001.tex
Аналог задачи Франкля для уравнения второго рода,"\it Р.С.\,Хайруллин ",Не найдено,11-4-2002.tex
Аналог задачи Франкля для уравнения второго рода,"\it Р.С.\,Хайруллин ",Не найдено,11-4.TEX
"О топологиях на полугруппах и группах,\\ 


определяемых семействами отклонений и норм","\it Хамза Бужуф, В.В.\,Мухин",Не найдено,11-5-1997.tex
"О тригонометрических рядах с монотонными\\


коэффициентами в пространствах Лоренца","\it Б.В.\,Симонов",Не найдено,11-5-1998.tex
"Интерполяция в классе пространств Бесова и Лизоркина--Трибеля.


Предельный случай $p_0=\infty$","\it В.Л.\,Крепкогорский",Не найдено,11-5-2000.tex
"Об аналогах слабой сходимости в специальном метрическом


пространстве","\it Е.Н.\,Сосов",Не найдено,11-5-2004.tex
"Об аналогах слабой сходимости в специальном метрическом


пространстве","\it Е.Н.\,Сосов",Не найдено,11-5.TEX
"Деривационные уравнения грассманианов\\


второго порядка","\it А.\,Шибяк",Не найдено,11-6-1998.tex
" Окрестности функций, выпуклых относительно 


симметричных точек","\it В.П.\,Сижук",Не найдено,11-6-1999.tex
"О внутренних радиусах\\


симметричных неналегающих областей","\it Л.В.\,Ковалев",Не найдено,11-6-2000.tex
"Линейные алгебро-дифференциальные системы\\


с переменным отклонением аргумента","\it А.А.\,Щеглова",Не найдено,11-6-2002.tex
"Линейные алгебро-дифференциальные системы\\


с переменным отклонением аргумента","\it А.А.\,Щеглова",Не найдено,11-6.TEX
" О критических теориях групп\\ 


и моноидов целочисленных матриц","\it Ю.М.\,Важенин, Ю.В.\,Нагребецкая",Не найдено,11-7-1998.tex
"Локально-компактные группы с полубрауэровой решеткой 


замкнутых подгрупп","\it Е.Н.\,Яковенко",Не найдено,11-7-1999.tex
"Алгебраические условия согласования двух метрических форм с общей


почти комплексной (кватернионной) структурой на многообразии","\it А.В.\,Аминова, С.В.\,Зуев, Д.А.\,Калинин",Не найдено,11-7-2000.tex
"Скомпонованные распределения


проективного пространства","\it С.Ю.\,Волкова",Не найдено,11-7-2001.tex
Об алгебро-дифференциальных системах\\ с отклоняющимся аргументом,"\it А.А.\,Щеглова",Не найдено,11-7-2002.tex
"Линейная система интегро-дифференциальных\\ уравнений с 


запаздыванием","\it Г.В.\,Завизион",Не найдено,11-7-2003.tex
"Линейная система интегро-дифференциальных\\ уравнений с 


запаздыванием","\it Г.В.\,Завизион",Не найдено,11-7.TEX
"К обратной задаче для интегралов \\


Кристоффеля--Шварца","\it Л.А.\,Аксентьев, Г.Г.\,Бильченко",Не найдено,11-8-1997.tex
" Подмногообразия с полупараллельными \\ 


фундаментальными формами высшего порядка \\


как огибающие","\it В.А.\,Мирзоян",Не найдено,11-8-1998.tex
"Неравенства для компонентов суммируемых функций\\


и их представления по элементам\\ системы сжатий и сдвигов","\it П.А.\,Терехин",Не найдено,11-8-1999.tex
"Построение оценок погрешности линеаризации систем\\


конечно-разностных уравнений","\it Е.В.\,Афиногентова, В.Н.\,Щенников",Не найдено,11-8-2002.tex
"Изучение спектральных характеристик одномерного оператора 


Шредингера с потенциалом,\\ содержащим $\delta$ и $\delta'$ взаимодействия","\it Р.И.\,КАДИЕВ (мл.)",Не найдено,11-8-2003.tex
"Изучение спектральных характеристик одномерного оператора 


Шредингера с потенциалом,\\ содержащим $\delta$ и $\delta'$ взаимодействия","\it Р.И.\,КАДИЕВ (мл.)",Не найдено,11-8.TEX
"Секционные кривизны многообразий\\ 


типа Калуцы-Клейна","\it Е.И.\,Яковлев",Не найдено,11-9-1997.tex
"О классе три-тканей типа $W(4,4,2)$\\ 


с постоянными компонентами основного тензора",\it Нгуен Зоан Туан,Не найдено,11-9-1998.tex
"Первые интегралы уравнений геодезических \\ 


$H$-пространств типа $[411]$","\it З.Х.\,Закирова",Не найдено,11-9-1999.tex
"Поворотно-конформные преобразования\\ в  


плоскости Лобачевского","\it С.Г.\,Лейко, А.В.\,Винник",Не найдено,11-9-2000.tex
"Исследование разрешимости вариационных задач 


нелинейной теории тонких оболочек","\it С.Н.\,Тимергалиев",Не найдено,11-9-2001.tex
"Почти контактные многообразия, снабженные $B$-метрикой, и 


интегрируемость","\it Х.\,Хоптериев, Е.\,Павлов",Не найдено,11-9-2003.tex
"Почти контактные многообразия, снабженные $B$-метрикой, и 


интегрируемость","\it Х.\,Хоптериев, Е.\,Павлов",Не найдено,11-9.TEX
"О некоторых признаках квазинильпотентности


функциональных операторов","\it В.И.\,Сумин, А.В.\,Чернов",Не найдено,12-02-2000.tex
"О некоторых признаках квазинильпотентности


функциональных операторов","\it В.И.\,Сумин, А.В.\,Чернов",Не найдено,12-02.TEX
"Об асимптотической оптимальности\\


проекционных методов","\it Ф.К.\,Ахмадишина",Не найдено,12-03-2000.tex
"Об асимптотической оптимальности\\


проекционных методов","\it Ф.К.\,Ахмадишина",Не найдено,12-03.TEX
"Теоремы вложения для анизотропных классов\\ 


дифференцируемых функций","\it Е.С.\,Панасенко",Не найдено,12-1-1999.tex
"Интерполяция пространств Бесова.\\


Нормы, заданные с помощью модуля непрерывности","\it В.Л.\,Крепкогорский",Не найдено,12-1-2002.tex
"Интерполяция пространств Бесова.\\


Нормы, заданные с помощью модуля непрерывности","\it В.Л.\,Крепкогорский",Не найдено,12-1.TEX
К одной проблеме Пирси и Шилдса,"\it Н.Б.\,Ускова",Не найдено,12-10-1997.tex
Об одном псевдопараболическом уравнении\\ третьего порядка,"\it В.И.\,Жегалов, Е.А.\,Уткина",Не найдено,12-10-1999.tex
Об одном псевдопараболическом уравнении\\ третьего порядка,"\it В.И.\,Жегалов, Е.А.\,Уткина",Не найдено,12-10.TEX
"О модификации проекционной схемы \\


решения некорректных задач","\it С.Г.\,Солодкий",Не найдено,12-11-1998.tex
Семейства $V^2_{2n-1,"\it Т.Б.\,Жогова",Не найдено,12-11-2002.tex
О строении полных многообразий над алгебрами Вейля,"\it В.В.\,Шурыгин",Не найдено,12-11-2003.tex
"Решение одной краевой задачи с условиями 


сопряжения методом теории линейных интегральных уравнений","\it Ф.Г.\,Мухлисов, Э.Д.\,Хусаинова",Не найдено,12-11-2005.tex
"Решение одной краевой задачи с условиями 


сопряжения методом теории линейных интегральных уравнений","\it Ф.Г.\,Мухлисов, Э.Д.\,Хусаинова",Не найдено,12-11.TEX
О числе $\size{14,"\it М.К.\,Кравцов, В.М.\,Кравцов, Е.В.\,Лукшин",Не найдено,12-12-2000.tex
О числе $\size{14,"\it М.К.\,Кравцов, В.М.\,Кравцов, Е.В.\,Лукшин",Не найдено,12-12.TEX
Классификация торов в алгебре Цассенхауза,"\it С.А.\,Тюрин",Не найдено,12-2-1998.tex
Классификация торов в алгебре Цассенхауза,"\it С.А.\,Тюрин",Не найдено,12-2.TEX
"Многомерные центрированные волны \\


квазилинейных систем","\fbox{\it Н.Х.\,Хайруллин",Не найдено,12-3-1998.tex
"К теореме регулярности \\


для линейно-инвариантных семейств функций\\ в поликруге","\it Я.\,Годуля, В.В.\,Старков",Не найдено,12-3-1999.tex
"Теорема об общих соотношениях


для тензора второго ранга в четырехмерном


римановом пространстве","\it И.П.\,Денисова",Не найдено,12-3-2001.tex
О булевых базисах второго яруса,"\it И.К.\,Шаранхаев",Не найдено,12-3-2004.tex
О булевых базисах второго яруса,"\it И.К.\,Шаранхаев",Не найдено,12-3.TEX
"Однолистная разрешимость одной\\


обратной смешанной краевой задачи","\it Р.Б.\,Салимов, Е.В.\,Насырова, П.Л.\,Шабалин",Не найдено,12-4-1998.tex
Гиперконечная аппроксимация преобразования Фурье,"\it М.Ю.\,Здоровенко",Не найдено,12-4-1999.tex
Устойчивая разрешимость монотонных\\ и аккретивных операторов,"\it Э.В.\,Плехова",Не найдено,12-4-2000.tex
"Локальная теорема о двух радиусах\\ для $\cal M$-гармонических 


функций","\it Вит.\,В.\,Волчков",Не найдено,12-4-2001.tex
"Получение классов данных для корректной постановки\\


обратной краевой задачи путем перепараметризации","\it Е.А.\,Широкова",Не найдено,12-4-2002.tex
"Получение классов данных для корректной постановки\\


обратной краевой задачи путем перепараметризации","\it Е.А.\,Широкова",Не найдено,12-4.TEX
"О КОМПЛЕКСАХ ДВУМЕРНЫХ ПЛОСКОСТЕЙ В ПРОЕКТИВНОМ\\


ПРОСТРАНСТВЕ С ОДНОЙ КРИТИЧЕСКОЙ ПРЯМОЙ","\it С.А.\,ЛАКТИОНОВ",Не найдено,12-5-1997.tex
О максимальном члене производной ряда Дирихле,"\it M.Н.\,Шеремета",Не найдено,12-5-1998.tex
"О прямых методах решения одного класса\\


интегральных уравнений первого рода","\it А.В.\,Ожегова",Не найдено,12-5-2000.tex
"О прямых методах решения одного класса\\


интегральных уравнений первого рода","\it А.В.\,Ожегова",Не найдено,12-5.TEX
"К геометрии центральной проекции


$\size{14","\it М.А.\,Чешкова",Не найдено,12-6-1998.tex
"К задачам приемлемости приближенных\\ 


решений дифференциальных уравнений","\it В.Н.\,Скимель",Не найдено,12-6-1999.tex
"Асимптотика решений уравнений\\


Вольтерра--Гаммерштейна","\it З.Б.\,Цалюк, С.С.\,Чистоклетова",Не найдено,12-6-2002.tex
"Асимптотика решений уравнений\\


Вольтерра--Гаммерштейна","\it З.Б.\,Цалюк, С.С.\,Чистоклетова",Не найдено,12-6.TEX
"О ПОСТРОЕНИИ ФУНКЦИИ РИМАНА\\


ДЛЯ ОДНОГО УРАВНЕНИЯ В


{$\size{14","\it А.Н.\,Миронов",Не найдено,12-7-1999.tex
О комплексе базовых форм слоения,"\it Т.И.\,Гайсин",Не найдено,12-7-2000.tex
Проективное и коррелятивное изгибание семейств $L^m_{2n-1,"\it Т.Б.\,Жогова",Не найдено,12-7-2001.tex
"Структура множества Парето некоторых векторных задач  


составления расписаний","\it А.Б.\,Зинченко",Не найдено,12-7-2002.tex
"Сингулярно возмущенные линейные интегро-дифференциальные


уравнения с начальными скачками любого порядка","\it К.А.\,Касымов, М.К.\,Дауылбаев",Не найдено,12-7-2003.tex
"Сингулярно возмущенные линейные интегро-дифференциальные


уравнения с начальными скачками любого порядка","\it К.А.\,Касымов, М.К.\,Дауылбаев",Не найдено,12-7.TEX
"Свойства классов бордизмов оснащенных\\


подмногообразий фредгольмовой структуры","\it Н.М.\,Ратинер",Не найдено,12-8-1997.tex
О двойственности в пространствах\\ полигармонических функций,"\it А.А.\,Шлапунов",Не найдено,12-8-2002.tex
"Квадратурные методы решения сингулярного интегрального 


уравнения Теодорсена","\it И.К.\,Рахимов",Не найдено,12-8-2003.tex
"Квадратурные методы решения сингулярного интегрального 


уравнения Теодорсена","\it И.К.\,Рахимов",Не найдено,12-8.TEX
"К вопросу разрешимости физически нелинейной задачи 


теории пологих оболочек при конечных перемещениях","\it И.Г.\,Терегулов, С.Н.\,Тимергалиев",Не найдено,12-9-1998.tex
"О некоторых классах относительных\\ почти эрмитовых 


многообразий","\it В.И.\,Макеев",Не найдено,12-9-1999.tex
"По поводу теоремы Шапиро и Шилдса о нулях  


аналитических функций ограниченного роста","\it С.В.\,Шведенко",Не найдено,12-9-2001.tex
"Задача на cобcтвенные значения для уравнения 


cмешанного типа c двумя линиями вырождения","\it Н.В.\,Чиганова",Не найдено,12-9-2003.tex
"Задача на cобcтвенные значения для уравнения 


cмешанного типа c двумя линиями вырождения","\it Н.В.\,Чиганова",Не найдено,12-9.TEX
"Полугруппы эндоморфизмоф слабых


$\size{14","\it А.В.\,Молчанов",Не найдено,13-03-2000.tex
"Полугруппы эндоморфизмоф слабых


$\size{14","\it А.В.\,Молчанов",Не найдено,13-03.TEX
"О задаче Коши для многомерного разностного уравнения


с постоянными коэффициентами","\it Д.Е.\,Лейнартас",Не найдено,13-1-2002.tex
"О задаче Коши для многомерного разностного уравнения


с постоянными коэффициентами","\it Д.Е.\,Лейнартас",Не найдено,13-1.TEX
"Обращение некоторых потенциалов Рисса 


с осциллирующими характеристиками  


в неэллиптическом случае","\it В.А.\,Ногин, К.С.\,Шевченко",Не найдено,13-10-1999.tex
"Обращение некоторых потенциалов Рисса 


с осциллирующими характеристиками  


в неэллиптическом случае","\it В.А.\,Ногин, К.С.\,Шевченко",Не найдено,13-10.TEX
Критерий изоморфности \\ некоммутативных алгебр Аренса,"\it Р.З.\,Абдуллаев",Не найдено,13-11-1998.tex
"$L_p\to L_q$-оценки для некоторых операторов типа потенциала


с осциллирующими символами и их приложение","\it П.А.\,Лужецкая, В.А.\,Ногин",Не найдено,13-11-2002.tex
"$L_p\to L_q$-оценки для некоторых операторов типа потенциала


с осциллирующими символами и их приложение","\it П.А.\,Лужецкая, В.А.\,Ногин",Не найдено,13-11.TEX
"Максимум модуля и максимальный член\\ 


одного класса рядов Дирихле","\it М.Н.\,Шеремета, Я.Я.\,Притула",Не найдено,13-2-1998.tex
"Максимум модуля и максимальный член\\ 


одного класса рядов Дирихле","\it М.Н.\,Шеремета, Я.Я.\,Притула",Не найдено,13-2.TEX
"О двухточечной задаче для уравнения второго порядка 


в частных производных с постоянными коэффициентами","\it А.Б.\,Михайлов",Не найдено,13-3-1999.tex
"Горизонтальные лифты тензорных полей\\


на сечения тензорного расслоения","\it А.\,Магден, А.А.\,Салимов",Не найдено,13-3-2001.tex
"Горизонтальные лифты тензорных полей\\


на сечения тензорного расслоения","\it А.\,Магден, А.А.\,Салимов",Не найдено,13-3.TEX
Приближение функций в метрике $L_2$ с весом Якоби,"\it Т.Ю.\,Куликова",Не найдено,13-4-1999.tex
"О представлении резольвенты


интегральных уравнений Перрона--Стилтьеса


при помощи рядов","\it Д.Л.\,Федоров",Не найдено,13-4-2000.tex
"К приближенному решению краевой задачи дифракции волн


на областях с бесконечной границей","\it Е.К.\,Липач\""ев",Не найдено,13-4-2001.tex
"О некоторых решениях задачи о распаде разрыва\\ в динамике  


неньютоновской жидкости","\it Л.Д.\,Эскин",Не найдено,13-4-2002.tex
"О некоторых решениях задачи о распаде разрыва\\ в динамике  


неньютоновской жидкости","\it Л.Д.\,Эскин",Не найдено,13-4.TEX
"Итеративные перестановки функций\\


и пространства Лоренца","\it А.А.\,Яценко",Не найдено,13-5-1998.tex
"Интегрируемая $\pi$-структура с симметричной  


второй ковариантной производной аффинора ","\it Г.Н.\,Тимофеев",Не найдено,13-5-2000.tex
"Интегрируемая $\pi$-структура с симметричной  


второй ковариантной производной аффинора ","\it Г.Н.\,Тимофеев",Не найдено,13-5.TEX
"Об аппроксимативных свойствах множеств \\


в специальных метрических пространствах","\it Е.Н.\,Сосов",Не найдено,13-6-1999.tex
"Об аппроксимативных свойствах множеств \\


в специальных метрических пространствах","\it Е.Н.\,Сосов",Не найдено,13-6.TEX
"Вероятностное представление решения  


гиперболического уравнения массопереноса\\


с конвективным членом","\it А.Ф.\,Крючков, В.А.\,Сиренек",Не найдено,13-7-2000.tex
Феноменологическая симметрия\\ и функциональные уравнения ,"\it Г.Г.\,Михайличенко, В.М.\,Малышев",Не найдено,13-7-2001.tex
"Об эквациональных теориях классов  


неассоциативных колец","\it В.Ю.\,Попов",Не найдено,13-7-2003.tex
"Об эквациональных теориях классов  


неассоциативных колец","\it В.Ю.\,Попов",Не найдено,13-7.TEX
"Теория кривых в биаффинно-флаговом  


пространстве гиперболического типа","\it Л.Н.\,Ромакина",Не найдено,13-9-1999.tex
"Слабо сингулярные интегральные уравнения I рода \\


в пространствах Зигмунда","\it Е.Ф.\,Аюпова",Не найдено,13-9-2003.tex
"Слабо сингулярные интегральные уравнения I рода \\


в пространствах Зигмунда","\it Е.Ф.\,Аюпова",Не найдено,13-9.TEX
Дискретно-непрерывная система уравнений свертки,"\it Ю.И.\,Черский",Не найдено,14-10-1999.tex
Дискретно-непрерывная система уравнений свертки,"\it Ю.И.\,Черский",Не найдено,14-10.TEX
"Полугруппы, все нециклические подполугруппы \\


которых являются идеалами","\it В.В.\,Бутаков, Л.М.\,Мартынов",Не найдено,14-11-1998.tex
"Асимптотические оценки линейных функционалов\\ для ограниченных  


функций,\\ не принимающих нулевого значения","\it С.В.\,Романова",Не найдено,14-11-2002.tex
"Асимптотические оценки линейных функционалов\\ для ограниченных  


функций,\\ не принимающих нулевого значения","\it С.В.\,Романова",Не найдено,14-11.TEX
О керн-функции Бергмана в кватернионном анализе,"\it Н.Л.\,Василевский, М.В.\,Шапиро",Не найдено,14-2-1998.tex
О керн-функции Бергмана в кватернионном анализе,"\it Н.Л.\,Василевский, М.В.\,Шапиро",Не найдено,14-2.TEX
"О вычислении определителей усеченных одномерных 


континуальных сверток с рациональными символами","\it Ю.В.\,Лазарев, А.В.\,Марченко, И.Б.\,Симоненко",Не найдено,14-4-1999.tex
О многомерных интерполяционных многочленах,"\it А.А.\,Назипов",Не найдено,14-4-2001.tex
О многомерных интерполяционных многочленах,"\it А.А.\,Назипов",Не найдено,14-4.TEX
"О приближении функций класса $C(\varepsilon)$\\


средними подпоследовательностей сумм Фурье","\it А.И.\,Сюсюкалов",Не найдено,14-5-1998.tex
"О приближении функций класса $C(\varepsilon)$\\


средними подпоследовательностей сумм Фурье","\it А.И.\,Сюсюкалов",Не найдено,14-5.TEX
"Индивидуальная эргодическая теорема для сжатий \\ 


в решетке $L_p(\wh\nabla,\wh\mu)$ Банаха--Канторовича","\it В.И.\,Чилин, И.Г.\,Ганиев",Не найдено,14-7-2000.tex
Об аналитических циклах на комплексных торах,"\it М.Г.\,Танкеева",Не найдено,14-7-2001.tex
Об аналитических циклах на комплексных торах,"\it М.Г.\,Танкеева",Не найдено,14-7.TEX
Не найдено,Не найдено,Не найдено,15-2--1.tex
Не найдено,Не найдено,Не найдено,15-2.TEX
"Об одном методе получения экспоненциальной \\


оценки решения уравнения Вольтерра","\it Ю.Н.\,Смолин",Не найдено,15-4-1999.tex
"Метод регуляризирующего множителя


для решения однородной задачи Гильберта


с бесконечным  индексом","\it Р.Б.\,Салимов, П.Л.\,Шабалин",Не найдено,15-4-2001.tex
"Метод регуляризирующего множителя


для решения однородной задачи Гильберта


с бесконечным  индексом","\it Р.Б.\,Салимов, П.Л.\,Шабалин",Не найдено,15-4.TEX
"Принцип инвариантности для независимых наблюдений 


банаховозначного случайного процесса","\it A.Н.\,Чупрунов",Не найдено,16-4-1999.tex
"Принцип инвариантности для независимых наблюдений 


банаховозначного случайного процесса","\it A.Н.\,Чупрунов",Не найдено,16-4.TEX
Не найдено,Не найдено,Не найдено,2-1.tex
Не найдено,Не найдено,Не найдено,2-10.tex
Не найдено,Не найдено,Не найдено,2-11.tex
Не найдено,Не найдено,Не найдено,2-12.tex
Не найдено,Не найдено,Не найдено,2-13.tex
Не найдено,Не найдено,Не найдено,2-14.tex
Не найдено,Не найдено,Не найдено,2-15.tex
Не найдено,Не найдено,Не найдено,2-2.tex
Не найдено,Не найдено,Не найдено,2-3.tex
Не найдено,Не найдено,Не найдено,2-4.tex
Не найдено,Не найдено,Не найдено,2-5.tex
Не найдено,Не найдено,Не найдено,2-6.tex
Не найдено,Не найдено,Не найдено,2-7.tex
Не найдено,Не найдено,Не найдено,2-8.tex
Не найдено,Не найдено,Не найдено,2-9.tex
Не найдено,Не найдено,Не найдено,2023_07_04_19cbe15223814fae6e02g.tex
$A$ ,Не найдено,Не найдено,2023_07_04_3c89d5897861fcf908d9g.tex
Не найдено,Не найдено,Не найдено,2023_07_04_8c2071f0e90d30411755g.tex
Не найдено,Не найдено,Не найдено,2023_07_05_bf5caaa1fad96d8cd211g.tex
Не найдено,Не найдено,Не найдено,2023_07_06_cfb3eca20f1a642ad87bg.tex
Не найдено,Не найдено,Не найдено,2023_07_06_ede66653e2113fb75592g.tex
Не найдено,Не найдено,Не найдено,2023_07_08_000e4ad5c4cf5a05c147g.tex
Не найдено,Не найдено,Не найдено,2023_07_08_00174e0a881627619a62g.tex
Не найдено,Не найдено,Не найдено,2023_07_08_003f12f2eef64d49565bg.tex
Не найдено,Не найдено,Не найдено,2023_07_08_006fca24314be11ebddag.tex
Не найдено,Не найдено,Не найдено,2023_07_08_00765b81ebb70ab4c32fg.tex
Не найдено,Не найдено,Не найдено,2023_07_08_00790bbe57040cbd6cc6g.tex
Не найдено,Не найдено,Не найдено,2023_07_08_00ba2d3b1a4494a836b1g.tex
Не найдено,Не найдено,Не найдено,2023_07_08_00bc21c41091e002558eg.tex
Не найдено,Не найдено,Не найдено,2023_07_08_00c239856b065e04467cg.tex
Не найдено,Не найдено,Не найдено,2023_07_08_00c5c71da02a60cfdda6g.tex
Не найдено,Не найдено,Не найдено,2023_07_08_00f4bb1bd88b79274d49g.tex
Не найдено,Не найдено,Не найдено,2023_07_08_0102621d56d5f417bd2dg.tex
Не найдено,Не найдено,Не найдено,2023_07_08_01094689ea256ae8d258g.tex
Не найдено,Не найдено,Не найдено,2023_07_08_010ab03be2be31d1e4e0g.tex
Не найдено,Не найдено,Не найдено,2023_07_08_0126adc358d5d2d73066g.tex
Не найдено,Не найдено,Не найдено,2023_07_08_01389104490d4482f2c1g.tex
Не найдено,Не найдено,Не найдено,2023_07_08_013b4cd52f0882d236cag.tex
Не найдено,Не найдено,Не найдено,2023_07_08_0149d7108abcb9f51765g.tex
Не найдено,Не найдено,Не найдено,2023_07_08_017728c4857ce785e36eg.tex
Не найдено,Не найдено,Не найдено,2023_07_08_017ae1c738ceb6b87350g.tex
Не найдено,Не найдено,Не найдено,2023_07_08_017ae1c738ceb6b87350g_1.tex
Не найдено,Не найдено,Не найдено,2023_07_08_017ae1c738ceb6b87350g_2.tex
Не найдено,Не найдено,Не найдено,2023_07_08_01a6c92b7048dab12080g.tex
Не найдено,Не найдено,Не найдено,2023_07_08_01a82cd865ed19680657g.tex
Не найдено,Не найдено,Не найдено,2023_07_08_01b1435b9207de3045cbg.tex
Не найдено,Не найдено,Не найдено,2023_07_08_01dae070b49346d18bf9g.tex
Не найдено,Не найдено,Не найдено,2023_07_08_01dfd6b43a01acd4af7eg.tex
Не найдено,Не найдено,Не найдено,2023_07_08_01e9ed365d26d3de7406g.tex
Не найдено,Не найдено,Не найдено,2023_07_08_01f118c1daaf5bbf209dg.tex
Не найдено,Не найдено,Не найдено,2023_07_08_01f8b11f26ba944f5422g.tex
Не найдено,Не найдено,Не найдено,2023_07_08_021c921e066f0bf9c25bg.tex
Не найдено,Не найдено,Не найдено,2023_07_08_0243441cfa13aaa74c7bg.tex
Не найдено,Не найдено,Не найдено,2023_07_08_02779a02005cab39a828g.tex
Не найдено,Не найдено,Не найдено,2023_07_08_028fa0f01a616cbafd53g.tex
Не найдено,Не найдено,Не найдено,2023_07_08_029d4f5ceba03b46fc74g.tex
Не найдено,Не найдено,Не найдено,2023_07_08_02b7cae94f36f3805f5eg.tex
Не найдено,Не найдено,Не найдено,2023_07_08_02c6e7044685228b6997g.tex
$\mathbf{P,Не найдено,Не найдено,2023_07_08_02c94e7e2ad0ecdf7d14g.tex
Не найдено,Не найдено,Не найдено,2023_07_08_02cac97ecdda4d6a1053g.tex
Не найдено,Не найдено,Не найдено,2023_07_08_02df50eac85f398dbd9fg.tex
Не найдено,Не найдено,Не найдено,2023_07_08_02eb020e66a67914ab81g.tex
Не найдено,Не найдено,Не найдено,2023_07_08_02f43217537694ac0dd7g.tex
Не найдено,Не найдено,Не найдено,2023_07_08_030d1781b7b07ef83168g.tex
Не найдено,Не найдено,Не найдено,2023_07_08_03115d7e122fd3af925ag.tex
Не найдено,Не найдено,Не найдено,2023_07_08_032aab8cc9234b10f2f3g.tex
Не найдено,Не найдено,Не найдено,2023_07_08_033c1d45354399fe222ag.tex
Не найдено,Не найдено,Не найдено,2023_07_08_033c1d45354399fe222ag_1.tex
Не найдено,Не найдено,Не найдено,2023_07_08_033e813dce797089eb37g.tex
Не найдено,Не найдено,Не найдено,2023_07_08_0347bdef9e55b73cd985g.tex
Не найдено,Не найдено,Не найдено,2023_07_08_0349ed644f02abd4214eg.tex
Не найдено,Не найдено,Не найдено,2023_07_08_034af11cff3ed74bdbbdg.tex
Не найдено,Не найдено,Не найдено,2023_07_08_03828e259a1f02b331eag.tex
Не найдено,Не найдено,Не найдено,2023_07_08_03940acd8fc0e168f46dg.tex
Не найдено,Не найдено,Не найдено,2023_07_08_03a05784d71d9615a2c1g.tex
Не найдено,Не найдено,Не найдено,2023_07_08_03bd64d5deffda0b642fg.tex
Не найдено,Не найдено,Не найдено,2023_07_08_03bdab1628906c0a4655g.tex
Не найдено,Не найдено,Не найдено,2023_07_08_03c77ac97730545cf64fg.tex
Не найдено,Не найдено,Не найдено,2023_07_08_03c78c978b878429e02ag.tex
Не найдено,Не найдено,Не найдено,2023_07_08_03e408dea99a3350e3b1g.tex
Не найдено,Не найдено,Не найдено,2023_07_08_0409a24bc32bb63c6ca0g.tex
Не найдено,Не найдено,Не найдено,2023_07_08_0429d72fada70b6cdb5eg.tex
Не найдено,Не найдено,Не найдено,2023_07_08_0432b84b24919fe08f5dg.tex
Не найдено,Не найдено,Не найдено,2023_07_08_0440c62cfab4afe7afafg.tex
Не найдено,Не найдено,Не найдено,2023_07_08_04a4a0d78075a17624b3g.tex
Не найдено,Не найдено,Не найдено,2023_07_08_04c83483a64c686f14f2g.tex
Не найдено,Не найдено,Не найдено,2023_07_08_04e6096d4b9701346c5bg.tex
Не найдено,Не найдено,Не найдено,2023_07_08_04ecd27d5022c0fddc41g.tex
Не найдено,Не найдено,Не найдено,2023_07_08_051e71248cec93c6309ag.tex
Не найдено,Не найдено,Не найдено,2023_07_08_052a42f7cc44fe60ec64g.tex
Не найдено,Не найдено,Не найдено,2023_07_08_052e3974bb48d364bff9g.tex
Не найдено,Не найдено,Не найдено,2023_07_08_0533f01300c763515b32g.tex
Не найдено,Не найдено,Не найдено,2023_07_08_05524e3a8204ea3a900bg.tex
Не найдено,Не найдено,Не найдено,2023_07_08_0562b72a63742f0650e0g.tex
Не найдено,Не найдено,Не найдено,2023_07_08_0568422a87a42f64992bg.tex
Не найдено,Не найдено,Не найдено,2023_07_08_0577701e8d7fa9b6422fg.tex
Не найдено,Не найдено,Не найдено,2023_07_08_0577701e8d7fa9b6422fg_1.tex
Не найдено,Не найдено,Не найдено,2023_07_08_0577701e8d7fa9b6422fg_2.tex
Не найдено,Не найдено,Не найдено,2023_07_08_0586c2e4b41bbeeacddcg.tex
Не найдено,Не найдено,Не найдено,2023_07_08_05ab28736b8ec23f98d2g.tex
Не найдено,Не найдено,Не найдено,2023_07_08_05c7ff6727389e14d430g.tex
Не найдено,Не найдено,Не найдено,2023_07_08_05c7ff6727389e14d430g_1.tex
Не найдено,Не найдено,Не найдено,2023_07_08_05c7ff6727389e14d430g_2.tex
Не найдено,Не найдено,Не найдено,2023_07_08_05dbce3ea0be00a08e9bg.tex
Не найдено,Не найдено,Не найдено,2023_07_08_05e5e52e702aca12f2ccg.tex
Не найдено,Не найдено,Не найдено,2023_07_08_05fc8204f1eafce4d8d8g.tex
Не найдено,Не найдено,Не найдено,2023_07_08_060f91378b587bab23bdg.tex
Не найдено,Не найдено,Не найдено,2023_07_08_0618f303cd9cd26f828fg.tex
Не найдено,Не найдено,Не найдено,2023_07_08_06378267963a31361817g.tex
Не найдено,Не найдено,Не найдено,2023_07_08_0645d441cb0ba7ebe7b3g.tex
Не найдено,Не найдено,Не найдено,2023_07_08_06500fe41d5f3e2c6c5dg.tex
Не найдено,Не найдено,Не найдено,2023_07_08_06558ca6ec31071c3e4cg.tex
Не найдено,Не найдено,Не найдено,2023_07_08_0658c9a1918a5e35268fg.tex
Не найдено,Не найдено,Не найдено,2023_07_08_0658c9a1918a5e35268fg_1.tex
Не найдено,Не найдено,Не найдено,2023_07_08_0658c9a1918a5e35268fg_2.tex
Не найдено,Не найдено,Не найдено,2023_07_08_067a3a5ab83355832625g.tex
Не найдено,Не найдено,Не найдено,2023_07_08_067def080c0d25824fcdg.tex
Не найдено,Не найдено,Не найдено,2023_07_08_068c4126d2db14cb7056g.tex
Не найдено,Не найдено,Не найдено,2023_07_08_06a022e61b70b53d1af9g.tex
Не найдено,Не найдено,Не найдено,2023_07_08_06aa7c002ac720643169g.tex
Не найдено,Не найдено,Не найдено,2023_07_08_06ac7b5a985ff02fcf8bg.tex
Не найдено,Не найдено,Не найдено,2023_07_08_06bdfa768d3eb8d11217g.tex
Не найдено,Не найдено,Не найдено,2023_07_08_06cf1f614906da9f0986g.tex
Не найдено,Не найдено,Не найдено,2023_07_08_06d496771da5e958a422g.tex
Не найдено,Не найдено,Не найдено,2023_07_08_06f6a52823e9da97ececg.tex
Не найдено,Не найдено,Не найдено,2023_07_08_06fa308583d64103847dg.tex
Не найдено,Не найдено,Не найдено,2023_07_08_071bdbe9b378b9d680a6g.tex
Не найдено,Не найдено,Не найдено,2023_07_08_0724c08799e777ba47beg.tex
Не найдено,Не найдено,Не найдено,2023_07_08_0762e45271746ab10b4ag.tex
Не найдено,Не найдено,Не найдено,2023_07_08_076e7013b6c6728f0eebg.tex
Не найдено,Не найдено,Не найдено,2023_07_08_07769bde6cd0d5041e93g.tex
Не найдено,Не найдено,Не найдено,2023_07_08_07984df0f89e0a4c10dag.tex
Не найдено,Не найдено,Не найдено,2023_07_08_079855624924aae39da0g.tex
Не найдено,Не найдено,Не найдено,2023_07_08_07a35def52656cbdb5d5g.tex
Не найдено,Не найдено,Не найдено,2023_07_08_07a4280031c9c39f0c3eg.tex
Не найдено,Не найдено,Не найдено,2023_07_08_08129f7e2037ba97fd49g.tex
Не найдено,Не найдено,Не найдено,2023_07_08_083b10ca270713e093f5g.tex
Не найдено,Не найдено,Не найдено,2023_07_08_083b10ca270713e093f5g_1.tex
Не найдено,Не найдено,Не найдено,2023_07_08_083b10ca270713e093f5g_2.tex
Не найдено,Не найдено,Не найдено,2023_07_08_083fb2b2106dab89a035g.tex
Не найдено,Не найдено,Не найдено,2023_07_08_085fd8c49dc417878d03g.tex
Не найдено,Не найдено,Не найдено,2023_07_08_0867627e38b73850ddf0g.tex
Не найдено,Не найдено,Не найдено,2023_07_08_087826fd307d45662d90g.tex
Не найдено,Не найдено,Не найдено,2023_07_08_0895ec1e8559a5f872c9g.tex
Не найдено,Не найдено,Не найдено,2023_07_08_08a4a1059f3e28133680g.tex
Не найдено,Не найдено,Не найдено,2023_07_08_08d27f264e6f0b01b632g.tex
Не найдено,Не найдено,Не найдено,2023_07_08_090272fb00e093dfa604g.tex
Не найдено,Не найдено,Не найдено,2023_07_08_094732c784c81a96e322g.tex
Не найдено,Не найдено,Не найдено,2023_07_08_094d0cac7d7de66e49c6g.tex
Не найдено,Не найдено,Не найдено,2023_07_08_096586bfe08362cd3dfeg.tex
Не найдено,Не найдено,Не найдено,2023_07_08_096942cfb05483569499g.tex
Не найдено,Не найдено,Не найдено,2023_07_08_096ad26294a41502e419g.tex
Не найдено,Не найдено,Не найдено,2023_07_08_098eb8115e9caf8409b5g.tex
Не найдено,Не найдено,Не найдено,2023_07_08_09dff3a42c4f8adbe4a6g.tex
Не найдено,Не найдено,Не найдено,2023_07_08_09ec8d55716ed6e580e1g.tex
Не найдено,Не найдено,Не найдено,2023_07_08_0a0b355fb60b93371ddbg.tex
Не найдено,Не найдено,Не найдено,2023_07_08_0a2c4cf65781347da8d2g.tex
Не найдено,Не найдено,Не найдено,2023_07_08_0a303e0252921e551af5g.tex
Не найдено,Не найдено,Не найдено,2023_07_08_0a37ea9f47e33844a42dg.tex
Не найдено,Не найдено,Не найдено,2023_07_08_0a7e2c25b86b50fdacc7g.tex
Не найдено,Не найдено,Не найдено,2023_07_08_0a8ccd72265402e64416g.tex
Не найдено,Не найдено,Не найдено,2023_07_08_0aa93afa3af2eac020e4g.tex
Не найдено,Не найдено,Не найдено,2023_07_08_0aca7899f5c301619a3dg.tex
Не найдено,Не найдено,Не найдено,2023_07_08_0af6a5f744b043f6c71cg.tex
Не найдено,Не найдено,Не найдено,2023_07_08_0b1feef7bc15774b95dag.tex
Не найдено,Не найдено,Не найдено,2023_07_08_0b4a690a7ccb4d039dfcg.tex
Не найдено,Не найдено,Не найдено,2023_07_08_0b595b4f0ff7fe495afcg.tex
Не найдено,Не найдено,Не найдено,2023_07_08_0bc407e1e379c0662a15g.tex
Не найдено,Не найдено,Не найдено,2023_07_08_0bc501b6b92a1608faccg.tex
Не найдено,Не найдено,Не найдено,2023_07_08_0bd0bfcd8ad3b5ce479dg.tex
Не найдено,Не найдено,Не найдено,2023_07_08_0be43c3fd58bc5a0f6f9g.tex
Не найдено,Не найдено,Не найдено,2023_07_08_0c0299ad06b9518e8489g.tex
Не найдено,Не найдено,Не найдено,2023_07_08_0c0979ecdd64162b21abg.tex
Не найдено,Не найдено,Не найдено,2023_07_08_0c21f9d4e362dac89781g.tex
Не найдено,Не найдено,Не найдено,2023_07_08_0c5869998655d1685a88g.tex
Не найдено,Не найдено,Не найдено,2023_07_08_0c5fc831b338d118b916g.tex
Не найдено,Не найдено,Не найдено,2023_07_08_0c750b3a34c799d0650dg.tex
Не найдено,Не найдено,Не найдено,2023_07_08_0c87d7dd30138b2340e3g.tex
Не найдено,Не найдено,Не найдено,2023_07_08_0c8bd719536a02d0c068g.tex
Не найдено,Не найдено,Не найдено,2023_07_08_0c97878d1a446b99b2bbg.tex
Не найдено,Не найдено,Не найдено,2023_07_08_0cbd524915a57808454ag.tex
Не найдено,Не найдено,Не найдено,2023_07_08_0d083ca5f529cb58ccf5g.tex
Не найдено,Не найдено,Не найдено,2023_07_08_0d2943b43ffb34416ca8g.tex
Не найдено,Не найдено,Не найдено,2023_07_08_0d548e7cb7f0d460b2a9g.tex
Не найдено,Не найдено,Не найдено,2023_07_08_0d633492b1c1951c4dd2g.tex
Не найдено,Не найдено,Не найдено,2023_07_08_0d6b709752fe19313482g.tex
Не найдено,Не найдено,Не найдено,2023_07_08_0d769cf186e1ac9cf51dg.tex
Не найдено,Не найдено,Не найдено,2023_07_08_0d80e756f767ae070a21g.tex
Не найдено,Не найдено,Не найдено,2023_07_08_0d886f8e795abe1a025cg.tex
Не найдено,Не найдено,Не найдено,2023_07_08_0d928662913f006cbda4g.tex
Не найдено,Не найдено,Не найдено,2023_07_08_0d9ce8480dbca23e765ag.tex
Не найдено,Не найдено,Не найдено,2023_07_08_0db6859f2ca1dfeb24f0g.tex
Не найдено,Не найдено,Не найдено,2023_07_08_0dc3dae997dce85c91cfg.tex
Не найдено,Не найдено,Не найдено,2023_07_08_0df0b5463f5924d6f9d3g.tex
Не найдено,Не найдено,Не найдено,2023_07_08_0dfe4dd16c8e163c6ae4g.tex
Не найдено,Не найдено,Не найдено,2023_07_08_0e0d9af9460d4e05fa4bg.tex
Не найдено,Не найдено,Не найдено,2023_07_08_0e1f56b7424a1e926fd7g.tex
Не найдено,Не найдено,Не найдено,2023_07_08_0e2ae5a60879f6c100d5g.tex
Не найдено,Не найдено,Не найдено,2023_07_08_0e2d4ada37ebca6dd281g.tex
Не найдено,Не найдено,Не найдено,2023_07_08_0e559a7cd8699b6f4ebcg.tex
Не найдено,Не найдено,Не найдено,2023_07_08_0e56ee5314a8efe017fbg.tex
Не найдено,Не найдено,Не найдено,2023_07_08_0e745bd7180768a6b873g.tex
Не найдено,Не найдено,Не найдено,2023_07_08_0e79371adb56ed38769bg.tex
Не найдено,Не найдено,Не найдено,2023_07_08_0e90702dc367966e5e7bg.tex
Не найдено,Не найдено,Не найдено,2023_07_08_0ea79bc11850f8a3ba5eg.tex
Не найдено,Не найдено,Не найдено,2023_07_08_0eb26f2d79b67368dcbfg.tex
Не найдено,Не найдено,Не найдено,2023_07_08_0ec80b29ecf7af82db43g.tex
Не найдено,Не найдено,Не найдено,2023_07_08_0ecf78ed0b254828e459g.tex
Не найдено,Не найдено,Не найдено,2023_07_08_0ee55ce3606b31fdcd5fg.tex
Не найдено,Не найдено,Не найдено,2023_07_08_0eeb50db019eaaab98beg.tex
Не найдено,Не найдено,Не найдено,2023_07_08_0eee85302cbe9f0b525ag.tex
Не найдено,Не найдено,Не найдено,2023_07_08_0eee85302cbe9f0b525ag_1.tex
Не найдено,Не найдено,Не найдено,2023_07_08_0f209629e92a0708b14cg.tex
Не найдено,Не найдено,Не найдено,2023_07_08_0f2d166bcff1616710d4g.tex
Не найдено,Не найдено,Не найдено,2023_07_08_0f431efaf978df6d07bcg.tex
Не найдено,Не найдено,Не найдено,2023_07_08_0f6ecb19befe70f3dbdcg.tex
Не найдено,Не найдено,Не найдено,2023_07_08_0f7c066b0e5594e78a3dg.tex
Не найдено,Не найдено,Не найдено,2023_07_08_0fc73dbfbc68075ae8e7g.tex
Не найдено,Не найдено,Не найдено,2023_07_08_0ff667152e243974ab9eg.tex
Не найдено,Не найдено,Не найдено,2023_07_08_0ffd58a51ab3d40f3c04g.tex
Не найдено,Не найдено,Не найдено,2023_07_08_10059a5f21620fa95603g.tex
Не найдено,Не найдено,Не найдено,2023_07_08_1006186ac74459b08a68g.tex
Не найдено,Не найдено,Не найдено,2023_07_08_100df2f421a1433daf55g.tex
Не найдено,Не найдено,Не найдено,2023_07_08_101f64d7b809f2d078deg.tex
Не найдено,Не найдено,Не найдено,2023_07_08_1021c09c310512cf943bg.tex
Не найдено,Не найдено,Не найдено,2023_07_08_1021c09c310512cf943bg_1.tex
Не найдено,Не найдено,Не найдено,2023_07_08_1021c09c310512cf943bg_2.tex
Не найдено,Не найдено,Не найдено,2023_07_08_1046543cc117c154835ag.tex
Не найдено,Не найдено,Не найдено,2023_07_08_1046543cc117c154835ag_1.tex
Не найдено,Не найдено,Не найдено,2023_07_08_1046543cc117c154835ag_2.tex
Не найдено,Не найдено,Не найдено,2023_07_08_1064c328688be59e8eb0g.tex
Не найдено,Не найдено,Не найдено,2023_07_08_1081f7cf9850ac8104e3g.tex
Не найдено,Не найдено,Не найдено,2023_07_08_1090c0443016e8e9a752g.tex
Не найдено,Не найдено,Не найдено,2023_07_08_10c45a2f388c504976acg.tex
Не найдено,Не найдено,Не найдено,2023_07_08_10dc20baf9282d0adc21g.tex
Не найдено,Не найдено,Не найдено,2023_07_08_10e02ff953883c615f8ag.tex
Не найдено,Не найдено,Не найдено,2023_07_08_10e39225020f969d17c8g.tex
Не найдено,Не найдено,Не найдено,2023_07_08_10e6d8b84375cc889d3fg.tex
Не найдено,Не найдено,Не найдено,2023_07_08_10e944bcb0598e50708bg.tex
Не найдено,Не найдено,Не найдено,2023_07_08_10ec9824323fbc11991cg.tex
Не найдено,Не найдено,Не найдено,2023_07_08_1118fdf27a43cbd36bb0g.tex
Не найдено,Не найдено,Не найдено,2023_07_08_11340a7edef9fbc457cag.tex
Не найдено,Не найдено,Не найдено,2023_07_08_1146cd902c47e339fcf6g.tex
Не найдено,Не найдено,Не найдено,2023_07_08_1156b16bb4e53413a2dfg.tex
Не найдено,Не найдено,Не найдено,2023_07_08_11575ca2e2e11a4754beg.tex
Не найдено,Не найдено,Не найдено,2023_07_08_1158743ef60f5b8fabe0g.tex
Не найдено,Не найдено,Не найдено,2023_07_08_116b877bbec65417f261g.tex
Не найдено,Не найдено,Не найдено,2023_07_08_118862785120ccab1c85g.tex
Не найдено,Не найдено,Не найдено,2023_07_08_118f7828d2ca0cda84a4g.tex
Не найдено,Не найдено,Не найдено,2023_07_08_11912f4cbfcdc2f5587eg.tex
672 ЭЙЛЕРА ,Не найдено,Не найдено,2023_07_08_119fd3e4432ef8f0fcd9g.tex
Не найдено,Не найдено,Не найдено,2023_07_08_11acf68733a777d6e09eg.tex
Не найдено,Не найдено,Не найдено,2023_07_08_11ad20061e27e3f96d2cg.tex
Не найдено,Не найдено,Не найдено,2023_07_08_11b9292c55f55847eec1g.tex
Не найдено,Не найдено,Не найдено,2023_07_08_120440a54b31eaf1a518g.tex
Не найдено,Не найдено,Не найдено,2023_07_08_121ad8ca33e6d466ad7dg.tex
Не найдено,Не найдено,Не найдено,2023_07_08_121ae0eceaaeb3baf285g.tex
Не найдено,Не найдено,Не найдено,2023_07_08_12552469845b30db8444g.tex
Не найдено,Не найдено,Не найдено,2023_07_08_12865b78eb1884d14217g.tex
Не найдено,Не найдено,Не найдено,2023_07_08_12a433a622c8263d0a5cg.tex
Не найдено,Не найдено,Не найдено,2023_07_08_12b23d66023984cc8d29g.tex
Не найдено,Не найдено,Не найдено,2023_07_08_12f05df86df6348ff4ebg.tex
Не найдено,Не найдено,Не найдено,2023_07_08_131579fd99b7bed764b1g.tex
Не найдено,Не найдено,Не найдено,2023_07_08_131fbcb2292a111f3ce0g.tex
Не найдено,Не найдено,Не найдено,2023_07_08_133b8faa7b3b748ea589g.tex
Не найдено,Не найдено,Не найдено,2023_07_08_1352e95740e67a13aa3fg.tex
Не найдено,Не найдено,Не найдено,2023_07_08_135a9d2bfc03fc1b0c01g.tex
Не найдено,Не найдено,Не найдено,2023_07_08_13779da42f3dce7f9e60g.tex
Не найдено,Не найдено,Не найдено,2023_07_08_1394201c17f8306f8916g.tex
Не найдено,Не найдено,Не найдено,2023_07_08_13b894cd23558a829adfg.tex
Не найдено,Не найдено,Не найдено,2023_07_08_13b9ad44b0b67bc6c6c9g.tex
Не найдено,Не найдено,Не найдено,2023_07_08_13bdd5a9f6d51ce398a8g.tex
Не найдено,Не найдено,Не найдено,2023_07_08_13c1dccc70387f00e09dg.tex
Не найдено,Не найдено,Не найдено,2023_07_08_13cae7ba2cac50a92f47g.tex
Не найдено,Не найдено,Не найдено,2023_07_08_13d9d8b7412a35c62588g.tex
Не найдено,Не найдено,Не найдено,2023_07_08_1407e923da54cfb57a7dg.tex
Не найдено,Не найдено,Не найдено,2023_07_08_1411e694d6cf7319bf4ag.tex
Не найдено,Не найдено,Не найдено,2023_07_08_1435a7e88dca32d0162eg.tex
Не найдено,Не найдено,Не найдено,2023_07_08_14388105e24a5d41fc42g.tex
Не найдено,Не найдено,Не найдено,2023_07_08_14735c1158833cee5187g.tex
Не найдено,Не найдено,Не найдено,2023_07_08_14a509932b5e016855deg.tex
Не найдено,Не найдено,Не найдено,2023_07_08_14ab0d2804d2ae606588g.tex
Не найдено,Не найдено,Не найдено,2023_07_08_14ac3b42b490743c9345g.tex
Не найдено,Не найдено,Не найдено,2023_07_08_14eb7a0c892158f6c2a4g.tex
Не найдено,Не найдено,Не найдено,2023_07_08_14f44fa41e5afe497081g.tex
Не найдено,Не найдено,Не найдено,2023_07_08_151178cdb4bf5730ae9dg.tex
Не найдено,Не найдено,Не найдено,2023_07_08_1516f36f7efa805aba39g.tex
Не найдено,Не найдено,Не найдено,2023_07_08_151ad59236367a1ab903g.tex
Не найдено,Не найдено,Не найдено,2023_07_08_15317efd2b0330fc0b41g.tex
Не найдено,Не найдено,Не найдено,2023_07_08_1534e082bcf81ecd0ff9g.tex
Не найдено,Не найдено,Не найдено,2023_07_08_159636f9a85e2180a765g.tex
Не найдено,Не найдено,Не найдено,2023_07_08_159e59b354e63154f415g.tex
Не найдено,Не найдено,Не найдено,2023_07_08_15a8fe3c0177301b095dg.tex
Не найдено,Не найдено,Не найдено,2023_07_08_15ceabacbba5c9fa22c5g.tex
Не найдено,Не найдено,Не найдено,2023_07_08_15d50d0416f068b35b8eg.tex
Не найдено,Не найдено,Не найдено,2023_07_08_15e5bfa67da0e53a65c5g.tex
Не найдено,Не найдено,Не найдено,2023_07_08_16345ca3c613250d2b33g.tex
Не найдено,Не найдено,Не найдено,2023_07_08_163600bdf8c825d2e537g.tex
Не найдено,Не найдено,Не найдено,2023_07_08_1662cb0a3d8b7be2640bg.tex
Не найдено,Не найдено,Не найдено,2023_07_08_16635e9c11a860d2ea4eg.tex
Не найдено,Не найдено,Не найдено,2023_07_08_16a0df1a923cb8206349g.tex
Не найдено,Не найдено,Не найдено,2023_07_08_16a601893f956d89f99ag.tex
Не найдено,Не найдено,Не найдено,2023_07_08_16c5faf31ec5caf220cfg.tex
Не найдено,Не найдено,Не найдено,2023_07_08_16c7cb65abfcc544ceedg.tex
Не найдено,Не найдено,Не найдено,2023_07_08_16c8fbd5875d0b27ebf8g.tex
Не найдено,Не найдено,Не найдено,2023_07_08_16f7e989b8fa7ebc7626g.tex
Не найдено,Не найдено,Не найдено,2023_07_08_16fc2e15950112013aaeg.tex
Не найдено,Не найдено,Не найдено,2023_07_08_1706bdadde151692aaa6g.tex
Не найдено,Не найдено,Не найдено,2023_07_08_171e15eb47c462b5cb6cg.tex
Не найдено,Не найдено,Не найдено,2023_07_08_173b595f29e04aa093c8g.tex
Не найдено,Не найдено,Не найдено,2023_07_08_17403467406203afb912g.tex
Не найдено,Не найдено,Не найдено,2023_07_08_175b12f1d4533cbf49b3g.tex
Не найдено,Не найдено,Не найдено,2023_07_08_17771e55a68ae6c389d3g.tex
Не найдено,Не найдено,Не найдено,2023_07_08_177d17f944b992675490g.tex
Не найдено,Не найдено,Не найдено,2023_07_08_1781c68318875bedfdc2g.tex
Не найдено,Не найдено,Не найдено,2023_07_08_1790d83f00cd0387017bg.tex
Не найдено,Не найдено,Не найдено,2023_07_08_179bcaacaacf99ee52f3g.tex
Не найдено,Не найдено,Не найдено,2023_07_08_17b2b508a625d43a397ag.tex
Не найдено,Не найдено,Не найдено,2023_07_08_17b362e88672f4d6caaag.tex
Не найдено,Не найдено,Не найдено,2023_07_08_17c9f591eda42741ac50g.tex
Не найдено,Не найдено,Не найдено,2023_07_08_17db0b3e40658f5b0ca4g.tex
Не найдено,Не найдено,Не найдено,2023_07_08_17e19e2da39e9cc6f709g.tex
Не найдено,Не найдено,Не найдено,2023_07_08_17f12ed3a40054c7e774g.tex
Не найдено,Не найдено,Не найдено,2023_07_08_17fb039f408c07a88d30g.tex
Не найдено,Не найдено,Не найдено,2023_07_08_17ff78fba1c33afff9fbg.tex
Не найдено,Не найдено,Не найдено,2023_07_08_1841a6686b69fbcab64fg.tex
Не найдено,Не найдено,Не найдено,2023_07_08_1841a6686b69fbcab64fg_1.tex
Не найдено,Не найдено,Не найдено,2023_07_08_1841a6686b69fbcab64fg_2.tex
Не найдено,Не найдено,Не найдено,2023_07_08_185fdbd9a41d754c33beg.tex
Не найдено,Не найдено,Не найдено,2023_07_08_1894875a660d7ce0e9a0g.tex
Не найдено,Не найдено,Не найдено,2023_07_08_189bb1cdf0f74457bc6cg.tex
Не найдено,Не найдено,Не найдено,2023_07_08_18c1f30ca0a10c2839d2g.tex
Не найдено,Не найдено,Не найдено,2023_07_08_18c26106bb018824bcabg.tex
Не найдено,Не найдено,Не найдено,2023_07_08_18ccc3a1a34fc073d691g.tex
62 БРАГИНСКОГО ,Не найдено,Не найдено,2023_07_08_18d9fc81d1dc5cf4d35dg.tex
Не найдено,Не найдено,Не найдено,2023_07_08_191fb8402750b30696fag.tex
Не найдено,Не найдено,Не найдено,2023_07_08_1952ecb23cee39996accg.tex
Не найдено,Не найдено,Не найдено,2023_07_08_1955d2598b83f154996ag.tex
Не найдено,Не найдено,Не найдено,2023_07_08_199120c132b7d1396951g.tex
Не найдено,Не найдено,Не найдено,2023_07_08_19a889ea0917349bcd60g.tex
Не найдено,Не найдено,Не найдено,2023_07_08_19e108880f999b8dce48g.tex
Не найдено,Не найдено,Не найдено,2023_07_08_19e8afa9c86f86fad85ag.tex
Не найдено,Не найдено,Не найдено,2023_07_08_19f2f31fa9cb4e93e807g.tex
Не найдено,Не найдено,Не найдено,2023_07_08_19fb560c8302e5ac03aeg.tex
Не найдено,Не найдено,Не найдено,2023_07_08_19ffe8158ef47cc5dbeag.tex
Не найдено,Не найдено,Не найдено,2023_07_08_1a0eaa537ef9cb0f9916g.tex
Не найдено,Не найдено,Не найдено,2023_07_08_1a1788c85e45ae316895g.tex
Не найдено,Не найдено,Не найдено,2023_07_08_1a34773ba1b0a05a08adg.tex
Не найдено,Не найдено,Не найдено,2023_07_08_1a452523baafb72ccccbg.tex
Не найдено,Не найдено,Не найдено,2023_07_08_1a4c4549c7dbd4667c6eg.tex
Не найдено,Не найдено,Не найдено,2023_07_08_1a58ab185e2e39653ac9g.tex
Не найдено,Не найдено,Не найдено,2023_07_08_1a5ffef57032107040a1g.tex
Не найдено,Не найдено,Не найдено,2023_07_08_1a7bdc8a79b8d2823a78g.tex
Не найдено,Не найдено,Не найдено,2023_07_08_1a8d2beaf128259b60fdg.tex
Не найдено,Не найдено,Не найдено,2023_07_08_1aa95f09f87a962cf27bg.tex
Не найдено,Не найдено,Не найдено,2023_07_08_1abe4894513b911e6c14g.tex
Не найдено,Не найдено,Не найдено,2023_07_08_1ad294dc85da60bc8fd8g.tex
Не найдено,Не найдено,Не найдено,2023_07_08_1ad67e36304c94f63b70g.tex
Не найдено,Не найдено,Не найдено,2023_07_08_1adf16cb9f7d6ba68d4dg.tex
Не найдено,Не найдено,Не найдено,2023_07_08_1ae629a075fe6baf6b99g.tex
Не найдено,Не найдено,Не найдено,2023_07_08_1aee8b2188e0aee05c2cg.tex
Не найдено,Не найдено,Не найдено,2023_07_08_1b0041fe878c1b9e413eg.tex
Не найдено,Не найдено,Не найдено,2023_07_08_1b013f2e8f262c106288g.tex
Не найдено,Не найдено,Не найдено,2023_07_08_1b0cc69c594d48a31546g.tex
Не найдено,Не найдено,Не найдено,2023_07_08_1b108ce34b59386e2bfcg.tex
Не найдено,Не найдено,Не найдено,2023_07_08_1b136daa1e98a3256d34g.tex
Не найдено,Не найдено,Не найдено,2023_07_08_1b19c3a269bb19f1210ag.tex
Не найдено,Не найдено,Не найдено,2023_07_08_1b2efc7d9cf66b64f2f3g.tex
Не найдено,Не найдено,Не найдено,2023_07_08_1b5fca22801f43be2874g.tex
Не найдено,Не найдено,Не найдено,2023_07_08_1b6913f3ee3a89881924g.tex
Не найдено,Не найдено,Не найдено,2023_07_08_1b79d9293851a879c73ag.tex
Не найдено,Не найдено,Не найдено,2023_07_08_1b87669a8f9c8ade08a8g.tex
Не найдено,Не найдено,Не найдено,2023_07_08_1b95966907d1ce058431g.tex
Не найдено,Не найдено,Не найдено,2023_07_08_1b9ffbb545f2a4496a8cg.tex
Не найдено,Не найдено,Не найдено,2023_07_08_1bee4994e83d04fef3d0g.tex
Не найдено,Не найдено,Не найдено,2023_07_08_1bf678b27a6742b381c8g.tex
Не найдено,Не найдено,Не найдено,2023_07_08_1bf69e365d0380636547g.tex
Не найдено,Не найдено,Не найдено,2023_07_08_1c3016c9f07f4da9fd85g.tex
Не найдено,Не найдено,Не найдено,2023_07_08_1c3f2327a9776eff122ag.tex
Не найдено,Не найдено,Не найдено,2023_07_08_1c4476f523ce5a5e5dd6g.tex
Не найдено,Не найдено,Не найдено,2023_07_08_1c4e109ff8c3f5a70be9g.tex
Не найдено,Не найдено,Не найдено,2023_07_08_1c4f9e299ce7e8faaa12g.tex
Не найдено,Не найдено,Не найдено,2023_07_08_1c4f9e299ce7e8faaa12g_1.tex
Не найдено,Не найдено,Не найдено,2023_07_08_1c4f9e299ce7e8faaa12g_2.tex
Не найдено,Не найдено,Не найдено,2023_07_08_1c88fdee21cb1fb04c7cg.tex
Не найдено,Не найдено,Не найдено,2023_07_08_1c9ad30786aea876eff6g.tex
Не найдено,Не найдено,Не найдено,2023_07_08_1cd852eeb137da1690d1g.tex
Не найдено,Не найдено,Не найдено,2023_07_08_1ce3942d9f6e8f98a3a5g.tex
Не найдено,Не найдено,Не найдено,2023_07_08_1ce6016e5e342ad5cff0g.tex
Не найдено,Не найдено,Не найдено,2023_07_08_1cf844dd02fa6918d201g.tex
Не найдено,Не найдено,Не найдено,2023_07_08_1d58cc855b4e920376aag.tex
Не найдено,Не найдено,Не найдено,2023_07_08_1d60424703edc7b1a2d3g.tex
Не найдено,Не найдено,Не найдено,2023_07_08_1d6ffb9450db71f5f5dbg.tex
Не найдено,Не найдено,Не найдено,2023_07_08_1d99c2d9b0bc5bddbf80g.tex
Не найдено,Не найдено,Не найдено,2023_07_08_1db5517fcf5ba5cdd9d7g.tex
Не найдено,Не найдено,Не найдено,2023_07_08_1e3f1088b2ea0e5f85f9g.tex
Не найдено,Не найдено,Не найдено,2023_07_08_1e56a7b8d29d387150acg.tex
Не найдено,Не найдено,Не найдено,2023_07_08_1e581f1e3c4e1d2c7001g.tex
Не найдено,Не найдено,Не найдено,2023_07_08_1e610776caf59adf5a42g.tex
Не найдено,Не найдено,Не найдено,2023_07_08_1e62cdbbf9d8743a7a8fg.tex
Не найдено,Не найдено,Не найдено,2023_07_08_1e6682250f5ea0bf1334g.tex
Не найдено,Не найдено,Не найдено,2023_07_08_1e6accb3245848c83f68g.tex
Не найдено,Не найдено,Не найдено,2023_07_08_1e70abf95cdae7ebdd5eg.tex
Не найдено,Не найдено,Не найдено,2023_07_08_1e7f34a4bfb776057680g.tex
Не найдено,Не найдено,Не найдено,2023_07_08_1e883671892b60c3972fg.tex
Не найдено,Не найдено,Не найдено,2023_07_08_1e93b780506790559629g.tex
Не найдено,Не найдено,Не найдено,2023_07_08_1e93b780506790559629g_1.tex
Не найдено,Не найдено,Не найдено,2023_07_08_1e93b780506790559629g_2.tex
Не найдено,Не найдено,Не найдено,2023_07_08_1e9cfa5fbf7f65cbc2eeg.tex
Не найдено,Не найдено,Не найдено,2023_07_08_1ec9d4487e34cf92290eg.tex
Не найдено,Не найдено,Не найдено,2023_07_08_1ed44e323de40997a5d9g.tex
Не найдено,Не найдено,Не найдено,2023_07_08_1f11b2fdfa1a39ac6fb0g.tex
Не найдено,Не найдено,Не найдено,2023_07_08_1f19bfb764d69648b0e1g.tex
Не найдено,Не найдено,Не найдено,2023_07_08_1f3f1088760706d4013ag.tex
Не найдено,Не найдено,Не найдено,2023_07_08_1f47034e5cec8ebd3c13g.tex
Не найдено,Не найдено,Не найдено,2023_07_08_1f48716713fbc4d2ec2ag.tex
Не найдено,Не найдено,Не найдено,2023_07_08_1f5535d46a64ede5733dg.tex
Не найдено,Не найдено,Не найдено,2023_07_08_1f79fef75714830312b7g.tex
Не найдено,Не найдено,Не найдено,2023_07_08_1f7ef0e35db37b945c7fg.tex
Не найдено,Не найдено,Не найдено,2023_07_08_1f9e304d52db4e6fdf92g.tex
Не найдено,Не найдено,Не найдено,2023_07_08_1fa477a7d3f8e6f711deg.tex
Не найдено,Не найдено,Не найдено,2023_07_08_1faf033065061aa7d0b4g.tex
Не найдено,Не найдено,Не найдено,2023_07_08_1fd4a8f5f5db04752db4g.tex
Не найдено,Не найдено,Не найдено,2023_07_08_1feedae5d449ded9fd1eg.tex
Не найдено,Не найдено,Не найдено,2023_07_08_2001a61f76a8b6dce78cg.tex
Не найдено,Не найдено,Не найдено,2023_07_08_2025e787fa834d358ae9g.tex
Не найдено,Не найдено,Не найдено,2023_07_08_2035dc70f8088be8ea13g.tex
Не найдено,Не найдено,Не найдено,2023_07_08_206f93bed2525b309d21g.tex
72 ВАРИАЦИОННЫЕ ,Не найдено,Не найдено,2023_07_08_207466d2f5651bd44555g.tex
Не найдено,Не найдено,Не найдено,2023_07_08_2075f572db29a603e4bcg.tex
Не найдено,Не найдено,Не найдено,2023_07_08_20884678df61023e88aag.tex
Не найдено,Не найдено,Не найдено,2023_07_08_20d19599b3ff4ba33aecg.tex
Не найдено,Не найдено,Не найдено,2023_07_08_20d58c8025d5f5ca35d7g.tex
Не найдено,Не найдено,Не найдено,2023_07_08_213167201baa45ac5ae4g.tex
Не найдено,Не найдено,Не найдено,2023_07_08_214a7c79b822ff27de16g.tex
Не найдено,Не найдено,Не найдено,2023_07_08_2155f7e1d2d05f5c9099g.tex
Не найдено,Не найдено,Не найдено,2023_07_08_2160ccdfe254d6ab2ae5g.tex
Не найдено,Не найдено,Не найдено,2023_07_08_2183818a114c03da3a91g.tex
Не найдено,Не найдено,Не найдено,2023_07_08_21df8891a2f486ca877cg.tex
Не найдено,Не найдено,Не найдено,2023_07_08_21fe4d107abf4ad3aebdg.tex
Не найдено,Не найдено,Не найдено,2023_07_08_2226f6d14f2fe3dab3a4g.tex
Не найдено,Не найдено,Не найдено,2023_07_08_225ef8ac0e41ec647eb4g.tex
Не найдено,Не найдено,Не найдено,2023_07_08_22613b851e4594455809g.tex
Не найдено,Не найдено,Не найдено,2023_07_08_229513e9235b81cc8463g.tex
Не найдено,Не найдено,Не найдено,2023_07_08_22a83d838a8dc115882eg.tex
Не найдено,Не найдено,Не найдено,2023_07_08_22bcae060c7a37094b95g.tex
Не найдено,Не найдено,Не найдено,2023_07_08_22c620a43bdfc2493307g.tex
Не найдено,Не найдено,Не найдено,2023_07_08_22c99385a6660bf247c3g.tex
Не найдено,Не найдено,Не найдено,2023_07_08_22d74c6c44af18437284g.tex
Не найдено,Не найдено,Не найдено,2023_07_08_22d894a4c43a53183d6bg.tex
Не найдено,Не найдено,Не найдено,2023_07_08_22e39d66b87a4867e0c0g.tex
Не найдено,Не найдено,Не найдено,2023_07_08_22fe35010e2dfb6bbc55g.tex
Не найдено,Не найдено,Не найдено,2023_07_08_22fe35010e2dfb6bbc55g_1.tex
Не найдено,Не найдено,Не найдено,2023_07_08_22fe35010e2dfb6bbc55g_2.tex
Не найдено,Не найдено,Не найдено,2023_07_08_23153ed78b1ade796646g.tex
Не найдено,Не найдено,Не найдено,2023_07_08_23234ce8f574a91604f6g.tex
Не найдено,Не найдено,Не найдено,2023_07_08_234456965f5f6f12b097g.tex
Не найдено,Не найдено,Не найдено,2023_07_08_234456965f5f6f12b097g_1.tex
Не найдено,Не найдено,Не найдено,2023_07_08_234456965f5f6f12b097g_2.tex
Не найдено,Не найдено,Не найдено,2023_07_08_234e28d0cbd3fff9b86fg.tex
Не найдено,Не найдено,Не найдено,2023_07_08_2380c05fe75845f32a98g.tex
Не найдено,Не найдено,Не найдено,2023_07_08_2391333da740af6080a5g.tex
Не найдено,Не найдено,Не найдено,2023_07_08_2391333da740af6080a5g_1.tex
Не найдено,Не найдено,Не найдено,2023_07_08_2391333da740af6080a5g_2.tex
Не найдено,Не найдено,Не найдено,2023_07_08_239c4df4d4388b754af0g.tex
Не найдено,Не найдено,Не найдено,2023_07_08_23c5e545d5e9fe4d62b2g.tex
Не найдено,Не найдено,Не найдено,2023_07_08_23cb25935f7889c981dag.tex
Не найдено,Не найдено,Не найдено,2023_07_08_23e7bf431f18990a3050g.tex
Не найдено,Не найдено,Не найдено,2023_07_08_23ed1977048b67f85fe4g.tex
Не найдено,Не найдено,Не найдено,2023_07_08_23ed37d08aa4464aa0cdg.tex
Не найдено,Не найдено,Не найдено,2023_07_08_2412cf188d90c6077379g.tex
Не найдено,Не найдено,Не найдено,2023_07_08_242f8a9ed2e146ba28cbg.tex
Не найдено,Не найдено,Не найдено,2023_07_08_242f8a9ed2e146ba28cbg_1.tex
Не найдено,Не найдено,Не найдено,2023_07_08_243526dc934e6c675140g.tex
Не найдено,Не найдено,Не найдено,2023_07_08_2470978b27bab8debf6ag.tex
Не найдено,Не найдено,Не найдено,2023_07_08_2486c7b7e76d91ba8639g.tex
Не найдено,Не найдено,Не найдено,2023_07_08_248d0f9d6696fb384749g.tex
Не найдено,Не найдено,Не найдено,2023_07_08_249249feee2ce7be4259g.tex
Не найдено,Не найдено,Не найдено,2023_07_08_2499ebe9be05121bab9eg.tex
Не найдено,Не найдено,Не найдено,2023_07_08_24a04863db9dffc74783g.tex
Не найдено,Не найдено,Не найдено,2023_07_08_24aa99a33be338258ea8g.tex
Не найдено,Не найдено,Не найдено,2023_07_08_24d0dc74dcd7db119febg.tex
Не найдено,Не найдено,Не найдено,2023_07_08_2500c717dd84284c12f9g.tex
Не найдено,Не найдено,Не найдено,2023_07_08_2503d37ea248b216e3f1g.tex
Не найдено,Не найдено,Не найдено,2023_07_08_250d4a6161c9482f0eeeg.tex
Не найдено,Не найдено,Не найдено,2023_07_08_25158125b1e653957e08g.tex
Не найдено,Не найдено,Не найдено,2023_07_08_252e7e7bf39ef40e0a13g.tex
Не найдено,Не найдено,Не найдено,2023_07_08_254cf6ef93625ff1f8feg.tex
Не найдено,Не найдено,Не найдено,2023_07_08_2556542a804cb87aff64g.tex
Не найдено,Не найдено,Не найдено,2023_07_08_2596496f319c6267113bg.tex
Не найдено,Не найдено,Не найдено,2023_07_08_25aad8961276485abe46g.tex
Не найдено,Не найдено,Не найдено,2023_07_08_25c38a661f0d9049ebceg.tex
Не найдено,Не найдено,Не найдено,2023_07_08_25f9609b897826ea4267g.tex
Не найдено,Не найдено,Не найдено,2023_07_08_261d39b2c6912f74e1dcg.tex
Не найдено,Не найдено,Не найдено,2023_07_08_261f28e099c7c752dd4eg.tex
Не найдено,Не найдено,Не найдено,2023_07_08_262be4087d727c2b5359g.tex
Не найдено,Не найдено,Не найдено,2023_07_08_265df0fb56fe0ef670a5g.tex
Не найдено,Не найдено,Не найдено,2023_07_08_26cfecd3766840fd71d6g.tex
Не найдено,Не найдено,Не найдено,2023_07_08_26d4541ed2d06c6b7a83g.tex
$\mathbf{И,Не найдено,Не найдено,2023_07_08_26ee05c3072b57dee72dg.tex
Не найдено,Не найдено,Не найдено,2023_07_08_26f45890fabcbb1a5d47g.tex
Не найдено,Не найдено,Не найдено,2023_07_08_27122b33b75cf4b41178g.tex
Не найдено,Не найдено,Не найдено,2023_07_08_2752e6b597d3c98494ceg.tex
Не найдено,Не найдено,Не найдено,2023_07_08_276386e1eb710235ff95g.tex
Не найдено,Не найдено,Не найдено,2023_07_08_2776af6c778767ffb3bdg.tex
Не найдено,Не найдено,Не найдено,2023_07_08_277e76877c9679d53930g.tex
Не найдено,Не найдено,Не найдено,2023_07_08_27a3cccbfd83e53e310cg.tex
Не найдено,Не найдено,Не найдено,2023_07_08_27a3cccbfd83e53e310cg_1.tex
Не найдено,Не найдено,Не найдено,2023_07_08_27bc33879649cefbf20ag.tex
Не найдено,Не найдено,Не найдено,2023_07_08_27d1522cfab57f574b03g.tex
Не найдено,Не найдено,Не найдено,2023_07_08_27f29eed9f7568cf3fd9g.tex
Не найдено,Не найдено,Не найдено,2023_07_08_28027b0601d80f94d4f3g.tex
Не найдено,Не найдено,Не найдено,2023_07_08_28027b0601d80f94d4f3g_1.tex
Не найдено,Не найдено,Не найдено,2023_07_08_28027b0601d80f94d4f3g_2.tex
Не найдено,Не найдено,Не найдено,2023_07_08_28040afdd4dbf88c16f2g.tex
Не найдено,Не найдено,Не найдено,2023_07_08_2808293e12fe9db734b1g.tex
Не найдено,Не найдено,Не найдено,2023_07_08_2808293e12fe9db734b1g_1.tex
Не найдено,Не найдено,Не найдено,2023_07_08_2808293e12fe9db734b1g_2.tex
Не найдено,Не найдено,Не найдено,2023_07_08_2816972c3c6a0ddc612eg.tex
Не найдено,Не найдено,Не найдено,2023_07_08_282b2ee3ae571cdc4182g.tex
Не найдено,Не найдено,Не найдено,2023_07_08_2850e8da4fa3c5b05508g.tex
Не найдено,Не найдено,Не найдено,2023_07_08_285258e544f87cff045dg.tex
Не найдено,Не найдено,Не найдено,2023_07_08_2855240875304a972020g.tex
Не найдено,Не найдено,Не найдено,2023_07_08_28610162d88fa755b7e5g.tex
Не найдено,Не найдено,Не найдено,2023_07_08_286fc75db2a636a29c6eg.tex
Не найдено,Не найдено,Не найдено,2023_07_08_289d722228687aff6ccfg.tex
Не найдено,Не найдено,Не найдено,2023_07_08_28bcd9f61a786c78c1b2g.tex
Не найдено,Не найдено,Не найдено,2023_07_08_28e4e70c39c45b4f2b2cg.tex
Не найдено,Не найдено,Не найдено,2023_07_08_2903446287eb8f6c6dfcg.tex
Не найдено,Не найдено,Не найдено,2023_07_08_291ff44c9d950b30a0e9g.tex
Не найдено,Не найдено,Не найдено,2023_07_08_2966aff57965a75526b6g.tex
Не найдено,Не найдено,Не найдено,2023_07_08_29788385909d28c017ceg.tex
Не найдено,Не найдено,Не найдено,2023_07_08_29c9957f9d79b19a2574g.tex
Не найдено,Не найдено,Не найдено,2023_07_08_29d61e52fc3633c5128cg.tex
Не найдено,Не найдено,Не найдено,2023_07_08_29f655af2f48b3f610a4g.tex
Не найдено,Не найдено,Не найдено,2023_07_08_29f655af2f48b3f610a4g_1.tex
Не найдено,Не найдено,Не найдено,2023_07_08_29f655af2f48b3f610a4g_2.tex
Не найдено,Не найдено,Не найдено,2023_07_08_29fcc83511375abfaef7g.tex
Не найдено,Не найдено,Не найдено,2023_07_08_2a07c2732423de71a6eeg.tex
Не найдено,Не найдено,Не найдено,2023_07_08_2a123c862ca46159a9b4g.tex
Не найдено,Не найдено,Не найдено,2023_07_08_2a2a7bca6aa64670ba42g.tex
Не найдено,Не найдено,Не найдено,2023_07_08_2a33102a7b00eb35430eg.tex
Не найдено,Не найдено,Не найдено,2023_07_08_2a44bc18a54edc11caafg.tex
Не найдено,Не найдено,Не найдено,2023_07_08_2a59c2c5c82b5828c42ag.tex
Не найдено,Не найдено,Не найдено,2023_07_08_2a84fdfe5a13618fa8e7g.tex
Не найдено,Не найдено,Не найдено,2023_07_08_2b34a24ce7a16df49db4g.tex
Не найдено,Не найдено,Не найдено,2023_07_08_2b369e894b8767909be8g.tex
Не найдено,Не найдено,Не найдено,2023_07_08_2b6739fd6a7832b0770eg.tex
Не найдено,Не найдено,Не найдено,2023_07_08_2b6eaf2ca656fc8b67c8g.tex
Не найдено,Не найдено,Не найдено,2023_07_08_2b70049bd8ecce3a2e0ag.tex
Не найдено,Не найдено,Не найдено,2023_07_08_2b73e5cee3b8dbb07fd9g.tex
Не найдено,Не найдено,Не найдено,2023_07_08_2b7e4666f82d768d84e5g.tex
Не найдено,Не найдено,Не найдено,2023_07_08_2b7e4666f82d768d84e5g_1.tex
Не найдено,Не найдено,Не найдено,2023_07_08_2b7e4666f82d768d84e5g_2.tex
Не найдено,Не найдено,Не найдено,2023_07_08_2b94b9f8a027336c7db5g.tex
Не найдено,Не найдено,Не найдено,2023_07_08_2ba2c8b902a944ba76e7g.tex
Не найдено,Не найдено,Не найдено,2023_07_08_2bb1dcb98fba199455aag.tex
Не найдено,Не найдено,Не найдено,2023_07_08_2c1202619ffb9e2f59cag.tex
Не найдено,Не найдено,Не найдено,2023_07_08_2c14f942d2d120aa0b15g.tex
Не найдено,Не найдено,Не найдено,2023_07_08_2c27b96d0b769faf07f6g.tex
Не найдено,Не найдено,Не найдено,2023_07_08_2c58a84a23e34481e09eg.tex
Не найдено,Не найдено,Не найдено,2023_07_08_2c675b2b5df8ed288c93g.tex
Не найдено,Не найдено,Не найдено,2023_07_08_2c86660ed623e26ec8dbg.tex
Не найдено,Не найдено,Не найдено,2023_07_08_2c9928839466e97081a0g.tex
Не найдено,Не найдено,Не найдено,2023_07_08_2cb67ecc8705aed59618g.tex
Не найдено,Не найдено,Не найдено,2023_07_08_2d0548083f36df0956b9g.tex
Не найдено,Не найдено,Не найдено,2023_07_08_2d1197a9aa17024f7891g.tex
Не найдено,Не найдено,Не найдено,2023_07_08_2d1799ef4d038670ea47g.tex
Не найдено,Не найдено,Не найдено,2023_07_08_2d287a37c5f691fa1130g.tex
Не найдено,Не найдено,Не найдено,2023_07_08_2d40ce5a519ba5acbd2ag.tex
Не найдено,Не найдено,Не найдено,2023_07_08_2d79da6305311f19b230g.tex
Не найдено,Не найдено,Не найдено,2023_07_08_2d7d00379cbbd040a1d5g.tex
Не найдено,Не найдено,Не найдено,2023_07_08_2d7d00379cbbd040a1d5g_1.tex
Не найдено,Не найдено,Не найдено,2023_07_08_2d7d00379cbbd040a1d5g_2.tex
Не найдено,Не найдено,Не найдено,2023_07_08_2d9d406274813767004eg.tex
Не найдено,Не найдено,Не найдено,2023_07_08_2ddcd8988dfe04d3b8e5g.tex
Не найдено,Не найдено,Не найдено,2023_07_08_2dde8f3a039c5497c060g.tex
Не найдено,Не найдено,Не найдено,2023_07_08_2de6ddc9f7ae637374fcg.tex
Не найдено,Не найдено,Не найдено,2023_07_08_2deaabe7bcf0a28dbeaeg.tex
Не найдено,Не найдено,Не найдено,2023_07_08_2debd6d0dc8582ff9817g.tex
Не найдено,Не найдено,Не найдено,2023_07_08_2dedac2a422949dd3e22g.tex
Не найдено,Не найдено,Не найдено,2023_07_08_2e07cc323f4fca590c1dg.tex
Не найдено,Не найдено,Не найдено,2023_07_08_2e126bc454be6eafdb63g.tex
Не найдено,Не найдено,Не найдено,2023_07_08_2e1cd4f9a069663c969eg.tex
Не найдено,Не найдено,Не найдено,2023_07_08_2e2a636b86263a65b16bg.tex
Не найдено,Не найдено,Не найдено,2023_07_08_2e3b468569dbce1bfad4g.tex
Не найдено,Не найдено,Не найдено,2023_07_08_2e4de0a025350bc8b36ag.tex
Не найдено,Не найдено,Не найдено,2023_07_08_2e4e244b68d1045339fbg.tex
$\mathbf{K,Не найдено,Не найдено,2023_07_08_2e54b1e1ed00bd0ad065g.tex
Не найдено,Не найдено,Не найдено,2023_07_08_2e620116c5295d6bda8dg.tex
Не найдено,Не найдено,Не найдено,2023_07_08_2e74127b98e168affb4dg.tex
Не найдено,Не найдено,Не найдено,2023_07_08_2e8ab5835e58a6ac66a0g.tex
Не найдено,Не найдено,Не найдено,2023_07_08_2e9bafca4bab09bca9f9g.tex
Не найдено,Не найдено,Не найдено,2023_07_08_2ea09d11323997127ee8g.tex
Не найдено,Не найдено,Не найдено,2023_07_08_2ebf6caa0678ce736efdg.tex
Не найдено,Не найдено,Не найдено,2023_07_08_2ec2eccd2cd228f81dafg.tex
Не найдено,Не найдено,Не найдено,2023_07_08_2ecbdd35bc1e4ad3d432g.tex
Не найдено,Не найдено,Не найдено,2023_07_08_2ed312c62b984aa32bfeg.tex
Не найдено,Не найдено,Не найдено,2023_07_08_2ef1347cb65b7fdcf703g.tex
Не найдено,Не найдено,Не найдено,2023_07_08_2ef858c5912b9740e3f5g.tex
Не найдено,Не найдено,Не найдено,2023_07_08_2efdb980e2b5b868abe1g.tex
Не найдено,Не найдено,Не найдено,2023_07_08_2f15df19f6f673f55ecag.tex
Не найдено,Не найдено,Не найдено,2023_07_08_2f186a33a85f88aa273fg.tex
Не найдено,Не найдено,Не найдено,2023_07_08_2f1bddb9acf881e1943ag.tex
Не найдено,Не найдено,Не найдено,2023_07_08_2f1cf8fb8558a516707bg.tex
Не найдено,Не найдено,Не найдено,2023_07_08_2f2b6d34838d22cda852g.tex
Не найдено,Не найдено,Не найдено,2023_07_08_2f2df945159bf3435d2bg.tex
Не найдено,Не найдено,Не найдено,2023_07_08_2f2f756626b8f6be9e89g.tex
Не найдено,Не найдено,Не найдено,2023_07_08_2f38adbe500a3677e0c4g.tex
Не найдено,Не найдено,Не найдено,2023_07_08_2f4e7c242f4d687ed0fdg.tex
Не найдено,Не найдено,Не найдено,2023_07_08_2f4fe53faf38228a7281g.tex
Не найдено,Не найдено,Не найдено,2023_07_08_2f4fe53faf38228a7281g_1.tex
Не найдено,Не найдено,Не найдено,2023_07_08_2f60d8cc34973cf2b1feg.tex
Не найдено,Не найдено,Не найдено,2023_07_08_2f62875b903b8e858381g.tex
Не найдено,Не найдено,Не найдено,2023_07_08_2f648ca447909f2adad1g.tex
Не найдено,Не найдено,Не найдено,2023_07_08_2fc4a688c50ef89e4641g.tex
Не найдено,Не найдено,Не найдено,2023_07_08_2fdb613276717bca5ce9g.tex
Не найдено,Не найдено,Не найдено,2023_07_08_2fee3b60e02d24c1fb1bg.tex
Не найдено,Не найдено,Не найдено,2023_07_08_2ff88c7b4befc157d4b5g.tex
Не найдено,Не найдено,Не найдено,2023_07_08_301e7c15479e47ef8061g.tex
Не найдено,Не найдено,Не найдено,2023_07_08_3022c829e2e1d78a998dg.tex
Не найдено,Не найдено,Не найдено,2023_07_08_3028d5fd3cf072a613b7g.tex
Не найдено,Не найдено,Не найдено,2023_07_08_3032037ce17def3900c1g.tex
Не найдено,Не найдено,Не найдено,2023_07_08_305d3ab23d1bb8fabd99g.tex
Не найдено,Не найдено,Не найдено,2023_07_08_3073f4acf95ae6e5ad81g.tex
12 AДИАБАТИЧЕСКОЕ ,Не найдено,Не найдено,2023_07_08_307a933d07ccc131afd3g.tex
Не найдено,Не найдено,Не найдено,2023_07_08_3093c9d8b4870ef57593g.tex
Не найдено,Не найдено,Не найдено,2023_07_08_30bec8db8203f839e4b9g.tex
Не найдено,Не найдено,Не найдено,2023_07_08_30f8d81c5c25b19aec30g.tex
Не найдено,Не найдено,Не найдено,2023_07_08_310781cf4921becd7400g.tex
Не найдено,Не найдено,Не найдено,2023_07_08_31148ec7e23408f8b507g.tex
Не найдено,Не найдено,Не найдено,2023_07_08_313e4b094ee6be7d3b5fg.tex
Не найдено,Не найдено,Не найдено,2023_07_08_3149f61faa56b74591a0g.tex
Не найдено,Не найдено,Не найдено,2023_07_08_3177f47c5cd4befce9d6g.tex
Не найдено,Не найдено,Не найдено,2023_07_08_31a58213cba94d631b99g.tex
Не найдено,Не найдено,Не найдено,2023_07_08_31aba6443d8c04e652c1g.tex
Не найдено,Не найдено,Не найдено,2023_07_08_31eac9f8b1d7398d4167g.tex
Не найдено,Не найдено,Не найдено,2023_07_08_31fe1e40a1272b423284g.tex
$\mathbf{b,Не найдено,Не найдено,2023_07_08_320391c30101355cb00dg.tex
Не найдено,Не найдено,Не найдено,2023_07_08_32083b3196df765e61a1g.tex
Не найдено,Не найдено,Не найдено,2023_07_08_32239571796ec1d01c84g.tex
Не найдено,Не найдено,Не найдено,2023_07_08_325e7aeec8d38772d1d7g.tex
Не найдено,Не найдено,Не найдено,2023_07_08_3272ac6bc94cc3ea39f8g.tex
Не найдено,Не найдено,Не найдено,2023_07_08_3277c67139e14ebb5be8g.tex
Не найдено,Не найдено,Не найдено,2023_07_08_32876d74b2c558fc9106g.tex
Не найдено,Не найдено,Не найдено,2023_07_08_32a19f902b5c8a9a3358g.tex
Не найдено,Не найдено,Не найдено,2023_07_08_32c684b42a9ca96eb03dg.tex
Не найдено,Не найдено,Не найдено,2023_07_08_32ca3bf83b710ef6e653g.tex
Не найдено,Не найдено,Не найдено,2023_07_08_32d3f919b205db7a2abeg.tex
Не найдено,Не найдено,Не найдено,2023_07_08_32e26af960ac4ff6da9bg.tex
Не найдено,Не найдено,Не найдено,2023_07_08_32eeda0906662eb658beg.tex
Не найдено,Не найдено,Не найдено,2023_07_08_32fbf4ece395dc758b15g.tex
Не найдено,Не найдено,Не найдено,2023_07_08_330466749d01a5fd6c54g.tex
Не найдено,Не найдено,Не найдено,2023_07_08_3329a6152207fdcfbcb4g.tex
Не найдено,Не найдено,Не найдено,2023_07_08_3332a03cf51956e92002g.tex
Не найдено,Не найдено,Не найдено,2023_07_08_3382d0bb5bd2f6b85a06g.tex
Не найдено,Не найдено,Не найдено,2023_07_08_339fdbe6afc339a54b35g.tex
Не найдено,Не найдено,Не найдено,2023_07_08_33a796a42a2d27a6fe00g.tex
Не найдено,Не найдено,Не найдено,2023_07_08_33a97b103a35dd764483g.tex
Не найдено,Не найдено,Не найдено,2023_07_08_33bb97e5f55bfa4dda16g.tex
Не найдено,Не найдено,Не найдено,2023_07_08_33ecc7e8b37a8e0faee9g.tex
Не найдено,Не найдено,Не найдено,2023_07_08_3415bf2de9ad7e408d0dg.tex
Не найдено,Не найдено,Не найдено,2023_07_08_342574b895d5e42284b2g.tex
Не найдено,Не найдено,Не найдено,2023_07_08_34258340515d949d052fg.tex
Не найдено,Не найдено,Не найдено,2023_07_08_344be6e2edcdf779ffceg.tex
Не найдено,Не найдено,Не найдено,2023_07_08_345bd8fb14fd2ff22675g.tex
Не найдено,Не найдено,Не найдено,2023_07_08_34b38709fbd618a2e21cg.tex
Не найдено,Не найдено,Не найдено,2023_07_08_34c345a37de2c3abf93dg.tex
Не найдено,Не найдено,Не найдено,2023_07_08_34c920719c0aa8c47544g.tex
Не найдено,Не найдено,Не найдено,2023_07_08_34cf0896ad658e73e424g.tex
Не найдено,Не найдено,Не найдено,2023_07_08_34e978a4fe003986c60ag.tex
Не найдено,Не найдено,Не найдено,2023_07_08_35087e9f170c9151561cg.tex
Не найдено,Не найдено,Не найдено,2023_07_08_351ed1a348584ec4069cg.tex
Не найдено,Не найдено,Не найдено,2023_07_08_352b5f3c283b15987268g.tex
Не найдено,Не найдено,Не найдено,2023_07_08_357bd646cfb586c12d74g.tex
Не найдено,Не найдено,Не найдено,2023_07_08_3584307b818a73dab843g.tex
Не найдено,Не найдено,Не найдено,2023_07_08_35a6c45aed484f03db52g.tex
Не найдено,Не найдено,Не найдено,2023_07_08_35cac75f49c96c739e9fg.tex
Не найдено,Не найдено,Не найдено,2023_07_08_35d33b1f96a32a44582fg.tex
Не найдено,Не найдено,Не найдено,2023_07_08_3644120736e8876cc64fg.tex
Не найдено,Не найдено,Не найдено,2023_07_08_36481d63e9f69b5df7e4g.tex
Не найдено,Не найдено,Не найдено,2023_07_08_365325e98d58acf5cbbag.tex
Не найдено,Не найдено,Не найдено,2023_07_08_3654d60f62b17d408320g.tex
Не найдено,Не найдено,Не найдено,2023_07_08_367c4e7f6247f241fbafg.tex
Не найдено,Не найдено,Не найдено,2023_07_08_3685518042f8f4b30466g.tex
Не найдено,Не найдено,Не найдено,2023_07_08_368c858f3fd67c0172a7g.tex
Не найдено,Не найдено,Не найдено,2023_07_08_36a64be5cf3dd8d1abd0g.tex
Не найдено,Не найдено,Не найдено,2023_07_08_36bf379eb211a1a67102g.tex
Не найдено,Не найдено,Не найдено,2023_07_08_36e80d27d8eb62544f24g.tex
Не найдено,Не найдено,Не найдено,2023_07_08_37236855a92febb4bdfdg.tex
Не найдено,Не найдено,Не найдено,2023_07_08_373868ffef00962c9a1dg.tex
Не найдено,Не найдено,Не найдено,2023_07_08_373ce4bc0f9137471663g.tex
Не найдено,Не найдено,Не найдено,2023_07_08_374b35bfbdda695e46f4g.tex
Не найдено,Не найдено,Не найдено,2023_07_08_375ea4806648ea4029d8g.tex
Не найдено,Не найдено,Не найдено,2023_07_08_3790c1194c159704cd4eg.tex
Не найдено,Не найдено,Не найдено,2023_07_08_3792c89db3478732fd5fg.tex
Не найдено,Не найдено,Не найдено,2023_07_08_37ba29b15c6f9b0c7437g.tex
Не найдено,Не найдено,Не найдено,2023_07_08_37c8fe0955bf5d32875dg.tex
$\bigvee_{1,Не найдено,Не найдено,2023_07_08_37cbd6e63098f93db840g.tex
Не найдено,Не найдено,Не найдено,2023_07_08_37cf163dd831634ec497g.tex
Не найдено,Не найдено,Не найдено,2023_07_08_37f0c5dc1a42eafd872bg.tex
Не найдено,Не найдено,Не найдено,2023_07_08_3828aa7a3daf9b339d11g.tex
Не найдено,Не найдено,Не найдено,2023_07_08_382c52dd975b2a61868fg.tex
Не найдено,Не найдено,Не найдено,2023_07_08_38581a40fb66b5f4f025g.tex
Не найдено,Не найдено,Не найдено,2023_07_08_385f8ea33ed5977a4b32g.tex
Не найдено,Не найдено,Не найдено,2023_07_08_38747809ec39bd87aa8cg.tex
Не найдено,Не найдено,Не найдено,2023_07_08_389d2f74477f04f92527g.tex
Не найдено,Не найдено,Не найдено,2023_07_08_38baf56dcd7f5fe531c5g.tex
Не найдено,Не найдено,Не найдено,2023_07_08_38db2272d5bc0cbc5b50g.tex
Не найдено,Не найдено,Не найдено,2023_07_08_38e108d638bcbdfdcd33g.tex
Не найдено,Не найдено,Не найдено,2023_07_08_38fe8f34a9c9da34083bg.tex
Не найдено,Не найдено,Не найдено,2023_07_08_390d6d5f9f9023877bb2g.tex
Не найдено,Не найдено,Не найдено,2023_07_08_390f2cad5705d515e7e9g.tex
Не найдено,Не найдено,Не найдено,2023_07_08_3915f5ca29beb99872e2g.tex
Не найдено,Не найдено,Не найдено,2023_07_08_3928fa129f263bc336e7g.tex
Не найдено,Не найдено,Не найдено,2023_07_08_393e0b1d8844208a6a72g.tex
Не найдено,Не найдено,Не найдено,2023_07_08_3965da41b0f0ffe6ae5ag.tex
Не найдено,Не найдено,Не найдено,2023_07_08_397ba55e6965ca477250g.tex
Не найдено,Не найдено,Не найдено,2023_07_08_39802d4778b52d07c3e8g.tex
Не найдено,Не найдено,Не найдено,2023_07_08_399b11331d85e58c33f4g.tex
Не найдено,Не найдено,Не найдено,2023_07_08_39a96b27bcc549fd56bfg.tex
Не найдено,Не найдено,Не найдено,2023_07_08_39bc6462d5f010500067g.tex
Не найдено,Не найдено,Не найдено,2023_07_08_39d3897b17138b1aaa32g.tex
52 БоголюБовА ,Не найдено,Не найдено,2023_07_08_39eccc8372d0c86a3360g.tex
Не найдено,Не найдено,Не найдено,2023_07_08_39fad27239f5eb0f276bg.tex
Не найдено,Не найдено,Не найдено,2023_07_08_3a20cfd7dffc69e30011g.tex
Не найдено,Не найдено,Не найдено,2023_07_08_3a212ddd7c4fcd2864dag.tex
Не найдено,Не найдено,Не найдено,2023_07_08_3a42f8485dff26a5ea4cg.tex
$\mathbf{\Gamma,Не найдено,Не найдено,2023_07_08_3a4ad813d3d5574a1098g.tex
Не найдено,Не найдено,Не найдено,2023_07_08_3a5e542d34a4f2b7d070g.tex
Не найдено,Не найдено,Не найдено,2023_07_08_3ab575c77cadd8bce5ceg.tex
Не найдено,Не найдено,Не найдено,2023_07_08_3aee0ed443047f482f04g.tex
Не найдено,Не найдено,Не найдено,2023_07_08_3b020c1a6f1b1fedbcf1g.tex
Не найдено,Не найдено,Не найдено,2023_07_08_3b1333c734b5ab5977d7g.tex
Не найдено,Не найдено,Не найдено,2023_07_08_3b2b1f65e359f8379dd0g.tex
Не найдено,Не найдено,Не найдено,2023_07_08_3b2bebdcc5d64b680f02g.tex
Не найдено,Не найдено,Не найдено,2023_07_08_3b314b021a7c5a2e8562g.tex
Не найдено,Не найдено,Не найдено,2023_07_08_3b560a6538307698bc33g.tex
Не найдено,Не найдено,Не найдено,2023_07_08_3b5a10bde10348d78bc3g.tex
Не найдено,Не найдено,Не найдено,2023_07_08_3b5d8ac60496c9ab02f6g.tex
Не найдено,Не найдено,Не найдено,2023_07_08_3b5efe33f966cfd15124g.tex
Не найдено,Не найдено,Не найдено,2023_07_08_3bb18f93d6d7a960aed6g.tex
Не найдено,Не найдено,Не найдено,2023_07_08_3bc9842ad0034dfbf96eg.tex
Не найдено,Не найдено,Не найдено,2023_07_08_3bf671f7b81a32219be0g.tex
Не найдено,Не найдено,Не найдено,2023_07_08_3c0335bd82b957e86e4fg.tex
Не найдено,Не найдено,Не найдено,2023_07_08_3c09494592054dfcd262g.tex
Не найдено,Не найдено,Не найдено,2023_07_08_3c1fff96db6109a9d594g.tex
Не найдено,Не найдено,Не найдено,2023_07_08_3c378e34744232d02505g.tex
Не найдено,Не найдено,Не найдено,2023_07_08_3c43317f01c89fc83b46g.tex
Не найдено,Не найдено,Не найдено,2023_07_08_3c45307d5e4db36d5e64g.tex
Не найдено,Не найдено,Не найдено,2023_07_08_3c7dfa76a4a41ff2bddcg.tex
Не найдено,Не найдено,Не найдено,2023_07_08_3c97aa21be6264a7f18cg.tex
Не найдено,Не найдено,Не найдено,2023_07_08_3cbba2cb667a018b1ecfg.tex
Не найдено,Не найдено,Не найдено,2023_07_08_3ccf326d203342091ab8g.tex
Не найдено,Не найдено,Не найдено,2023_07_08_3ccf326d203342091ab8g_1.tex
Не найдено,Не найдено,Не найдено,2023_07_08_3d0f3543e8ff4298d3c2g.tex
Не найдено,Не найдено,Не найдено,2023_07_08_3d37a96916a3b3269471g.tex
Не найдено,Не найдено,Не найдено,2023_07_08_3d3912aa24b91d87b47cg.tex
Не найдено,Не найдено,Не найдено,2023_07_08_3d413786edd4eaf3bb4bg.tex
Не найдено,Не найдено,Не найдено,2023_07_08_3d65eedf60c169b10cf5g.tex
Не найдено,Не найдено,Не найдено,2023_07_08_3d736377290639c87df7g.tex
Не найдено,Не найдено,Не найдено,2023_07_08_3d9c2edf667a7d80d872g.tex
Не найдено,Не найдено,Не найдено,2023_07_08_3dac44b423a41b5e78fag.tex
Не найдено,Не найдено,Не найдено,2023_07_08_3daf383f6ffd4bcff57fg.tex
Не найдено,Не найдено,Не найдено,2023_07_08_3dbaacb3121e8ecf199dg.tex
Не найдено,Не найдено,Не найдено,2023_07_08_3dd04d2396cb22e1e82cg.tex
Не найдено,Не найдено,Не найдено,2023_07_08_3de93a3fc2053eb01191g.tex
Не найдено,Не найдено,Не найдено,2023_07_08_3dec37a3e4e53821798fg.tex
Не найдено,Не найдено,Не найдено,2023_07_08_3e0e16146aebb0d3819fg.tex
Не найдено,Не найдено,Не найдено,2023_07_08_3e0fed8f293024a2a07cg.tex
Не найдено,Не найдено,Не найдено,2023_07_08_3e1fafca2de23c1f3dc2g.tex
Не найдено,Не найдено,Не найдено,2023_07_08_3e35ac67cbdf9353eaa6g.tex
Не найдено,Не найдено,Не найдено,2023_07_08_3e4056d1da8272f50015g.tex
Не найдено,Не найдено,Не найдено,2023_07_08_3e4ee7b6c44fcc5225feg.tex
Не найдено,Не найдено,Не найдено,2023_07_08_3e670e413c9ee05490d9g.tex
Не найдено,Не найдено,Не найдено,2023_07_08_3e6713b5b4b85dee2051g.tex
Не найдено,Не найдено,Не найдено,2023_07_08_3e6d432d52e86eccd777g.tex
Не найдено,Не найдено,Не найдено,2023_07_08_3e877423d34d9b2e91f3g.tex
Не найдено,Не найдено,Не найдено,2023_07_08_3e877423d34d9b2e91f3g_1.tex
Не найдено,Не найдено,Не найдено,2023_07_08_3e877423d34d9b2e91f3g_2.tex
Не найдено,Не найдено,Не найдено,2023_07_08_3e936c5fe6e367b04859g.tex
Не найдено,Не найдено,Не найдено,2023_07_08_3ea69e957d3755b24d44g.tex
Не найдено,Не найдено,Не найдено,2023_07_08_3ebc504b7440682ab572g.tex
Не найдено,Не найдено,Не найдено,2023_07_08_3ec603fc06fcda89a54cg.tex
Не найдено,Не найдено,Не найдено,2023_07_08_3ef6df1932fe68fce0f0g.tex
Не найдено,Не найдено,Не найдено,2023_07_08_3f13623dc9381b48c865g.tex
Не найдено,Не найдено,Не найдено,2023_07_08_3f212058ddff8abe41efg.tex
Не найдено,Не найдено,Не найдено,2023_07_08_3f5a3786548507755dd2g.tex
Не найдено,Не найдено,Не найдено,2023_07_08_3f8f36c11ce5c82590ceg.tex
Не найдено,Не найдено,Не найдено,2023_07_08_3f9bfbb069168bdf9eacg.tex
Не найдено,Не найдено,Не найдено,2023_07_08_3fc258d8c8ea95dfaec2g.tex
Не найдено,Не найдено,Не найдено,2023_07_08_3fe457d44ed5e85ab3c4g.tex
Не найдено,Не найдено,Не найдено,2023_07_08_4055ae887f42f857a209g.tex
Не найдено,Не найдено,Не найдено,2023_07_08_406f7ad41735bdfff662g.tex
Не найдено,Не найдено,Не найдено,2023_07_08_406fe8cd8f3cdb34fa01g.tex
Не найдено,Не найдено,Не найдено,2023_07_08_407d899796794b0d39f4g.tex
Не найдено,Не найдено,Не найдено,2023_07_08_408478f67a9af753b9dag.tex
Не найдено,Не найдено,Не найдено,2023_07_08_40964dfdc09859896a31g.tex
Не найдено,Не найдено,Не найдено,2023_07_08_40992f478ffa5db8d41ag.tex
Не найдено,Не найдено,Не найдено,2023_07_08_40b100185aac22e7e29bg.tex
Не найдено,Не найдено,Не найдено,2023_07_08_40b34f67e6eb1f2eec40g.tex
Не найдено,Не найдено,Не найдено,2023_07_08_40b4f858f75af9d8ebcdg.tex
Не найдено,Не найдено,Не найдено,2023_07_08_40b892ae820695aec16ag.tex
Не найдено,Не найдено,Не найдено,2023_07_08_40c17c2977480d5224b5g.tex
Не найдено,Не найдено,Не найдено,2023_07_08_40c487ea58da86eb6f4eg.tex
Не найдено,Не найдено,Не найдено,2023_07_08_40e1fdec30a893a0ce1dg.tex
Не найдено,Не найдено,Не найдено,2023_07_08_40ef115d9061c0836707g.tex
Не найдено,Не найдено,Не найдено,2023_07_08_40f67ade2adf19fa416eg.tex
Не найдено,Не найдено,Не найдено,2023_07_08_40f67ade2adf19fa416eg_1.tex
Не найдено,Не найдено,Не найдено,2023_07_08_40f67ade2adf19fa416eg_2.tex
Не найдено,Не найдено,Не найдено,2023_07_08_4108cf65226a9d8a25f0g.tex
Не найдено,Не найдено,Не найдено,2023_07_08_410bc3f99b78f08567fag.tex
Не найдено,Не найдено,Не найдено,2023_07_08_4181abf4895a1d6875e0g.tex
Не найдено,Не найдено,Не найдено,2023_07_08_4181abf4895a1d6875e0g_1.tex
Не найдено,Не найдено,Не найдено,2023_07_08_4181abf4895a1d6875e0g_2.tex
Не найдено,Не найдено,Не найдено,2023_07_08_419daa8cd2936b3fb41cg.tex
Не найдено,Не найдено,Не найдено,2023_07_08_41c30abfddbc93a3e75eg.tex
Не найдено,Не найдено,Не найдено,2023_07_08_41d63f85e1da538e45fag.tex
Не найдено,Не найдено,Не найдено,2023_07_08_41def776e030fed250cbg.tex
Не найдено,Не найдено,Не найдено,2023_07_08_420514b7198eeb6ce8afg.tex
Не найдено,Не найдено,Не найдено,2023_07_08_4229d6e1249003d90c75g.tex
Не найдено,Не найдено,Не найдено,2023_07_08_4235369068e9f4812451g.tex
Не найдено,Не найдено,Не найдено,2023_07_08_42438eb38651fc5a1d2cg.tex
Не найдено,Не найдено,Не найдено,2023_07_08_424ce528613b81a1bc1fg.tex
Не найдено,Не найдено,Не найдено,2023_07_08_42500adfd235eb53ccecg.tex
Не найдено,Не найдено,Не найдено,2023_07_08_425810c0901ee2fba2eeg.tex
Не найдено,Не найдено,Не найдено,2023_07_08_425a9178c58258eed082g.tex
Не найдено,Не найдено,Не найдено,2023_07_08_4271b05622446ff74200g.tex
Не найдено,Не найдено,Не найдено,2023_07_08_427291c1a36f712cb1efg.tex
Не найдено,Не найдено,Не найдено,2023_07_08_4289ce344ab25e4adb3cg.tex
Не найдено,Не найдено,Не найдено,2023_07_08_4290a454b46b6b20485cg.tex
Не найдено,Не найдено,Не найдено,2023_07_08_42aaf63344288aad881dg.tex
Не найдено,Не найдено,Не найдено,2023_07_08_42fceb32ed29ac5b32a3g.tex
Не найдено,Не найдено,Не найдено,2023_07_08_430a36c353da9b63504eg.tex
Не найдено,Не найдено,Не найдено,2023_07_08_4329ab829ef8c2f942efg.tex
Не найдено,Не найдено,Не найдено,2023_07_08_432de5154b73c72d3243g.tex
Не найдено,Не найдено,Не найдено,2023_07_08_436ab6de3f8722aedb17g.tex
Не найдено,Не найдено,Не найдено,2023_07_08_437b84b1cd04fa8bd023g.tex
Не найдено,Не найдено,Не найдено,2023_07_08_437e8622c312da423febg.tex
Не найдено,Не найдено,Не найдено,2023_07_08_437f11866e9413d8f61bg.tex
Не найдено,Не найдено,Не найдено,2023_07_08_438bb71eb3acece903f4g.tex
Не найдено,Не найдено,Не найдено,2023_07_08_4399c39cb830074ad63bg.tex
Не найдено,Не найдено,Не найдено,2023_07_08_439d723bfe070ab60056g.tex
Не найдено,Не найдено,Не найдено,2023_07_08_439d723bfe070ab60056g_1.tex
Не найдено,Не найдено,Не найдено,2023_07_08_439d723bfe070ab60056g_2.tex
Не найдено,Не найдено,Не найдено,2023_07_08_43a9da4d46c1d7c8440bg.tex
Не найдено,Не найдено,Не найдено,2023_07_08_43ca3ab506e867472e83g.tex
Не найдено,Не найдено,Не найдено,2023_07_08_43d02cb9f30cbd3674e6g.tex
Не найдено,Не найдено,Не найдено,2023_07_08_43e082e331e6c1acb85eg.tex
Не найдено,Не найдено,Не найдено,2023_07_08_44290df9b3a193afefb0g.tex
Не найдено,Не найдено,Не найдено,2023_07_08_444b23c074fbc18b55c4g.tex
Не найдено,Не найдено,Не найдено,2023_07_08_44601d23f11d861f05fbg.tex
Не найдено,Не найдено,Не найдено,2023_07_08_448e3628d05aa1cd8b08g.tex
Не найдено,Не найдено,Не найдено,2023_07_08_44ae1ab683e753b71123g.tex
Не найдено,Не найдено,Не найдено,2023_07_08_44b901e51aed12d58c3bg.tex
Не найдено,Не найдено,Не найдено,2023_07_08_44dab8a14667b3afd687g.tex
Не найдено,Не найдено,Не найдено,2023_07_08_45192cb6ec536e770d76g.tex
Не найдено,Не найдено,Не найдено,2023_07_08_452f82f85f093eb20115g.tex
Не найдено,Не найдено,Не найдено,2023_07_08_4547cdaf69944db9a063g.tex
Не найдено,Не найдено,Не найдено,2023_07_08_455266794ce00cc60ffbg.tex
Не найдено,Не найдено,Не найдено,2023_07_08_4562648a8b7681500f76g.tex
Не найдено,Не найдено,Не найдено,2023_07_08_458334d280645174b086g.tex
Не найдено,Не найдено,Не найдено,2023_07_08_458334d280645174b086g_1.tex
Не найдено,Не найдено,Не найдено,2023_07_08_458334d280645174b086g_2.tex
Не найдено,Не найдено,Не найдено,2023_07_08_4587183babe30c9054c0g.tex
Не найдено,Не найдено,Не найдено,2023_07_08_4593458147d2463c4c05g.tex
Не найдено,Не найдено,Не найдено,2023_07_08_45a3904da343931e9ee6g.tex
Не найдено,Не найдено,Не найдено,2023_07_08_45ac150e6cdac5837d8ag.tex
Не найдено,Не найдено,Не найдено,2023_07_08_45b3ca3ebf04dcbe4670g.tex
Не найдено,Не найдено,Не найдено,2023_07_08_45e1e38858c578774066g.tex
Не найдено,Не найдено,Не найдено,2023_07_08_4608f8cb5e71f208fca6g.tex
Не найдено,Не найдено,Не найдено,2023_07_08_4609393b1f93fcff9c25g.tex
Не найдено,Не найдено,Не найдено,2023_07_08_4609f1c59e80ae155bb6g.tex
Не найдено,Не найдено,Не найдено,2023_07_08_46189a1107a19f7fcef6g.tex
Не найдено,Не найдено,Не найдено,2023_07_08_46683cfa4e43c7a5fcd1g.tex
Не найдено,Не найдено,Не найдено,2023_07_08_466fd05ea2dac05c0537g.tex
Не найдено,Не найдено,Не найдено,2023_07_08_46ab1fea120072cf5754g.tex
Не найдено,Не найдено,Не найдено,2023_07_08_46ab1fea120072cf5754g_1.tex
Не найдено,Не найдено,Не найдено,2023_07_08_46ab1fea120072cf5754g_2.tex
Не найдено,Не найдено,Не найдено,2023_07_08_46b42f72760e573b6d0bg.tex
Не найдено,Не найдено,Не найдено,2023_07_08_46c12a9ebf37385a5c5fg.tex
Не найдено,Не найдено,Не найдено,2023_07_08_46d2a8ca9a00d5626055g.tex
Не найдено,Не найдено,Не найдено,2023_07_08_46db82542e75eafc9623g.tex
Не найдено,Не найдено,Не найдено,2023_07_08_47069a4d20ff69c3f2adg.tex
Не найдено,Не найдено,Не найдено,2023_07_08_471098222fdf722dc57dg.tex
Не найдено,Не найдено,Не найдено,2023_07_08_47169ba4f51a8b7bfc6fg.tex
Не найдено,Не найдено,Не найдено,2023_07_08_4726f6c8340a77a1feb5g.tex
Не найдено,Не найдено,Не найдено,2023_07_08_4728d20a97e0febc9461g.tex
Не найдено,Не найдено,Не найдено,2023_07_08_4731fbedb794a52ac460g.tex
Не найдено,Не найдено,Не найдено,2023_07_08_47334620db4c3f9e556dg.tex
Не найдено,Не найдено,Не найдено,2023_07_08_4739a19e975c0dec660dg.tex
Не найдено,Не найдено,Не найдено,2023_07_08_474c81bea6de22038556g.tex
Не найдено,Не найдено,Не найдено,2023_07_08_477485a09489239f6d75g.tex
Не найдено,Не найдено,Не найдено,2023_07_08_4791356503d71a8c51f3g.tex
Не найдено,Не найдено,Не найдено,2023_07_08_47b2cfef8489f00e6ff2g.tex
Не найдено,Не найдено,Не найдено,2023_07_08_47ba69fcd0cc73578434g.tex
Не найдено,Не найдено,Не найдено,2023_07_08_47da0c1716ca7e4586fbg.tex
Не найдено,Не найдено,Не найдено,2023_07_08_47de8385d8feeb788080g.tex
Не найдено,Не найдено,Не найдено,2023_07_08_47e6954250953bbe476cg.tex
Не найдено,Не найдено,Не найдено,2023_07_08_4807eb633ced43c1b4d7g.tex
Не найдено,Не найдено,Не найдено,2023_07_08_48156f8541111a967ed6g.tex
Не найдено,Не найдено,Не найдено,2023_07_08_4832fc13fb60876eacd1g.tex
Не найдено,Не найдено,Не найдено,2023_07_08_48400f45530c73855d1ag.tex
Не найдено,Не найдено,Не найдено,2023_07_08_48400f45530c73855d1ag_1.tex
Не найдено,Не найдено,Не найдено,2023_07_08_48400f45530c73855d1ag_2.tex
Не найдено,Не найдено,Не найдено,2023_07_08_4845d925561a74969b05g.tex
Не найдено,Не найдено,Не найдено,2023_07_08_48496067e0557af805acg.tex
Не найдено,Не найдено,Не найдено,2023_07_08_484f9dfb0d4523aa44c6g.tex
Не найдено,Не найдено,Не найдено,2023_07_08_4877c507213400b1098ag.tex
Не найдено,Не найдено,Не найдено,2023_07_08_4877c507213400b1098ag_1.tex
Не найдено,Не найдено,Не найдено,2023_07_08_4877c507213400b1098ag_2.tex
Не найдено,Не найдено,Не найдено,2023_07_08_489ec4aa0402f8a40bd2g.tex
Не найдено,Не найдено,Не найдено,2023_07_08_48a4cdb07ad9b62364bbg.tex
Не найдено,Не найдено,Не найдено,2023_07_08_48b40f1ac22671ff50ffg.tex
Не найдено,Не найдено,Не найдено,2023_07_08_48d3224d4755f11871c2g.tex
Не найдено,Не найдено,Не найдено,2023_07_08_48d7380939a6995ac067g.tex
Не найдено,Не найдено,Не найдено,2023_07_08_48e7338b46cd2dfb3a36g.tex
Не найдено,Не найдено,Не найдено,2023_07_08_4909cfdb4fc37cd3bb88g.tex
Не найдено,Не найдено,Не найдено,2023_07_08_4909cfdb4fc37cd3bb88g_1.tex
Не найдено,Не найдено,Не найдено,2023_07_08_491eed24ec78bf2b8d39g.tex
Не найдено,Не найдено,Не найдено,2023_07_08_492c36a4c56d2c55bac8g.tex
Не найдено,Не найдено,Не найдено,2023_07_08_49414474bdc36ecb5882g.tex
Не найдено,Не найдено,Не найдено,2023_07_08_494c0827f8b9c7008ae9g.tex
Не найдено,Не найдено,Не найдено,2023_07_08_494c0827f8b9c7008ae9g_1.tex
Не найдено,Не найдено,Не найдено,2023_07_08_494c0827f8b9c7008ae9g_2.tex
Не найдено,Не найдено,Не найдено,2023_07_08_495a10e92697380e7b1eg.tex
Не найдено,Не найдено,Не найдено,2023_07_08_4962741fa41a8edfa78fg.tex
Не найдено,Не найдено,Не найдено,2023_07_08_49824a252a4ab5959e5fg.tex
Не найдено,Не найдено,Не найдено,2023_07_08_49966b4debd3de2f4545g.tex
Не найдено,Не найдено,Не найдено,2023_07_08_499819d4534b2874cfdfg.tex
Не найдено,Не найдено,Не найдено,2023_07_08_499a288a35c1268c6be1g.tex
Не найдено,Не найдено,Не найдено,2023_07_08_49e1dd583087d8474815g.tex
Не найдено,Не найдено,Не найдено,2023_07_08_49e7e30a786032a13344g.tex
Не найдено,Не найдено,Не найдено,2023_07_08_49ea54c5a4a97c03a0c6g.tex
Не найдено,Не найдено,Не найдено,2023_07_08_4a170fed8a99cdcfcf61g.tex
Не найдено,Не найдено,Не найдено,2023_07_08_4a2334c6934acb7c9910g.tex
Не найдено,Не найдено,Не найдено,2023_07_08_4a363f7a4aca3db4e26cg.tex
Не найдено,Не найдено,Не найдено,2023_07_08_4a6fcdcc84c9296e84f0g.tex
Не найдено,Не найдено,Не найдено,2023_07_08_4a70d1e260fbcfdda2bcg.tex
Не найдено,Не найдено,Не найдено,2023_07_08_4a7900e4370936af45d6g.tex
Не найдено,Не найдено,Не найдено,2023_07_08_4a8233de03b2dc691e40g.tex
Не найдено,Не найдено,Не найдено,2023_07_08_4a856d8dc022b69fa5e9g.tex
Не найдено,Не найдено,Не найдено,2023_07_08_4a8fa0b7801a1e682e88g.tex
Не найдено,Не найдено,Не найдено,2023_07_08_4aad156cbbf90042f54dg.tex
Не найдено,Не найдено,Не найдено,2023_07_08_4abc749737b184994105g.tex
Не найдено,Не найдено,Не найдено,2023_07_08_4abd0cbec977f058b897g.tex
Не найдено,Не найдено,Не найдено,2023_07_08_4acdf034a7c0bed4ab20g.tex
Не найдено,Не найдено,Не найдено,2023_07_08_4ae0c9e27b25a37b707fg.tex
Не найдено,Не найдено,Не найдено,2023_07_08_4b02fedc5fdd7d886e0ag.tex
Не найдено,Не найдено,Не найдено,2023_07_08_4b0684d42d6e5c450ed1g.tex
Не найдено,Не найдено,Не найдено,2023_07_08_4b1ff8c3140b658bcf72g.tex
Не найдено,Не найдено,Не найдено,2023_07_08_4b2ea6409fb6446d8559g.tex
Не найдено,Не найдено,Не найдено,2023_07_08_4b337ac55ad94ddc66d3g.tex
Не найдено,Не найдено,Не найдено,2023_07_08_4b337ac55ad94ddc66d3g_1.tex
Не найдено,Не найдено,Не найдено,2023_07_08_4b337ac55ad94ddc66d3g_2.tex
Не найдено,Не найдено,Не найдено,2023_07_08_4b4bf9cb1d0870c7b192g.tex
Не найдено,Не найдено,Не найдено,2023_07_08_4b559f54e533ba6b9da3g.tex
Не найдено,Не найдено,Не найдено,2023_07_08_4b581d123614703828e1g.tex
Не найдено,Не найдено,Не найдено,2023_07_08_4b6706eec49d06a6bdb3g.tex
Не найдено,Не найдено,Не найдено,2023_07_08_4b69eaeb14c92a38822fg.tex
Не найдено,Не найдено,Не найдено,2023_07_08_4b7678f49587c20b1373g.tex
Не найдено,Не найдено,Не найдено,2023_07_08_4b84bf4ecd537d54dad2g.tex
Не найдено,Не найдено,Не найдено,2023_07_08_4b91cd88461529fc7976g.tex
Не найдено,Не найдено,Не найдено,2023_07_08_4b975d611a744664a50bg.tex
Не найдено,Не найдено,Не найдено,2023_07_08_4b9d80b989d680856d96g.tex
Не найдено,Не найдено,Не найдено,2023_07_08_4bafea5c20ed2cef19b9g.tex
Не найдено,Не найдено,Не найдено,2023_07_08_4bcf262d2ae387eab3d7g.tex
Не найдено,Не найдено,Не найдено,2023_07_08_4bd453c54c0bf02b1cdeg.tex
Не найдено,Не найдено,Не найдено,2023_07_08_4bd832b740930cea2587g.tex
Не найдено,Не найдено,Не найдено,2023_07_08_4be35ba340162545e50bg.tex
Не найдено,Не найдено,Не найдено,2023_07_08_4bfadaaabe4d3ea0ce49g.tex
Не найдено,Не найдено,Не найдено,2023_07_08_4c49e1b63d04c39137ebg.tex
Не найдено,Не найдено,Не найдено,2023_07_08_4c79b381b34bd9002eb4g.tex
Не найдено,Не найдено,Не найдено,2023_07_08_4ca6ef9fd7b8b72c3cffg.tex
Не найдено,Не найдено,Не найдено,2023_07_08_4ccadecdfc7427e833efg.tex
Не найдено,Не найдено,Не найдено,2023_07_08_4ce4ede6cdea660b55f8g.tex
Не найдено,Не найдено,Не найдено,2023_07_08_4ce5db2cace7c7eb251dg.tex
Не найдено,Не найдено,Не найдено,2023_07_08_4d4ff348275b8e2a7e3ag.tex
Не найдено,Не найдено,Не найдено,2023_07_08_4d5edecfd6563af2e899g.tex
Не найдено,Не найдено,Не найдено,2023_07_08_4d7d4da21cab8ed70ef0g.tex
Не найдено,Не найдено,Не найдено,2023_07_08_4d8cfb5d749f6d33a1b6g.tex
Не найдено,Не найдено,Не найдено,2023_07_08_4dc7cf9321e0d1ad30ddg.tex
Не найдено,Не найдено,Не найдено,2023_07_08_4df710aabc11199ebd8bg.tex
Не найдено,Не найдено,Не найдено,2023_07_08_4e2bf50b53dbc77e10e1g.tex
Не найдено,Не найдено,Не найдено,2023_07_08_4e56d3154cea90ece0e1g.tex
Не найдено,Не найдено,Не найдено,2023_07_08_4e66c16d5915eb7cf5eag.tex
Не найдено,Не найдено,Не найдено,2023_07_08_4e835891c827a09a4f13g.tex
Не найдено,Не найдено,Не найдено,2023_07_08_4ea9f8d65d9174920e28g.tex
Не найдено,Не найдено,Не найдено,2023_07_08_4ea9f8d65d9174920e28g_1.tex
Не найдено,Не найдено,Не найдено,2023_07_08_4eae891ac3006f903166g.tex
Не найдено,Не найдено,Не найдено,2023_07_08_4eae891ac3006f903166g_1.tex
Не найдено,Не найдено,Не найдено,2023_07_08_4eae891ac3006f903166g_2.tex
Не найдено,Не найдено,Не найдено,2023_07_08_4ec51292a7fe2ffa621fg.tex
$\mathbf{0,Не найдено,Не найдено,2023_07_08_4ee5d08597fa18dc1bc5g.tex
Не найдено,Не найдено,Не найдено,2023_07_08_4eebc7bd48cf1b333529g.tex
Не найдено,Не найдено,Не найдено,2023_07_08_4ef8818b03b16beb7d94g.tex
Не найдено,Не найдено,Не найдено,2023_07_08_4efc1cc9d2760182bc26g.tex
Не найдено,Не найдено,Не найдено,2023_07_08_4f0d70fbc5a07fd3661bg.tex
Не найдено,Не найдено,Не найдено,2023_07_08_4f139a50fe804ab219d1g.tex
Не найдено,Не найдено,Не найдено,2023_07_08_4f42e2b432506cb16af4g.tex
Не найдено,Не найдено,Не найдено,2023_07_08_4f687f1adcc32293c3b8g.tex
Не найдено,Не найдено,Не найдено,2023_07_08_4f6f35b8a7ac154dcb83g.tex
Не найдено,Не найдено,Не найдено,2023_07_08_4fcb203a8aca3d8b3a34g.tex
Не найдено,Не найдено,Не найдено,2023_07_08_4fe995e395278e2afe7eg.tex
Не найдено,Не найдено,Не найдено,2023_07_08_4ff172ef1bc3cbe5d42dg.tex
Не найдено,Не найдено,Не найдено,2023_07_08_4ff52c06e82bbc252693g.tex
Не найдено,Не найдено,Не найдено,2023_07_08_502d8283fe15ce99e0b4g.tex
Не найдено,Не найдено,Не найдено,2023_07_08_5054f0130394917b0b33g.tex
Не найдено,Не найдено,Не найдено,2023_07_08_507e6fb4cb783c3e2c45g.tex
Не найдено,Не найдено,Не найдено,2023_07_08_508580a3214946cc032eg.tex
Не найдено,Не найдено,Не найдено,2023_07_08_50a2a873605733895983g.tex
Не найдено,Не найдено,Не найдено,2023_07_08_50bb423fe93e33c3d003g.tex
Не найдено,Не найдено,Не найдено,2023_07_08_50be96ad260d2fb8f856g.tex
Не найдено,Не найдено,Не найдено,2023_07_08_50d4a69b290bddc79ea0g.tex
Не найдено,Не найдено,Не найдено,2023_07_08_50db508d8c56ca19e6ccg.tex
Не найдено,Не найдено,Не найдено,2023_07_08_50e97e3afe654e30aed2g.tex
Не найдено,Не найдено,Не найдено,2023_07_08_5108d20b99306d0449a3g.tex
Не найдено,Не найдено,Не найдено,2023_07_08_510abc2f54596b5adc57g.tex
Не найдено,Не найдено,Не найдено,2023_07_08_514affc6d5a6155c3401g.tex
Не найдено,Не найдено,Не найдено,2023_07_08_5167f3de61f16d133169g.tex
Не найдено,Не найдено,Не найдено,2023_07_08_5175c2d28b99324cac9fg.tex
Не найдено,Не найдено,Не найдено,2023_07_08_5190dfd2e8b47aae07a3g.tex
Не найдено,Не найдено,Не найдено,2023_07_08_5191bcf39245a394aa1eg.tex
Не найдено,Не найдено,Не найдено,2023_07_08_5193eaa2f1535eff54e0g.tex
Не найдено,Не найдено,Не найдено,2023_07_08_51a86d7fdbe3a8b70b9bg.tex
Не найдено,Не найдено,Не найдено,2023_07_08_51f29e936ba200555c17g.tex
Не найдено,Не найдено,Не найдено,2023_07_08_51fa81623ba11e7c1ad8g.tex
Не найдено,Не найдено,Не найдено,2023_07_08_5234dc45f31147a592e5g.tex
Не найдено,Не найдено,Не найдено,2023_07_08_52358c6247458ab76971g.tex
Не найдено,Не найдено,Не найдено,2023_07_08_524ad90cd524fc204609g.tex
Не найдено,Не найдено,Не найдено,2023_07_08_527e8c1cd56390cd0e46g.tex
Не найдено,Не найдено,Не найдено,2023_07_08_528d476d66d9d67349f2g.tex
Не найдено,Не найдено,Не найдено,2023_07_08_529382e8eeb28b9697c1g.tex
Не найдено,Не найдено,Не найдено,2023_07_08_52a1c8440b1a54f2097fg.tex
Не найдено,Не найдено,Не найдено,2023_07_08_52d12c4138793ee957e3g.tex
Не найдено,Не найдено,Не найдено,2023_07_08_52dff718f3c203cc5f97g.tex
Не найдено,Не найдено,Не найдено,2023_07_08_52e02bb04ad3b3a6230ag.tex
Не найдено,Не найдено,Не найдено,2023_07_08_52e90a33781019d45f8fg.tex
Не найдено,Не найдено,Не найдено,2023_07_08_52f6a0511a42f95f138eg.tex
Не найдено,Не найдено,Не найдено,2023_07_08_53032b064e78773645acg.tex
Не найдено,Не найдено,Не найдено,2023_07_08_53229e23c506a6587c00g.tex
Не найдено,Не найдено,Не найдено,2023_07_08_532b5a994ae8c2e87c1cg.tex
Не найдено,Не найдено,Не найдено,2023_07_08_532da3896e366e870c24g.tex
Не найдено,Не найдено,Не найдено,2023_07_08_534ab5f411755f8ed7c8g.tex
Не найдено,Не найдено,Не найдено,2023_07_08_535f48a731219bff6016g.tex
Не найдено,Не найдено,Не найдено,2023_07_08_5368b0afc66a72a62a88g.tex
Не найдено,Не найдено,Не найдено,2023_07_08_536a839bcf22227b5860g.tex
Не найдено,Не найдено,Не найдено,2023_07_08_5388a8badf1745f9987ag.tex
Не найдено,Не найдено,Не найдено,2023_07_08_538c59e7d0ee53142860g.tex
Не найдено,Не найдено,Не найдено,2023_07_08_539486042a8a8eae1a8bg.tex
Не найдено,Не найдено,Не найдено,2023_07_08_53b660599d87d164aeb4g.tex
Не найдено,Не найдено,Не найдено,2023_07_08_53cbeb01b6f4729cf45eg.tex
Не найдено,Не найдено,Не найдено,2023_07_08_53d04c933e7f0b3cfe67g.tex
Не найдено,Не найдено,Не найдено,2023_07_08_53e9a621c78da37ef4b5g.tex
Не найдено,Не найдено,Не найдено,2023_07_08_53fbe4a11542bab96337g.tex
Не найдено,Не найдено,Не найдено,2023_07_08_541f93b85154c13415d5g.tex
Не найдено,Не найдено,Не найдено,2023_07_08_543d145000d998c79e3ag.tex
Не найдено,Не найдено,Не найдено,2023_07_08_543d145000d998c79e3ag_1.tex
Не найдено,Не найдено,Не найдено,2023_07_08_543d145000d998c79e3ag_2.tex
Не найдено,Не найдено,Не найдено,2023_07_08_546f0d5178262359712eg.tex
Не найдено,Не найдено,Не найдено,2023_07_08_547416cb64a325121a93g.tex
Не найдено,Не найдено,Не найдено,2023_07_08_547416cb64a325121a93g_1.tex
Не найдено,Не найдено,Не найдено,2023_07_08_5475539b011298cbfb60g.tex
Не найдено,Не найдено,Не найдено,2023_07_08_548c9a6e8bc5905636b3g.tex
Не найдено,Не найдено,Не найдено,2023_07_08_548dd2799bf7481370a9g.tex
Не найдено,Не найдено,Не найдено,2023_07_08_549c54e780e92dbe1a21g.tex
Не найдено,Не найдено,Не найдено,2023_07_08_549c54e780e92dbe1a21g_1.tex
Не найдено,Не найдено,Не найдено,2023_07_08_549c54e780e92dbe1a21g_2.tex
Не найдено,Не найдено,Не найдено,2023_07_08_54dab8ab5c4b9253ab4cg.tex
Не найдено,Не найдено,Не найдено,2023_07_08_54e0f51f8344117c8933g.tex
Не найдено,Не найдено,Не найдено,2023_07_08_550d725626de0977a694g.tex
Не найдено,Не найдено,Не найдено,2023_07_08_551607bc66a39f87726cg.tex
Не найдено,Не найдено,Не найдено,2023_07_08_552c23232b0bf1dd5a1bg.tex
Не найдено,Не найдено,Не найдено,2023_07_08_5577fe903062946448beg.tex
Не найдено,Не найдено,Не найдено,2023_07_08_55b25ff8eafb7b850705g.tex
Не найдено,Не найдено,Не найдено,2023_07_08_55d6a9c8852fa8790b4bg.tex
Не найдено,Не найдено,Не найдено,2023_07_08_55f851233634ab2c9ef9g.tex
Не найдено,Не найдено,Не найдено,2023_07_08_5653eebfcce1a94a6b0bg.tex
Не найдено,Не найдено,Не найдено,2023_07_08_56872f0ed4a76d56274bg.tex
Не найдено,Не найдено,Не найдено,2023_07_08_56941c53dbbed45aeef1g.tex
Не найдено,Не найдено,Не найдено,2023_07_08_569c15c92c6c4b320b58g.tex
Не найдено,Не найдено,Не найдено,2023_07_08_56cf342ffe1fdd372e24g.tex
Не найдено,Не найдено,Не найдено,2023_07_08_56d8213d3d5cde34c8d0g.tex
Не найдено,Не найдено,Не найдено,2023_07_08_56fb6b17848ae88ea2dag.tex
Не найдено,Не найдено,Не найдено,2023_07_08_56fec47715621d794427g.tex
Не найдено,Не найдено,Не найдено,2023_07_08_56fec47715621d794427g_1.tex
Не найдено,Не найдено,Не найдено,2023_07_08_57285e1418d4f0934756g.tex
Не найдено,Не найдено,Не найдено,2023_07_08_575bea5d2554dc8dfd19g.tex
Не найдено,Не найдено,Не найдено,2023_07_08_577114e276e159485f49g.tex
Не найдено,Не найдено,Не найдено,2023_07_08_57b6f77dfe0d6c5f7168g.tex
Не найдено,Не найдено,Не найдено,2023_07_08_57cb6635d83c69d15c28g.tex
Не найдено,Не найдено,Не найдено,2023_07_08_57f018282c6653510098g.tex
Не найдено,Не найдено,Не найдено,2023_07_08_57f32ce58e5e7716d73bg.tex
Не найдено,Не найдено,Не найдено,2023_07_08_57f8144fc739f458d10cg.tex
Не найдено,Не найдено,Не найдено,2023_07_08_580d08302785c7165512g.tex
Не найдено,Не найдено,Не найдено,2023_07_08_5817fc96f28b47314562g.tex
Не найдено,Не найдено,Не найдено,2023_07_08_581bc18b30fd561fd485g.tex
Не найдено,Не найдено,Не найдено,2023_07_08_58219a1ec1b5e22e431dg.tex
Не найдено,Не найдено,Не найдено,2023_07_08_58301918dd7d745c8b5fg.tex
Не найдено,Не найдено,Не найдено,2023_07_08_58357a75f189188d3b0cg.tex
Не найдено,Не найдено,Не найдено,2023_07_08_5897d16ba1f51c899931g.tex
Не найдено,Не найдено,Не найдено,2023_07_08_58a6d9b403bf4a14d50ag.tex
Не найдено,Не найдено,Не найдено,2023_07_08_58ac685803645f9d9b64g.tex
Не найдено,Не найдено,Не найдено,2023_07_08_58b5213bbb74b9a00143g.tex
Не найдено,Не найдено,Не найдено,2023_07_08_58bd23cc061f8d78db15g.tex
Не найдено,Не найдено,Не найдено,2023_07_08_58f11b1bc262ba5b3e62g.tex
Не найдено,Не найдено,Не найдено,2023_07_08_58f3340b588619adbaa8g.tex
Не найдено,Не найдено,Не найдено,2023_07_08_58f903eb5a83a0e13a93g.tex
Не найдено,Не найдено,Не найдено,2023_07_08_58f903eb5a83a0e13a93g_1.tex
Не найдено,Не найдено,Не найдено,2023_07_08_58f903eb5a83a0e13a93g_2.tex
Не найдено,Не найдено,Не найдено,2023_07_08_591cc4642f15eafb0483g.tex
Не найдено,Не найдено,Не найдено,2023_07_08_59486f6b29583546ff7eg.tex
Не найдено,Не найдено,Не найдено,2023_07_08_594c6c569f7d5adebca4g.tex
Не найдено,Не найдено,Не найдено,2023_07_08_594f36ca3f85772b3243g.tex
Не найдено,Не найдено,Не найдено,2023_07_08_5974ab8e8a8bc085f797g.tex
Не найдено,Не найдено,Не найдено,2023_07_08_5977c34535cd14da65fbg.tex
Не найдено,Не найдено,Не найдено,2023_07_08_5977c34535cd14da65fbg_1.tex
Не найдено,Не найдено,Не найдено,2023_07_08_5977c34535cd14da65fbg_2.tex
Не найдено,Не найдено,Не найдено,2023_07_08_59814257d914942bf85eg.tex
Не найдено,Не найдено,Не найдено,2023_07_08_59892c85ebe6b15a162dg.tex
Не найдено,Не найдено,Не найдено,2023_07_08_599ce49502f58573ab61g.tex
Не найдено,Не найдено,Не найдено,2023_07_08_599dfa6db5a4813eaafdg.tex
Не найдено,Не найдено,Не найдено,2023_07_08_59a3332958ad9c8210e0g.tex
Не найдено,Не найдено,Не найдено,2023_07_08_59d29447aa43d5cfe856g.tex
Не найдено,Не найдено,Не найдено,2023_07_08_59d2f6ead148d62e5d6eg.tex
Не найдено,Не найдено,Не найдено,2023_07_08_59f942194af875d326a3g.tex
Не найдено,Не найдено,Не найдено,2023_07_08_5a2e49a87865251743a1g.tex
Не найдено,Не найдено,Не найдено,2023_07_08_5a62d1a85e59edfdafb2g.tex
Не найдено,Не найдено,Не найдено,2023_07_08_5a8130ee83ed2ea82202g.tex
Не найдено,Не найдено,Не найдено,2023_07_08_5a8130ee83ed2ea82202g_1.tex
Не найдено,Не найдено,Не найдено,2023_07_08_5a82fc18a9cc28107ffag.tex
Не найдено,Не найдено,Не найдено,2023_07_08_5a8bc4230346976b590dg.tex
Не найдено,Не найдено,Не найдено,2023_07_08_5a8e40682edd7829ec5ag.tex
Не найдено,Не найдено,Не найдено,2023_07_08_5a8eccea5254213ef035g.tex
Не найдено,Не найдено,Не найдено,2023_07_08_5ab8e9bf55a4f1abf5cag.tex
Не найдено,Не найдено,Не найдено,2023_07_08_5abf844d4c3a82a02238g.tex
Не найдено,Не найдено,Не найдено,2023_07_08_5ac22076b6b821bc15b9g.tex
Не найдено,Не найдено,Не найдено,2023_07_08_5acc61f00c3c9b187216g.tex
Не найдено,Не найдено,Не найдено,2023_07_08_5ad204ada2c2cae58a63g.tex
Не найдено,Не найдено,Не найдено,2023_07_08_5ad6d532d1f0905a0814g.tex
Не найдено,Не найдено,Не найдено,2023_07_08_5afad325a6f8041b9e9fg.tex
Не найдено,Не найдено,Не найдено,2023_07_08_5b1febe58a96a368c8b5g.tex
44 БИФУРКАЦИЯ ,Не найдено,Не найдено,2023_07_08_5b2ce87d51d3837f5754g.tex
Не найдено,Не найдено,Не найдено,2023_07_08_5b664d37d00d8ce5faffg.tex
Не найдено,Не найдено,Не найдено,2023_07_08_5b664d37d00d8ce5faffg_1.tex
Не найдено,Не найдено,Не найдено,2023_07_08_5b664d37d00d8ce5faffg_2.tex
Не найдено,Не найдено,Не найдено,2023_07_08_5b9ae2dc29930ed6b0dfg.tex
Не найдено,Не найдено,Не найдено,2023_07_08_5ba6555a9ff256882827g.tex
Не найдено,Не найдено,Не найдено,2023_07_08_5ba65977bc21e9cc5136g.tex
Не найдено,Не найдено,Не найдено,2023_07_08_5bb77d88687dea05cea6g.tex
Не найдено,Не найдено,Не найдено,2023_07_08_5bc7ada5f67286b26c4fg.tex
Не найдено,Не найдено,Не найдено,2023_07_08_5be83a7c58174be2a278g.tex
Не найдено,Не найдено,Не найдено,2023_07_08_5beed5b2446e4f117d51g.tex
Не найдено,Не найдено,Не найдено,2023_07_08_5c0c608be4ac1fde09cbg.tex
Не найдено,Не найдено,Не найдено,2023_07_08_5c0f11f7477109a66586g.tex
Не найдено,Не найдено,Не найдено,2023_07_08_5c20ce35b05b1444299dg.tex
$\mathbf{K,Не найдено,Не найдено,2023_07_08_5c30d8d381dcada0c5e0g.tex
Не найдено,Не найдено,Не найдено,2023_07_08_5c33dd6df459458826bag.tex
Не найдено,Не найдено,Не найдено,2023_07_08_5c36bd66805b35913d07g.tex
Не найдено,Не найдено,Не найдено,2023_07_08_5c3a75a1d3e3cad65474g.tex
Не найдено,Не найдено,Не найдено,2023_07_08_5c56ed85e87c05d49c70g.tex
Не найдено,Не найдено,Не найдено,2023_07_08_5c61a43f15395127587dg.tex
Не найдено,Не найдено,Не найдено,2023_07_08_5c69c5d2abc86149369ag.tex
Не найдено,Не найдено,Не найдено,2023_07_08_5c83cf715e5dbae2b283g.tex
Не найдено,Не найдено,Не найдено,2023_07_08_5c90d9833ebe8479b1aeg.tex
Не найдено,Не найдено,Не найдено,2023_07_08_5cad30a1d4717a7f0a51g.tex
Не найдено,Не найдено,Не найдено,2023_07_08_5cb9b6e493787c4ad64dg.tex
Не найдено,Не найдено,Не найдено,2023_07_08_5cdd37314abb13806a78g.tex
Не найдено,Не найдено,Не найдено,2023_07_08_5ce43341e1733e684ab7g.tex
Не найдено,Не найдено,Не найдено,2023_07_08_5cf695a144c9e9d0fe45g.tex
Не найдено,Не найдено,Не найдено,2023_07_08_5d171c6ff1ee60ac5f51g.tex
Не найдено,Не найдено,Не найдено,2023_07_08_5d1825754f51e39e05cfg.tex
Не найдено,Не найдено,Не найдено,2023_07_08_5d676fad421a70dcd9ddg.tex
Не найдено,Не найдено,Не найдено,2023_07_08_5d85bfd7627e7dee20cbg.tex
Не найдено,Не найдено,Не найдено,2023_07_08_5d98ce991e0011e6b713g.tex
Не найдено,Не найдено,Не найдено,2023_07_08_5daa4f6f00561b26c36ag.tex
Не найдено,Не найдено,Не найдено,2023_07_08_5dae2bee379372e86aa1g.tex
Не найдено,Не найдено,Не найдено,2023_07_08_5dae49df1215748d989dg.tex
Не найдено,Не найдено,Не найдено,2023_07_08_5dbe2ca704821b26b754g.tex
Не найдено,Не найдено,Не найдено,2023_07_08_5dc441fb22587670409cg.tex
Не найдено,Не найдено,Не найдено,2023_07_08_5dd96fb04b20912c9d71g.tex
Не найдено,Не найдено,Не найдено,2023_07_08_5dfa0c40dd08d90ecebfg.tex
Не найдено,Не найдено,Не найдено,2023_07_08_5dfdc89e6b440aa06184g.tex
Не найдено,Не найдено,Не найдено,2023_07_08_5e1608f3dcbcd237f749g.tex
Не найдено,Не найдено,Не найдено,2023_07_08_5e1fe2e700d7007cbe71g.tex
Не найдено,Не найдено,Не найдено,2023_07_08_5e2cdac6f18c58fd6755g.tex
Не найдено,Не найдено,Не найдено,2023_07_08_5e2ec0a1ed56ec503b0dg.tex
Не найдено,Не найдено,Не найдено,2023_07_08_5e41d6cacece680fddbeg.tex
Не найдено,Не найдено,Не найдено,2023_07_08_5e523e0f320025e3a770g.tex
Не найдено,Не найдено,Не найдено,2023_07_08_5e5450dc086cc958dd93g.tex
Не найдено,Не найдено,Не найдено,2023_07_08_5e5450dc086cc958dd93g_1.tex
Не найдено,Не найдено,Не найдено,2023_07_08_5e5450dc086cc958dd93g_2.tex
Не найдено,Не найдено,Не найдено,2023_07_08_5e70a9b6f3fbe255177bg.tex
Не найдено,Не найдено,Не найдено,2023_07_08_5e874576969b00f94579g.tex
Не найдено,Не найдено,Не найдено,2023_07_08_5e9427aafee7248cd670g.tex
Не найдено,Не найдено,Не найдено,2023_07_08_5ebe538d0a0038393a77g.tex
Не найдено,Не найдено,Не найдено,2023_07_08_5ed8299f90fd5fa9ad32g.tex
Не найдено,Не найдено,Не найдено,2023_07_08_5edf443d14c4a8da8e11g.tex
Не найдено,Не найдено,Не найдено,2023_07_08_5ee4df6df65b12d52487g.tex
Не найдено,Не найдено,Не найдено,2023_07_08_5ee4df6df65b12d52487g_1.tex
Не найдено,Не найдено,Не найдено,2023_07_08_5ee4df6df65b12d52487g_2.tex
Не найдено,Не найдено,Не найдено,2023_07_08_5ee6c9554b86d1d7ce69g.tex
Не найдено,Не найдено,Не найдено,2023_07_08_5f1947a25322616df93cg.tex
Не найдено,Не найдено,Не найдено,2023_07_08_5f2e560405a3dbafe620g.tex
Не найдено,Не найдено,Не найдено,2023_07_08_5f316030c5e00e008c29g.tex
Не найдено,Не найдено,Не найдено,2023_07_08_5f40f101bfc11d6c5122g.tex
Не найдено,Не найдено,Не найдено,2023_07_08_5f47367d79e51a11f39dg.tex
Не найдено,Не найдено,Не найдено,2023_07_08_5f652255c820833cae1dg.tex
Не найдено,Не найдено,Не найдено,2023_07_08_5f876aeda83ce1d68ee8g.tex
Не найдено,Не найдено,Не найдено,2023_07_08_5f8a6654addb502f1591g.tex
Не найдено,Не найдено,Не найдено,2023_07_08_5f921365a33675828d32g.tex
Не найдено,Не найдено,Не найдено,2023_07_08_5faa959df70d217e7961g.tex
Не найдено,Не найдено,Не найдено,2023_07_08_5fb30a1784416a427d77g.tex
Не найдено,Не найдено,Не найдено,2023_07_08_5fc27b1ab8c4bc768fdag.tex
Не найдено,Не найдено,Не найдено,2023_07_08_6028303e43c6bcab6ef2g.tex
Не найдено,Не найдено,Не найдено,2023_07_08_6028303e43c6bcab6ef2g_1.tex
Не найдено,Не найдено,Не найдено,2023_07_08_6028303e43c6bcab6ef2g_2.tex
Не найдено,Не найдено,Не найдено,2023_07_08_603796607c0e98b5f292g.tex
Не найдено,Не найдено,Не найдено,2023_07_08_603c612f5cdb31ef9228g.tex
Не найдено,Не найдено,Не найдено,2023_07_08_60404711385de2f9f870g.tex
Не найдено,Не найдено,Не найдено,2023_07_08_605dbbcacc2fe9e071c2g.tex
Не найдено,Не найдено,Не найдено,2023_07_08_605dbbcacc2fe9e071c2g_1.tex
Не найдено,Не найдено,Не найдено,2023_07_08_607aaa0639ab9066242ag.tex
Не найдено,Не найдено,Не найдено,2023_07_08_608c317e5086ec1afa4dg.tex
Не найдено,Не найдено,Не найдено,2023_07_08_608d38e336b07a2a0888g.tex
Не найдено,Не найдено,Не найдено,2023_07_08_60935fdb7f73dab81b52g.tex
Не найдено,Не найдено,Не найдено,2023_07_08_60978ea8b9b785c2cc8ag.tex
Не найдено,Не найдено,Не найдено,2023_07_08_60c4a064d3bebdddc7f1g.tex
Не найдено,Не найдено,Не найдено,2023_07_08_60f93b32c41b705d6edbg.tex
Не найдено,Не найдено,Не найдено,2023_07_08_61075bd3fe2a498ce803g.tex
Не найдено,Не найдено,Не найдено,2023_07_08_6115449382100eed3414g.tex
Не найдено,Не найдено,Не найдено,2023_07_08_6143e298cf88d776895eg.tex
Не найдено,Не найдено,Не найдено,2023_07_08_6144ef6154c3b5a846d5g.tex
Не найдено,Не найдено,Не найдено,2023_07_08_6147511acb410851a64eg.tex
Не найдено,Не найдено,Не найдено,2023_07_08_617ae2b10f935019c4cbg.tex
Не найдено,Не найдено,Не найдено,2023_07_08_6180943d5a198b634764g.tex
Не найдено,Не найдено,Не найдено,2023_07_08_61b00568b94b2401c49eg.tex
Не найдено,Не найдено,Не найдено,2023_07_08_61cfc1ef78c1a746a184g.tex
Не найдено,Не найдено,Не найдено,2023_07_08_61d61ca3ac86449ecf67g.tex
Не найдено,Не найдено,Не найдено,2023_07_08_61e97a12f84ae5c2244dg.tex
Не найдено,Не найдено,Не найдено,2023_07_08_6222387cd5b7cf176e5eg.tex
Не найдено,Не найдено,Не найдено,2023_07_08_6227e20e7afdab0a3596g.tex
Не найдено,Не найдено,Не найдено,2023_07_08_622b021e783b6dd23068g.tex
Не найдено,Не найдено,Не найдено,2023_07_08_623a41da6f45f7290183g.tex
Не найдено,Не найдено,Не найдено,2023_07_08_62438f50803485a07e3ag.tex
Не найдено,Не найдено,Не найдено,2023_07_08_627017acc6ee5938ed3eg.tex
Не найдено,Не найдено,Не найдено,2023_07_08_62794b3aee604b998a52g.tex
Не найдено,Не найдено,Не найдено,2023_07_08_627b9605bb4838d8715fg.tex
Не найдено,Не найдено,Не найдено,2023_07_08_629da4cb3202f58cedcbg.tex
Не найдено,Не найдено,Не найдено,2023_07_08_629fa336541044fa6dcag.tex
Не найдено,Не найдено,Не найдено,2023_07_08_629fa336541044fa6dcag_1.tex
Не найдено,Не найдено,Не найдено,2023_07_08_62a161bf9cc1ff3ff4c1g.tex
Не найдено,Не найдено,Не найдено,2023_07_08_62bae0756977231ffe01g.tex
Не найдено,Не найдено,Не найдено,2023_07_08_62ea39e8d7a9c2a24c4eg.tex
Не найдено,Не найдено,Не найдено,2023_07_08_6300645296cc410e96deg.tex
Не найдено,Не найдено,Не найдено,2023_07_08_6311e62c71b81fc73d33g.tex
Не найдено,Не найдено,Не найдено,2023_07_08_6321b9e955ac3ef8bfc5g.tex
Не найдено,Не найдено,Не найдено,2023_07_08_63389e66598f999cae10g.tex
Не найдено,Не найдено,Не найдено,2023_07_08_6345cb62afeee045016dg.tex
Не найдено,Не найдено,Не найдено,2023_07_08_6359bb33173a09e3bb28g.tex
Не найдено,Не найдено,Не найдено,2023_07_08_638c568c0317b596f361g.tex
Не найдено,Не найдено,Не найдено,2023_07_08_6395cff2eae9431ad46eg.tex
Не найдено,Не найдено,Не найдено,2023_07_08_6395cff2eae9431ad46eg_1.tex
Не найдено,Не найдено,Не найдено,2023_07_08_6395cff2eae9431ad46eg_2.tex
Не найдено,Не найдено,Не найдено,2023_07_08_639eef361b76ea3f5458g.tex
Не найдено,Не найдено,Не найдено,2023_07_08_63c130ed9e5ee04aeeedg.tex
Не найдено,Не найдено,Не найдено,2023_07_08_63db87c133e973372b99g.tex
Не найдено,Не найдено,Не найдено,2023_07_08_63e36ea434f745ffb41bg.tex
Не найдено,Не найдено,Не найдено,2023_07_08_63e8f95abc6c933a81feg.tex
Не найдено,Не найдено,Не найдено,2023_07_08_63f78d438421251e418cg.tex
Не найдено,Не найдено,Не найдено,2023_07_08_640ee87c0c609e3ba5b1g.tex
Не найдено,Не найдено,Не найдено,2023_07_08_64473a7b8d2f238ec613g.tex
Не найдено,Не найдено,Не найдено,2023_07_08_645e99dcce2d3d7ffc3bg.tex
Не найдено,Не найдено,Не найдено,2023_07_08_646f8748ad4993d69e00g.tex
Не найдено,Не найдено,Не найдено,2023_07_08_64708bbb1aaebb4c639dg.tex
Не найдено,Не найдено,Не найдено,2023_07_08_647702ea9ea21d4dbd2dg.tex
Не найдено,Не найдено,Не найдено,2023_07_08_64773d28afc0a869b1d9g.tex
II ,Не найдено,Не найдено,2023_07_08_647c3328985b1faeda24g.tex
II ,Не найдено,Не найдено,2023_07_08_647c3328985b1faeda24g_1.tex
II ,Не найдено,Не найдено,2023_07_08_647c3328985b1faeda24g_2.tex
Не найдено,Не найдено,Не найдено,2023_07_08_648ca3f01b84dac9abedg.tex
Не найдено,Не найдено,Не найдено,2023_07_08_64a32740c9a3312c5719g.tex
Не найдено,Не найдено,Не найдено,2023_07_08_64a47c4ce6d83e4c1ad0g.tex
Не найдено,Не найдено,Не найдено,2023_07_08_64ce9cbc2045861dfe6ag.tex
Не найдено,Не найдено,Не найдено,2023_07_08_64d3134d957805b2c4aag.tex
Не найдено,Не найдено,Не найдено,2023_07_08_64df31488defbf842c71g.tex
Не найдено,Не найдено,Не найдено,2023_07_08_64e4f2ef3420c4bde04fg.tex
Не найдено,Не найдено,Не найдено,2023_07_08_64e68b9a607abbaa70d4g.tex
Не найдено,Не найдено,Не найдено,2023_07_08_64f6d8470862aaba91ecg.tex
Не найдено,Не найдено,Не найдено,2023_07_08_64f6f423cee420ab61cag.tex
Не найдено,Не найдено,Не найдено,2023_07_08_6517c8cc656c5314f819g.tex
Не найдено,Не найдено,Не найдено,2023_07_08_651d7711e7e529af1a40g.tex
Не найдено,Не найдено,Не найдено,2023_07_08_653f847e30095fc7648fg.tex
Не найдено,Не найдено,Не найдено,2023_07_08_65565aee23cfb1d46bd9g.tex
Не найдено,Не найдено,Не найдено,2023_07_08_656b4c30efb00c3f2bf9g.tex
Не найдено,Не найдено,Не найдено,2023_07_08_656e30c392dc2a86c1d4g.tex
Не найдено,Не найдено,Не найдено,2023_07_08_6584a59bd7eb7d67d7aag.tex
Не найдено,Не найдено,Не найдено,2023_07_08_658d7a4283eb327deb77g.tex
Не найдено,Не найдено,Не найдено,2023_07_08_659ba8aac4f15ca6d9e0g.tex
Не найдено,Не найдено,Не найдено,2023_07_08_65a9f522b58d39fec4b8g.tex
Не найдено,Не найдено,Не найдено,2023_07_08_65aac79e995dcbc0aaf7g.tex
Не найдено,Не найдено,Не найдено,2023_07_08_65b7d9542852b43e9002g.tex
Не найдено,Не найдено,Не найдено,2023_07_08_65ba42d79ed9478683b8g.tex
Не найдено,Не найдено,Не найдено,2023_07_08_65c967f08a82136f0b4cg.tex
Не найдено,Не найдено,Не найдено,2023_07_08_65e4377d3f00c46f7558g.tex
Не найдено,Не найдено,Не найдено,2023_07_08_65e6f1fd4ebe7687510fg.tex
Не найдено,Не найдено,Не найдено,2023_07_08_65e79836bcfa3f27e6b1g.tex
Не найдено,Не найдено,Не найдено,2023_07_08_65e894bb9315984037eag.tex
Не найдено,Не найдено,Не найдено,2023_07_08_65fe994ff12c9a444f16g.tex
Не найдено,Не найдено,Не найдено,2023_07_08_66037ece46e17875b30bg.tex
Не найдено,Не найдено,Не найдено,2023_07_08_6640ef273ae74d9610efg.tex
Не найдено,Не найдено,Не найдено,2023_07_08_66b63b2ea869b5be3e34g.tex
Не найдено,Не найдено,Не найдено,2023_07_08_66f6f0101c99a26ca1c5g.tex
Не найдено,Не найдено,Не найдено,2023_07_08_672a9d43e90ce4bbd827g.tex
Не найдено,Не найдено,Не найдено,2023_07_08_6735927a8e4217a71256g.tex
Не найдено,Не найдено,Не найдено,2023_07_08_67403fe0debf7933e543g.tex
Не найдено,Не найдено,Не найдено,2023_07_08_6784ac76bc9080bee912g.tex
Не найдено,Не найдено,Не найдено,2023_07_08_67a359ba30ed49e5d8d0g.tex
Не найдено,Не найдено,Не найдено,2023_07_08_67c2b4d88f2ad939c802g.tex
Не найдено,Не найдено,Не найдено,2023_07_08_67c2b4d88f2ad939c802g_1.tex
Не найдено,Не найдено,Не найдено,2023_07_08_67c2b4d88f2ad939c802g_2.tex
Не найдено,Не найдено,Не найдено,2023_07_08_67c628f3a768af5b8002g.tex
Не найдено,Не найдено,Не найдено,2023_07_08_67cafdcb018513371a20g.tex
Не найдено,Не найдено,Не найдено,2023_07_08_67d42979df312e157cf2g.tex
Не найдено,Не найдено,Не найдено,2023_07_08_67e0443b3a3acbdec152g.tex
Не найдено,Не найдено,Не найдено,2023_07_08_67ed11dcf15efdb051e7g.tex
Не найдено,Не найдено,Не найдено,2023_07_08_6822d4b68da5a18c21bbg.tex
Не найдено,Не найдено,Не найдено,2023_07_08_6822d4b68da5a18c21bbg_1.tex
Не найдено,Не найдено,Не найдено,2023_07_08_6822d4b68da5a18c21bbg_2.tex
Не найдено,Не найдено,Не найдено,2023_07_08_6827bd8257c3aaa0b9cag.tex
Не найдено,Не найдено,Не найдено,2023_07_08_682ebc2be4f3ebaa4aacg.tex
Не найдено,Не найдено,Не найдено,2023_07_08_683343912768707f7965g.tex
Не найдено,Не найдено,Не найдено,2023_07_08_6839641a2c1984815feag.tex
Не найдено,Не найдено,Не найдено,2023_07_08_685f1fa881dab75fdb3dg.tex
Не найдено,Не найдено,Не найдено,2023_07_08_689340fb1ffb092e9079g.tex
Не найдено,Не найдено,Не найдено,2023_07_08_689f04059db6e2b12410g.tex
Не найдено,Не найдено,Не найдено,2023_07_08_68ba8cc00b0ca55526a2g.tex
Не найдено,Не найдено,Не найдено,2023_07_08_68bcc4ab8615a0f0b965g.tex
Не найдено,Не найдено,Не найдено,2023_07_08_68bd6848304c5e82c383g.tex
Не найдено,Не найдено,Не найдено,2023_07_08_68d09d27314fe394f4a1g.tex
Не найдено,Не найдено,Не найдено,2023_07_08_68f23375ff84425f4fadg.tex
Не найдено,Не найдено,Не найдено,2023_07_08_690031eb848c194c568fg.tex
Не найдено,Не найдено,Не найдено,2023_07_08_692490d1b45a656b18feg.tex
Не найдено,Не найдено,Не найдено,2023_07_08_6930500998daac988995g.tex
Не найдено,Не найдено,Не найдено,2023_07_08_69366c8b1c7bf16eb5e4g.tex
Не найдено,Не найдено,Не найдено,2023_07_08_6945767785c131642076g.tex
Не найдено,Не найдено,Не найдено,2023_07_08_695f9f49f754f06692dfg.tex
Не найдено,Не найдено,Не найдено,2023_07_08_698d924e66548716094ag.tex
Не найдено,Не найдено,Не найдено,2023_07_08_699ba998dc88e34769afg.tex
Не найдено,Не найдено,Не найдено,2023_07_08_69a53b41a3ee340109b6g.tex
Не найдено,Не найдено,Не найдено,2023_07_08_69b900d8562dd1d0c2c4g.tex
Не найдено,Не найдено,Не найдено,2023_07_08_69ebbe6f936e3768ecc4g.tex
Не найдено,Не найдено,Не найдено,2023_07_08_69fbb90c9f5850891cccg.tex
Не найдено,Не найдено,Не найдено,2023_07_08_6a6133f673d69d4da4d6g.tex
Не найдено,Не найдено,Не найдено,2023_07_08_6a7eed4e88e3f0384316g.tex
Не найдено,Не найдено,Не найдено,2023_07_08_6a9cb2394a1c4211cb49g.tex
Не найдено,Не найдено,Не найдено,2023_07_08_6addafbba4f5c847ab81g.tex
Не найдено,Не найдено,Не найдено,2023_07_08_6ae05335d22457132018g.tex
Не найдено,Не найдено,Не найдено,2023_07_08_6aeb35f021c71286a614g.tex
Не найдено,Не найдено,Не найдено,2023_07_08_6aed76ec1ab566ed4d20g.tex
Не найдено,Не найдено,Не найдено,2023_07_08_6aed76ec1ab566ed4d20g_1.tex
Не найдено,Не найдено,Не найдено,2023_07_08_6aed76ec1ab566ed4d20g_2.tex
Не найдено,Не найдено,Не найдено,2023_07_08_6b1cfa89519d890ee68bg.tex
Не найдено,Не найдено,Не найдено,2023_07_08_6b38e632482a4e6139f9g.tex
Не найдено,Не найдено,Не найдено,2023_07_08_6bbd06acdf2af014a619g.tex
Не найдено,Не найдено,Не найдено,2023_07_08_6bcd6f57357f38dbcd2bg.tex
Не найдено,Не найдено,Не найдено,2023_07_08_6bcffe540c6fa80b4b66g.tex
Не найдено,Не найдено,Не найдено,2023_07_08_6bdc953d30cd4afd1278g.tex
Не найдено,Не найдено,Не найдено,2023_07_08_6be1e514f5e5d8c4bbceg.tex
Не найдено,Не найдено,Не найдено,2023_07_08_6be3e46f06651a975066g.tex
Не найдено,Не найдено,Не найдено,2023_07_08_6c0c34ec088c6028e899g.tex
Не найдено,Не найдено,Не найдено,2023_07_08_6c1130e2dcf77ccb08afg.tex
Не найдено,Не найдено,Не найдено,2023_07_08_6c44b54d735de945cf1dg.tex
Не найдено,Не найдено,Не найдено,2023_07_08_6c4818fbfb7d16c5a542g.tex
Не найдено,Не найдено,Не найдено,2023_07_08_6c70d0d6a3b42e8d21a2g.tex
Не найдено,Не найдено,Не найдено,2023_07_08_6cb5f106dbddd2b9f16dg.tex
Не найдено,Не найдено,Не найдено,2023_07_08_6cb81dccbb3f3e86defdg.tex
Не найдено,Не найдено,Не найдено,2023_07_08_6cbc5f1a8d7077e09710g.tex
Не найдено,Не найдено,Не найдено,2023_07_08_6cdbe6996cb2ea569500g.tex
Не найдено,Не найдено,Не найдено,2023_07_08_6ce61e4d765ca2a4b593g.tex
Не найдено,Не найдено,Не найдено,2023_07_08_6cfd214005862b947bc7g.tex
Не найдено,Не найдено,Не найдено,2023_07_08_6cfeef01abbb1dbaad08g.tex
Не найдено,Не найдено,Не найдено,2023_07_08_6d3c3793f02ea83415e4g.tex
Не найдено,Не найдено,Не найдено,2023_07_08_6da545f2a63452688e01g.tex
Не найдено,Не найдено,Не найдено,2023_07_08_6dd0fa525d122b4459acg.tex
Не найдено,Не найдено,Не найдено,2023_07_08_6e11225d0f358bc86eccg.tex
Не найдено,Не найдено,Не найдено,2023_07_08_6e188be744bf0006d521g.tex
Не найдено,Не найдено,Не найдено,2023_07_08_6e6c5929ed1013e67a99g.tex
Не найдено,Не найдено,Не найдено,2023_07_08_6e8aaba486a6838b1743g.tex
Не найдено,Не найдено,Не найдено,2023_07_08_6e8c288b61993dd1d964g.tex
Не найдено,Не найдено,Не найдено,2023_07_08_6e945b896aae40dcfea9g.tex
Не найдено,Не найдено,Не найдено,2023_07_08_6e98e76838f5325e1f44g.tex
Не найдено,Не найдено,Не найдено,2023_07_08_6e99e11161a9b14a707dg.tex
Не найдено,Не найдено,Не найдено,2023_07_08_6ea32ac020d6d65f31e6g.tex
Не найдено,Не найдено,Не найдено,2023_07_08_6eda8aab64c354d212fbg.tex
Не найдено,Не найдено,Не найдено,2023_07_08_6ee662d05a83cb2d15e1g.tex
Не найдено,Не найдено,Не найдено,2023_07_08_6f1d74ec7cc8c5c4c98eg.tex
Не найдено,Не найдено,Не найдено,2023_07_08_6f1e70f73c72970023a0g.tex
Не найдено,Не найдено,Не найдено,2023_07_08_6f2f56bf2b99e5fc4bfbg.tex
Не найдено,Не найдено,Не найдено,2023_07_08_6f3dad3ab53900a9e6afg.tex
Не найдено,Не найдено,Не найдено,2023_07_08_6f4080665e3acaaaa7ebg.tex
Не найдено,Не найдено,Не найдено,2023_07_08_6f4f58b1827c4ec6e610g.tex
Не найдено,Не найдено,Не найдено,2023_07_08_6fbe61c2f59bcd18cc18g.tex
Не найдено,Не найдено,Не найдено,2023_07_08_6ff18d963ebff835add8g.tex
Не найдено,Не найдено,Не найдено,2023_07_08_70422aef8b16f69701c8g.tex
Не найдено,Не найдено,Не найдено,2023_07_08_70539038f94f4cac85b9g.tex
Не найдено,Не найдено,Не найдено,2023_07_08_7063acabb3897ac920acg.tex
Не найдено,Не найдено,Не найдено,2023_07_08_706f22f6df02561cd61dg.tex
Не найдено,Не найдено,Не найдено,2023_07_08_707d5fe11d7a05f509b0g.tex
Не найдено,Не найдено,Не найдено,2023_07_08_7085b98c65a099481ac4g.tex
Не найдено,Не найдено,Не найдено,2023_07_08_70aba34dcaf36e7306ceg.tex
$\mathbf{B,Не найдено,Не найдено,2023_07_08_70c1a2bf2563ee185178g.tex
Не найдено,Не найдено,Не найдено,2023_07_08_70eb7251ff022d8c9e12g.tex
Не найдено,Не найдено,Не найдено,2023_07_08_70eb7251ff022d8c9e12g_1.tex
Не найдено,Не найдено,Не найдено,2023_07_08_70eb7251ff022d8c9e12g_2.tex
Не найдено,Не найдено,Не найдено,2023_07_08_70fd4688a86eff876c39g.tex
Не найдено,Не найдено,Не найдено,2023_07_08_710ca9d7d598b614ff65g.tex
Не найдено,Не найдено,Не найдено,2023_07_08_711df61103ef1ca7b699g.tex
Не найдено,Не найдено,Не найдено,2023_07_08_7121c1c7112ba4f24f3ag.tex
Не найдено,Не найдено,Не найдено,2023_07_08_713309bf2765f3b3723bg.tex
Не найдено,Не найдено,Не найдено,2023_07_08_715b69e1f7b7dbe3c566g.tex
Не найдено,Не найдено,Не найдено,2023_07_08_71670a324efd5eaaa3f6g.tex
Не найдено,Не найдено,Не найдено,2023_07_08_7189a7b4ae80c4f9a586g.tex
Не найдено,Не найдено,Не найдено,2023_07_08_71b28b9b097df64f2b3fg.tex
Не найдено,Не найдено,Не найдено,2023_07_08_71c1b403e11941f4f02cg.tex
Не найдено,Не найдено,Не найдено,2023_07_08_71c26da83d7de1f38c80g.tex
Не найдено,Не найдено,Не найдено,2023_07_08_71ccc4c041f6c5549575g.tex
Не найдено,Не найдено,Не найдено,2023_07_08_71dd994b31bdb1d5258bg.tex
Не найдено,Не найдено,Не найдено,2023_07_08_71e2855f481c975ff63bg.tex
Не найдено,Не найдено,Не найдено,2023_07_08_721286a2024f01d4c599g.tex
Не найдено,Не найдено,Не найдено,2023_07_08_72199ff80f1f01223179g.tex
Не найдено,Не найдено,Не найдено,2023_07_08_721eeacfa0e169968668g.tex
Не найдено,Не найдено,Не найдено,2023_07_08_7237f795de5a1cf38f21g.tex
Не найдено,Не найдено,Не найдено,2023_07_08_723a7050bf324df0775bg.tex
Не найдено,Не найдено,Не найдено,2023_07_08_723a7050bf324df0775bg_1.tex
Не найдено,Не найдено,Не найдено,2023_07_08_72ca99f2ad9d7a1f4c68g.tex
Не найдено,Не найдено,Не найдено,2023_07_08_72ca99f2ad9d7a1f4c68g_1.tex
Не найдено,Не найдено,Не найдено,2023_07_08_72ca99f2ad9d7a1f4c68g_2.tex
Не найдено,Не найдено,Не найдено,2023_07_08_7310a220bcf8f0be388bg.tex
Не найдено,Не найдено,Не найдено,2023_07_08_732fa62c6b0810b0abb3g.tex
Не найдено,Не найдено,Не найдено,2023_07_08_7344bd8a85acbd5405d2g.tex
Не найдено,Не найдено,Не найдено,2023_07_08_7344bd8a85acbd5405d2g_1.tex
Не найдено,Не найдено,Не найдено,2023_07_08_7344bd8a85acbd5405d2g_2.tex
Не найдено,Не найдено,Не найдено,2023_07_08_734fb8b11c42d82be933g.tex
Не найдено,Не найдено,Не найдено,2023_07_08_736e8633f3124f3bbfcdg.tex
Не найдено,Не найдено,Не найдено,2023_07_08_7379ecdb873e848d3ec4g.tex
Не найдено,Не найдено,Не найдено,2023_07_08_737c0e3cdd442ae60feeg.tex
Не найдено,Не найдено,Не найдено,2023_07_08_73b1de8b9341996c4b98g.tex
Не найдено,Не найдено,Не найдено,2023_07_08_73bb263e774a0f66a2c1g.tex
Не найдено,Не найдено,Не найдено,2023_07_08_73e042c67de16f5879cag.tex
Не найдено,Не найдено,Не найдено,2023_07_08_73e0b7146c583ff5400ag.tex
Не найдено,Не найдено,Не найдено,2023_07_08_73e248ac2cf221570cedg.tex
Не найдено,Не найдено,Не найдено,2023_07_08_73fe52522302cdcc788cg.tex
Не найдено,Не найдено,Не найдено,2023_07_08_740a489db5896f70fef0g.tex
Не найдено,Не найдено,Не найдено,2023_07_08_741a1d9d9212b97c8978g.tex
Не найдено,Не найдено,Не найдено,2023_07_08_7437135f68daa6cc5250g.tex
Не найдено,Не найдено,Не найдено,2023_07_08_746bb1d397d321f8b8f9g.tex
Не найдено,Не найдено,Не найдено,2023_07_08_747802b06155674ad140g.tex
Не найдено,Не найдено,Не найдено,2023_07_08_74d237d0a75c823ea3f4g.tex
Не найдено,Не найдено,Не найдено,2023_07_08_74e23c55c4bbc51ada49g.tex
Не найдено,Не найдено,Не найдено,2023_07_08_74e965fc06e8ebfdf1abg.tex
Не найдено,Не найдено,Не найдено,2023_07_08_74ecbdc22970e3a61dc7g.tex
Не найдено,Не найдено,Не найдено,2023_07_08_75000dad241f05375526g.tex
Не найдено,Не найдено,Не найдено,2023_07_08_7506885e637aee63cd8eg.tex
Не найдено,Не найдено,Не найдено,2023_07_08_7545692b35df14d899e2g.tex
Не найдено,Не найдено,Не найдено,2023_07_08_7545692b35df14d899e2g_1.tex
Не найдено,Не найдено,Не найдено,2023_07_08_7545692b35df14d899e2g_2.tex
Не найдено,Не найдено,Не найдено,2023_07_08_756445da84b622448d54g.tex
Не найдено,Не найдено,Не найдено,2023_07_08_756a87b670a057d1c139g.tex
Не найдено,Не найдено,Не найдено,2023_07_08_758945259f34a963e6e4g.tex
Не найдено,Не найдено,Не найдено,2023_07_08_758b114de65cf8bfe68ag.tex
Не найдено,Не найдено,Не найдено,2023_07_08_75c5d5115ba88570468bg.tex
Не найдено,Не найдено,Не найдено,2023_07_08_762f32db70efaa6ec561g.tex
Не найдено,Не найдено,Не найдено,2023_07_08_762f32db70efaa6ec561g_1.tex
Не найдено,Не найдено,Не найдено,2023_07_08_763efa9bed8700c88119g.tex
Не найдено,Не найдено,Не найдено,2023_07_08_766e782e44886564e424g.tex
Не найдено,Не найдено,Не найдено,2023_07_08_76729975bd4a1a5848e0g.tex
Не найдено,Не найдено,Не найдено,2023_07_08_76b9a439f189534b1fc4g.tex
Не найдено,Не найдено,Не найдено,2023_07_08_773013dacd8be349bbd9g.tex
Не найдено,Не найдено,Не найдено,2023_07_08_77345edd7487c531b5a8g.tex
Не найдено,Не найдено,Не найдено,2023_07_08_77657a092a5e1e3aea96g.tex
Не найдено,Не найдено,Не найдено,2023_07_08_778c7034ee552abe4653g.tex
Не найдено,Не найдено,Не найдено,2023_07_08_77bf593b9c3455e571eeg.tex
Не найдено,Не найдено,Не найдено,2023_07_08_77e6cbc6daae9b6c0bc5g.tex
Не найдено,Не найдено,Не найдено,2023_07_08_7838cd2b45a651f29607g.tex
Не найдено,Не найдено,Не найдено,2023_07_08_784d2ed64a2d2f45c5beg.tex
Не найдено,Не найдено,Не найдено,2023_07_08_785c51a14c8a2d397708g.tex
Не найдено,Не найдено,Не найдено,2023_07_08_7880a2c5af74df289dc5g.tex
Не найдено,Не найдено,Не найдено,2023_07_08_7885a8ef157058692d79g.tex
Не найдено,Не найдено,Не найдено,2023_07_08_78917c0ef5cdff444bafg.tex
Не найдено,Не найдено,Не найдено,2023_07_08_78942b8c45348d1135a8g.tex
Не найдено,Не найдено,Не найдено,2023_07_08_7897301301363193d492g.tex
Не найдено,Не найдено,Не найдено,2023_07_08_789e551ec628c47873c3g.tex
Не найдено,Не найдено,Не найдено,2023_07_08_78af0673f093b9ddf874g.tex
Не найдено,Не найдено,Не найдено,2023_07_08_78af0673f093b9ddf874g_1.tex
Не найдено,Не найдено,Не найдено,2023_07_08_78bb638342234b494b5cg.tex
Не найдено,Не найдено,Не найдено,2023_07_08_78c05a3aec763d4dd21bg.tex
Не найдено,Не найдено,Не найдено,2023_07_08_78d429cef45886947d20g.tex
Не найдено,Не найдено,Не найдено,2023_07_08_78dbd49bc654f00e966bg.tex
Не найдено,Не найдено,Не найдено,2023_07_08_78de76c1b43b6f0e1a00g.tex
Не найдено,Не найдено,Не найдено,2023_07_08_790477d117963b86b881g.tex
Не найдено,Не найдено,Не найдено,2023_07_08_791b5c56de00f3909644g.tex
Не найдено,Не найдено,Не найдено,2023_07_08_793e62ddd4c616367be5g.tex
Не найдено,Не найдено,Не найдено,2023_07_08_79524cf53cdb5f9695adg.tex
Не найдено,Не найдено,Не найдено,2023_07_08_7966327823d0cb2092aag.tex
Не найдено,Не найдено,Не найдено,2023_07_08_7973f1695c4aef3d6f43g.tex
Не найдено,Не найдено,Не найдено,2023_07_08_79956ea9c7b3a32ce80ag.tex
Не найдено,Не найдено,Не найдено,2023_07_08_79a4fad18c6f08141b50g.tex
Не найдено,Не найдено,Не найдено,2023_07_08_79a6f2a82ca4f5a2305eg.tex
Не найдено,Не найдено,Не найдено,2023_07_08_79b426d62614c0bd7fc6g.tex
Не найдено,Не найдено,Не найдено,2023_07_08_7a039359d188858558a0g.tex
Не найдено,Не найдено,Не найдено,2023_07_08_7a063894034ed48d66a7g.tex
Не найдено,Не найдено,Не найдено,2023_07_08_7a6080d4c5fd87fea135g.tex
Не найдено,Не найдено,Не найдено,2023_07_08_7a6080d4c5fd87fea135g_1.tex
Не найдено,Не найдено,Не найдено,2023_07_08_7a6489a9de87fcc48e3dg.tex
Не найдено,Не найдено,Не найдено,2023_07_08_7a91542bb408af304603g.tex
Не найдено,Не найдено,Не найдено,2023_07_08_7a951fab5068218bb83fg.tex
Не найдено,Не найдено,Не найдено,2023_07_08_7a99c24e03d2b872612ag.tex
Не найдено,Не найдено,Не найдено,2023_07_08_7abbe0c7c6f518ba4f31g.tex
Не найдено,Не найдено,Не найдено,2023_07_08_7b07bb1da60ed77761ceg.tex
Не найдено,Не найдено,Не найдено,2023_07_08_7b0d9c9688785d629a58g.tex
Не найдено,Не найдено,Не найдено,2023_07_08_7b2b997979ced9aaf17fg.tex
Не найдено,Не найдено,Не найдено,2023_07_08_7b4bba16eab658db0792g.tex
Не найдено,Не найдено,Не найдено,2023_07_08_7b4bba16eab658db0792g_1.tex
Не найдено,Не найдено,Не найдено,2023_07_08_7b4bba16eab658db0792g_2.tex
Не найдено,Не найдено,Не найдено,2023_07_08_7b8191f68ac94c5be558g.tex
Не найдено,Не найдено,Не найдено,2023_07_08_7b8618ea78735c8dad56g.tex
Не найдено,Не найдено,Не найдено,2023_07_08_7b8c75bc627bbf8a4fd4g.tex
Не найдено,Не найдено,Не найдено,2023_07_08_7b92fd8fedf9bbbd8edag.tex
Не найдено,Не найдено,Не найдено,2023_07_08_7b96202f74157cd42008g.tex
Не найдено,Не найдено,Не найдено,2023_07_08_7ba345ad9b86186c585ag.tex
Не найдено,Не найдено,Не найдено,2023_07_08_7ba567005d69e6399b8fg.tex
Не найдено,Не найдено,Не найдено,2023_07_08_7bcb1f1bac1e1e7f0cddg.tex
Не найдено,Не найдено,Не найдено,2023_07_08_7bd6f24a520c6154e162g.tex
Не найдено,Не найдено,Не найдено,2023_07_08_7bedc2b72b271ce42625g.tex
Не найдено,Не найдено,Не найдено,2023_07_08_7c2047fd2b811ad82da7g.tex
Не найдено,Не найдено,Не найдено,2023_07_08_7c3c7a8d3939a3a313a2g.tex
Не найдено,Не найдено,Не найдено,2023_07_08_7c4d9bc728dcb28a68b5g.tex
Не найдено,Не найдено,Не найдено,2023_07_08_7c8ca40933f7736c7df8g.tex
Не найдено,Не найдено,Не найдено,2023_07_08_7c8dc1b9cebb5f591506g.tex
Не найдено,Не найдено,Не найдено,2023_07_08_7caca41be77333a38ca8g.tex
Не найдено,Не найдено,Не найдено,2023_07_08_7cb843c759259019bf8bg.tex
Не найдено,Не найдено,Не найдено,2023_07_08_7cd74e37440aac9a2c02g.tex
Не найдено,Не найдено,Не найдено,2023_07_08_7d269ea81805d607c0cfg.tex
Не найдено,Не найдено,Не найдено,2023_07_08_7d3ef7cfd9f937c7b7deg.tex
Не найдено,Не найдено,Не найдено,2023_07_08_7d407fec31b112a4b8e8g.tex
Не найдено,Не найдено,Не найдено,2023_07_08_7d44ee4524e6d5620629g.tex
Не найдено,Не найдено,Не найдено,2023_07_08_7d6ab638eb8b65e9fdeag.tex
Не найдено,Не найдено,Не найдено,2023_07_08_7d7e54b698f964b09d3eg.tex
Не найдено,Не найдено,Не найдено,2023_07_08_7d86dd28297ff2563e61g.tex
Не найдено,Не найдено,Не найдено,2023_07_08_7d968f3031342f0ad744g.tex
Не найдено,Не найдено,Не найдено,2023_07_08_7d975d61552e4494f85fg.tex
Не найдено,Не найдено,Не найдено,2023_07_08_7d9c9ecadbacacd29032g.tex
Не найдено,Не найдено,Не найдено,2023_07_08_7dbaa7c77a179fa998e2g.tex
Не найдено,Не найдено,Не найдено,2023_07_08_7dbdd9d90b23b0224815g.tex
Не найдено,Не найдено,Не найдено,2023_07_08_7dc4f10fdf793b7fe404g.tex
Не найдено,Не найдено,Не найдено,2023_07_08_7de28ee68f6d750e266dg.tex
Не найдено,Не найдено,Не найдено,2023_07_08_7de62995ad5c95151885g.tex
Не найдено,Не найдено,Не найдено,2023_07_08_7e037e27edba11ae4eeeg.tex
Не найдено,Не найдено,Не найдено,2023_07_08_7e0bb5da5500a8cc948fg.tex
Не найдено,Не найдено,Не найдено,2023_07_08_7e0d3bfb2187f7255c16g.tex
Не найдено,Не найдено,Не найдено,2023_07_08_7e295cec9f7c3f448a96g.tex
Не найдено,Не найдено,Не найдено,2023_07_08_7e302a7f555727b190e2g.tex
Не найдено,Не найдено,Не найдено,2023_07_08_7e35c603cf2f511b2a98g.tex
Не найдено,Не найдено,Не найдено,2023_07_08_7e35c603cf2f511b2a98g_1.tex
Не найдено,Не найдено,Не найдено,2023_07_08_7e35c603cf2f511b2a98g_2.tex
Не найдено,Не найдено,Не найдено,2023_07_08_7e827bd48518d5e4a419g.tex
Не найдено,Не найдено,Не найдено,2023_07_08_7e8665197f95030028c6g.tex
Не найдено,Не найдено,Не найдено,2023_07_08_7e8665197f95030028c6g_1.tex
Не найдено,Не найдено,Не найдено,2023_07_08_7e8665197f95030028c6g_2.tex
Не найдено,Не найдено,Не найдено,2023_07_08_7ebc6cf07498e34d88d9g.tex
Не найдено,Не найдено,Не найдено,2023_07_08_7ecd5aa9d848744d53aag.tex
Не найдено,Не найдено,Не найдено,2023_07_08_7ecd5aa9d848744d53aag_1.tex
Не найдено,Не найдено,Не найдено,2023_07_08_7ecd5aa9d848744d53aag_2.tex
Не найдено,Не найдено,Не найдено,2023_07_08_7ece2e211acce0069f67g.tex
Не найдено,Не найдено,Не найдено,2023_07_08_7ece2e211acce0069f67g_1.tex
Не найдено,Не найдено,Не найдено,2023_07_08_7ece2e211acce0069f67g_2.tex
Не найдено,Не найдено,Не найдено,2023_07_08_7ed22036926cc137d1b1g.tex
Не найдено,Не найдено,Не найдено,2023_07_08_7ee43df786b6a6b8c7d5g.tex
Не найдено,Не найдено,Не найдено,2023_07_08_7eea62f00038d5f8aae4g.tex
Не найдено,Не найдено,Не найдено,2023_07_08_7ef65e5de32435e0f4bcg.tex
Не найдено,Не найдено,Не найдено,2023_07_08_7ef685dcdfab02964d47g.tex
Не найдено,Не найдено,Не найдено,2023_07_08_7f445f996fd73b3e11cdg.tex
Не найдено,Не найдено,Не найдено,2023_07_08_7f7ccf3c4abefa015792g.tex
Не найдено,Не найдено,Не найдено,2023_07_08_7f7fee7278bab7c71632g.tex
Не найдено,Не найдено,Не найдено,2023_07_08_7f86af14acc1a5525442g.tex
Не найдено,Не найдено,Не найдено,2023_07_08_7fecb3120f9488f59972g.tex
Не найдено,Не найдено,Не найдено,2023_07_08_7ff1cce959b7e6344b00g.tex
Не найдено,Не найдено,Не найдено,2023_07_08_80812e3238dee02471bfg.tex
Не найдено,Не найдено,Не найдено,2023_07_08_80b236ac3ffe0c2c79c1g.tex
Не найдено,Не найдено,Не найдено,2023_07_08_81005f2a01282e6de093g.tex
Не найдено,Не найдено,Не найдено,2023_07_08_810fe97786721f563b20g.tex
Не найдено,Не найдено,Не найдено,2023_07_08_814b61deb9921d2f5167g.tex
Не найдено,Не найдено,Не найдено,2023_07_08_8155e39bc01ed6b92d6eg.tex
Не найдено,Не найдено,Не найдено,2023_07_08_81759908cdf2a162a9f6g.tex
Не найдено,Не найдено,Не найдено,2023_07_08_81aa50cbd26bb419c2b4g.tex
Не найдено,Не найдено,Не найдено,2023_07_08_81aaa0db32e058e36e3fg.tex
$\prod_{1,Не найдено,Не найдено,2023_07_08_81ba2affb88795df6ec9g.tex
Не найдено,Не найдено,Не найдено,2023_07_08_81dec5a373d35ed26303g.tex
Не найдено,Не найдено,Не найдено,2023_07_08_81e7d6c83b879db6e272g.tex
Не найдено,Не найдено,Не найдено,2023_07_08_8209489ee8c1da9625d6g.tex
Не найдено,Не найдено,Не найдено,2023_07_08_8223703bf0388091eb85g.tex
Не найдено,Не найдено,Не найдено,2023_07_08_8223703bf0388091eb85g_1.tex
Не найдено,Не найдено,Не найдено,2023_07_08_8223703bf0388091eb85g_2.tex
Не найдено,Не найдено,Не найдено,2023_07_08_822a3d8e4f45fcbbe48ag.tex
Не найдено,Не найдено,Не найдено,2023_07_08_823b3a0c15137b4c9135g.tex
Не найдено,Не найдено,Не найдено,2023_07_08_823b3a0c15137b4c9135g_1.tex
Не найдено,Не найдено,Не найдено,2023_07_08_823b3a0c15137b4c9135g_2.tex
Не найдено,Не найдено,Не найдено,2023_07_08_824ad34f97fd3363d5c1g.tex
Не найдено,Не найдено,Не найдено,2023_07_08_82672b556e40c7814739g.tex
Не найдено,Не найдено,Не найдено,2023_07_08_827476118cecbfdf5544g.tex
Не найдено,Не найдено,Не найдено,2023_07_08_827b420fefd5743e2042g.tex
Не найдено,Не найдено,Не найдено,2023_07_08_828063018f7b74d19749g.tex
Не найдено,Не найдено,Не найдено,2023_07_08_828878dffb7842e6d39dg.tex
Не найдено,Не найдено,Не найдено,2023_07_08_82a6e87e7d43ef9cc193g.tex
Не найдено,Не найдено,Не найдено,2023_07_08_82a6e87e7d43ef9cc193g_1.tex
Не найдено,Не найдено,Не найдено,2023_07_08_82a6e87e7d43ef9cc193g_2.tex
Не найдено,Не найдено,Не найдено,2023_07_08_82bc622f8f91ed46719bg.tex
Не найдено,Не найдено,Не найдено,2023_07_08_82d9b1cffdb023b37bf1g.tex
Не найдено,Не найдено,Не найдено,2023_07_08_82fc1d66307cd334f316g.tex
Не найдено,Не найдено,Не найдено,2023_07_08_832d818c688a67886fe2g.tex
Не найдено,Не найдено,Не найдено,2023_07_08_834f948ad561260d4100g.tex
Не найдено,Не найдено,Не найдено,2023_07_08_8359c2a82d81740a618bg.tex
Не найдено,Не найдено,Не найдено,2023_07_08_836970d35f862914cb73g.tex
Не найдено,Не найдено,Не найдено,2023_07_08_83870c85cba0f85f78bbg.tex
Не найдено,Не найдено,Не найдено,2023_07_08_8396fbc9b13d6b4d1938g.tex
Не найдено,Не найдено,Не найдено,2023_07_08_83ab30a120daf0ac03dag.tex
Не найдено,Не найдено,Не найдено,2023_07_08_83b074d36dbb38070121g.tex
Не найдено,Не найдено,Не найдено,2023_07_08_83c408eb53dddb52ef8bg.tex
Не найдено,Не найдено,Не найдено,2023_07_08_8401731ef3b9acb1a81eg.tex
Не найдено,Не найдено,Не найдено,2023_07_08_8401731ef3b9acb1a81eg_1.tex
Не найдено,Не найдено,Не найдено,2023_07_08_8401731ef3b9acb1a81eg_2.tex
Не найдено,Не найдено,Не найдено,2023_07_08_841881530c75a62883ebg.tex
Не найдено,Не найдено,Не найдено,2023_07_08_8432c13ce781b9da2a84g.tex
Не найдено,Не найдено,Не найдено,2023_07_08_846037bcc7e436877a93g.tex
Не найдено,Не найдено,Не найдено,2023_07_08_846674d0b9a88d2fc555g.tex
Не найдено,Не найдено,Не найдено,2023_07_08_846f383f40f2af6325c8g.tex
Не найдено,Не найдено,Не найдено,2023_07_08_847c069604259827e49ag.tex
Не найдено,Не найдено,Не найдено,2023_07_08_84945d39972b5b0aa3bag.tex
Не найдено,Не найдено,Не найдено,2023_07_08_8498811693bf0a41d7ceg.tex
Не найдено,Не найдено,Не найдено,2023_07_08_84a249e62eeaec088fa8g.tex
Не найдено,Не найдено,Не найдено,2023_07_08_84b3ac04c7c7255cb65fg.tex
Не найдено,Не найдено,Не найдено,2023_07_08_84d62d62383f4c2c22e7g.tex
Не найдено,Не найдено,Не найдено,2023_07_08_84d62d62383f4c2c22e7g_1.tex
Не найдено,Не найдено,Не найдено,2023_07_08_84d62d62383f4c2c22e7g_2.tex
Не найдено,Не найдено,Не найдено,2023_07_08_84f7da0364ad910c7349g.tex
Не найдено,Не найдено,Не найдено,2023_07_08_84fddc57772e4d3edb77g.tex
Не найдено,Не найдено,Не найдено,2023_07_08_85442a93184c50b525d2g.tex
Не найдено,Не найдено,Не найдено,2023_07_08_8553ea1094e6188242d2g.tex
Не найдено,Не найдено,Не найдено,2023_07_08_8571a55c71985f33a86dg.tex
Не найдено,Не найдено,Не найдено,2023_07_08_8572a5151158370f496dg.tex
Не найдено,Не найдено,Не найдено,2023_07_08_858e3c3d94bebfc34d19g.tex
Не найдено,Не найдено,Не найдено,2023_07_08_859873d95e0e6d529702g.tex
Не найдено,Не найдено,Не найдено,2023_07_08_85a60a9582db530ea80ag.tex
Не найдено,Не найдено,Не найдено,2023_07_08_85c0f4e6ca4e3abcd894g.tex
Не найдено,Не найдено,Не найдено,2023_07_08_85d410ab3951ec3f180cg.tex
Не найдено,Не найдено,Не найдено,2023_07_08_8603322d0a31a8e7dc96g.tex
Не найдено,Не найдено,Не найдено,2023_07_08_860be3d708c1465b6264g.tex
Не найдено,Не найдено,Не найдено,2023_07_08_860e6232aed7e8296033g.tex
Не найдено,Не найдено,Не найдено,2023_07_08_8613dd0d8e5f678201b5g.tex
Не найдено,Не найдено,Не найдено,2023_07_08_8619531daa19b13b57f2g.tex
Не найдено,Не найдено,Не найдено,2023_07_08_86266efdce26535a0ac5g.tex
Не найдено,Не найдено,Не найдено,2023_07_08_863175607454c3599f26g.tex
Не найдено,Не найдено,Не найдено,2023_07_08_863cf848a7f1f2552ab9g.tex
Не найдено,Не найдено,Не найдено,2023_07_08_863d22b964a32bdc5929g.tex
Не найдено,Не найдено,Не найдено,2023_07_08_864c21d871571d5aff9eg.tex
Не найдено,Не найдено,Не найдено,2023_07_08_868f5d68591f3095aad1g.tex
Не найдено,Не найдено,Не найдено,2023_07_08_869b08b993db49acfcbfg.tex
Не найдено,Не найдено,Не найдено,2023_07_08_86ac643fb4120ec32fd2g.tex
Не найдено,Не найдено,Не найдено,2023_07_08_86af4bd0ec88d011be91g.tex
Не найдено,Не найдено,Не найдено,2023_07_08_86b1a381ac8c14771512g.tex
Не найдено,Не найдено,Не найдено,2023_07_08_86cebe5bd861cefc9c3eg.tex
Не найдено,Не найдено,Не найдено,2023_07_08_86e85116b1e4bd47d8c0g.tex
Не найдено,Не найдено,Не найдено,2023_07_08_86ee65564fe2fadd0558g.tex
Не найдено,Не найдено,Не найдено,2023_07_08_86efc62cdfe2f7486ef7g.tex
Не найдено,Не найдено,Не найдено,2023_07_08_86efc62cdfe2f7486ef7g_1.tex
Не найдено,Не найдено,Не найдено,2023_07_08_86efc62cdfe2f7486ef7g_2.tex
Не найдено,Не найдено,Не найдено,2023_07_08_86f7c27abec153f3ccc8g.tex
Не найдено,Не найдено,Не найдено,2023_07_08_86ff4db5821f7cdbc6bdg.tex
Не найдено,Не найдено,Не найдено,2023_07_08_8713a29d226571d6980fg.tex
Не найдено,Не найдено,Не найдено,2023_07_08_875b8f059e02a6f0ef7dg.tex
Не найдено,Не найдено,Не найдено,2023_07_08_876757e7787ea8beab35g.tex
Не найдено,Не найдено,Не найдено,2023_07_08_879a627541bc526d28fcg.tex
Не найдено,Не найдено,Не найдено,2023_07_08_87c2bd38fb39345e7a5ag.tex
Не найдено,Не найдено,Не найдено,2023_07_08_87d2d8d732de8594e95cg.tex
Не найдено,Не найдено,Не найдено,2023_07_08_87ec826babbe8149392eg.tex
0 ,Не найдено,Не найдено,2023_07_08_88000f573efc91015817g.tex
Не найдено,Не найдено,Не найдено,2023_07_08_8855c3ee676ece94f926g.tex
Не найдено,Не найдено,Не найдено,2023_07_08_886389fd1d7018b31fb8g.tex
Не найдено,Не найдено,Не найдено,2023_07_08_88722bc0fb9435118325g.tex
Не найдено,Не найдено,Не найдено,2023_07_08_8877f6fef5488c42ca75g.tex
Не найдено,Не найдено,Не найдено,2023_07_08_887f31c28de81dbce871g.tex
Не найдено,Не найдено,Не найдено,2023_07_08_88a01e5848275f0b0d01g.tex
Не найдено,Не найдено,Не найдено,2023_07_08_88ae8af79d640aaadfbag.tex
Не найдено,Не найдено,Не найдено,2023_07_08_88b014dc7fdc24e86fc9g.tex
Не найдено,Не найдено,Не найдено,2023_07_08_88bc7a546a1d54bb01bdg.tex
Не найдено,Не найдено,Не найдено,2023_07_08_88ce3e7f553102d6cda9g.tex
Не найдено,Не найдено,Не найдено,2023_07_08_891b02faea66ff312144g.tex
Не найдено,Не найдено,Не найдено,2023_07_08_893bd3bc7a4d84bf735fg.tex
Не найдено,Не найдено,Не найдено,2023_07_08_89a3224182ed4430dfd6g.tex
Не найдено,Не найдено,Не найдено,2023_07_08_89c4bf62c2427fd88dabg.tex
Не найдено,Не найдено,Не найдено,2023_07_08_8a17207e95fac7fb29b0g.tex
Не найдено,Не найдено,Не найдено,2023_07_08_8a4b7839e285a64bb2b8g.tex
Не найдено,Не найдено,Не найдено,2023_07_08_8a51a8d699b0e02608b6g.tex
Не найдено,Не найдено,Не найдено,2023_07_08_8a6a3df4de6edd7b9078g.tex
Не найдено,Не найдено,Не найдено,2023_07_08_8a6c38fbee1b51b8f364g.tex
Не найдено,Не найдено,Не найдено,2023_07_08_8a8466c5067e34118e0ag.tex
Не найдено,Не найдено,Не найдено,2023_07_08_8a9436091cb56113c038g.tex
Не найдено,Не найдено,Не найдено,2023_07_08_8aa534aef5f24ad55459g.tex
Не найдено,Не найдено,Не найдено,2023_07_08_8aa54ed9084ff22d63f5g.tex
Не найдено,Не найдено,Не найдено,2023_07_08_8aa88c32ec98c6f40963g.tex
Не найдено,Не найдено,Не найдено,2023_07_08_8ad070cefcac44b86bd1g.tex
Не найдено,Не найдено,Не найдено,2023_07_08_8b10793ea0eb11b4bbcdg.tex
Не найдено,Не найдено,Не найдено,2023_07_08_8b18016a1869b77fcb88g.tex
Не найдено,Не найдено,Не найдено,2023_07_08_8b42a2698daf7845520ag.tex
Не найдено,Не найдено,Не найдено,2023_07_08_8b48ee49559a65ebebb2g.tex
Не найдено,Не найдено,Не найдено,2023_07_08_8b590f287a9d8c184fb2g.tex
Не найдено,Не найдено,Не найдено,2023_07_08_8b63c8822573d79bf99fg.tex
Не найдено,Не найдено,Не найдено,2023_07_08_8b799202d8032fd54578g.tex
Не найдено,Не найдено,Не найдено,2023_07_08_8b9793d0c74b9050a9d4g.tex
Не найдено,Не найдено,Не найдено,2023_07_08_8b9a6a90fde8b6c584bag.tex
Не найдено,Не найдено,Не найдено,2023_07_08_8bac2044815b1cb06ec9g.tex
Не найдено,Не найдено,Не найдено,2023_07_08_8bb1f80779bcee352811g.tex
Не найдено,Не найдено,Не найдено,2023_07_08_8bb1f80779bcee352811g_1.tex
Не найдено,Не найдено,Не найдено,2023_07_08_8bb1f80779bcee352811g_2.tex
Не найдено,Не найдено,Не найдено,2023_07_08_8bcfebb52dfb6b660c7bg.tex
Не найдено,Не найдено,Не найдено,2023_07_08_8bd67c04f9e449f1fe06g.tex
Не найдено,Не найдено,Не найдено,2023_07_08_8c06958fa91b183d22f3g.tex
Не найдено,Не найдено,Не найдено,2023_07_08_8c3d045154f289853bb2g.tex
Не найдено,Не найдено,Не найдено,2023_07_08_8c3d35762ccbde85ffc9g.tex
Не найдено,Не найдено,Не найдено,2023_07_08_8c7ae427795853b272aag.tex
Не найдено,Не найдено,Не найдено,2023_07_08_8ca93aa36bc96f296159g.tex
Не найдено,Не найдено,Не найдено,2023_07_08_8cafb47deb7691fb0255g.tex
Не найдено,Не найдено,Не найдено,2023_07_08_8cb201296fd09384a496g.tex
M ,Не найдено,Не найдено,2023_07_08_8cb6897c9878da8b1127g.tex
Не найдено,Не найдено,Не найдено,2023_07_08_8cbccb94fa0909900897g.tex
Не найдено,Не найдено,Не найдено,2023_07_08_8d0f2cb65e4a902e249cg.tex
Не найдено,Не найдено,Не найдено,2023_07_08_8d10358811d6fd4e88fag.tex
Не найдено,Не найдено,Не найдено,2023_07_08_8d116d53cee73b90ebe6g.tex
$\mathbf{H,Не найдено,Не найдено,2023_07_08_8d2572b5e6fd25dd332dg.tex
Не найдено,Не найдено,Не найдено,2023_07_08_8d27e084e2b84839495dg.tex
Не найдено,Не найдено,Не найдено,2023_07_08_8d3c1f7d760f0689d6b6g.tex
Не найдено,Не найдено,Не найдено,2023_07_08_8d4784faa80a9090d7fcg.tex
Не найдено,Не найдено,Не найдено,2023_07_08_8d49d922f4210514a294g.tex
Не найдено,Не найдено,Не найдено,2023_07_08_8d61fac790c7e712526ag.tex
Не найдено,Не найдено,Не найдено,2023_07_08_8d638532475d349ab56dg.tex
Не найдено,Не найдено,Не найдено,2023_07_08_8d638532475d349ab56dg_1.tex
Не найдено,Не найдено,Не найдено,2023_07_08_8d638532475d349ab56dg_2.tex
Не найдено,Не найдено,Не найдено,2023_07_08_8d6f2c6c44b9dd7a8de6g.tex
Не найдено,Не найдено,Не найдено,2023_07_08_8d82ec22bb03c2a8b4a7g.tex
Не найдено,Не найдено,Не найдено,2023_07_08_8d865508142b5ca03c82g.tex
Не найдено,Не найдено,Не найдено,2023_07_08_8d98c09aab91430eacb3g.tex
Не найдено,Не найдено,Не найдено,2023_07_08_8d9dfde7b2228f6af30eg.tex
Не найдено,Не найдено,Не найдено,2023_07_08_8da52297e07b896662eag.tex
Не найдено,Не найдено,Не найдено,2023_07_08_8da52297e07b896662eag_1.tex
Не найдено,Не найдено,Не найдено,2023_07_08_8db644432a74151d9e94g.tex
Не найдено,Не найдено,Не найдено,2023_07_08_8db644432a74151d9e94g_1.tex
Не найдено,Не найдено,Не найдено,2023_07_08_8db644432a74151d9e94g_2.tex
Не найдено,Не найдено,Не найдено,2023_07_08_8db6b8b9b87de43d1d96g.tex
Не найдено,Не найдено,Не найдено,2023_07_08_8dcd02eb7131f9a1f7a4g.tex
Не найдено,Не найдено,Не найдено,2023_07_08_8dcf81f6b607b02073f4g.tex
Не найдено,Не найдено,Не найдено,2023_07_08_8e22c3d619a29d03f3a7g.tex
Не найдено,Не найдено,Не найдено,2023_07_08_8e4f284e1a1aa389603eg.tex
Не найдено,Не найдено,Не найдено,2023_07_08_8e5e7897de5ce1df58c3g.tex
Не найдено,Не найдено,Не найдено,2023_07_08_8e9083e199e704635521g.tex
Не найдено,Не найдено,Не найдено,2023_07_08_8e9083e199e704635521g_1.tex
Не найдено,Не найдено,Не найдено,2023_07_08_8f22faff9fd360b1926dg.tex
Не найдено,Не найдено,Не найдено,2023_07_08_8f8e072abc2c9a5791e8g.tex
Не найдено,Не найдено,Не найдено,2023_07_08_8f99cca7b8a9e5bc37bfg.tex
Не найдено,Не найдено,Не найдено,2023_07_08_8f9e6f42ede7c024759fg.tex
Не найдено,Не найдено,Не найдено,2023_07_08_8ffc560a8631169a0dc0g.tex
Не найдено,Не найдено,Не найдено,2023_07_08_8ffe88edd444b4632855g.tex
Не найдено,Не найдено,Не найдено,2023_07_08_9014f55b15cba8ad4da8g.tex
Не найдено,Не найдено,Не найдено,2023_07_08_902704a98ca882315e5dg.tex
Не найдено,Не найдено,Не найдено,2023_07_08_90273463e6e8ac0fe574g.tex
Не найдено,Не найдено,Не найдено,2023_07_08_90273463e6e8ac0fe574g_1.tex
Не найдено,Не найдено,Не найдено,2023_07_08_90273463e6e8ac0fe574g_2.tex
Не найдено,Не найдено,Не найдено,2023_07_08_9046a89db5838bc7d69dg.tex
$\check{\mathbf{U,Не найдено,Не найдено,2023_07_08_90957a765d49bdbd1442g.tex
Не найдено,Не найдено,Не найдено,2023_07_08_90a68a0dbdc0146d0ae1g.tex
Не найдено,Не найдено,Не найдено,2023_07_08_90e517fc178273bdd9bbg.tex
Не найдено,Не найдено,Не найдено,2023_07_08_90e83df348d983c2c16bg.tex
Не найдено,Не найдено,Не найдено,2023_07_08_90ec8ec2cbd13716b12fg.tex
Не найдено,Не найдено,Не найдено,2023_07_08_90f7d2e9b77b78f28b91g.tex
Не найдено,Не найдено,Не найдено,2023_07_08_90fdab0408207554b48ag.tex
Не найдено,Не найдено,Не найдено,2023_07_08_910555c4afe4699ba1b0g.tex
Не найдено,Не найдено,Не найдено,2023_07_08_91066b24279f7d25f812g.tex
Не найдено,Не найдено,Не найдено,2023_07_08_9141e29a38e1d04c9e66g.tex
Не найдено,Не найдено,Не найдено,2023_07_08_9146d77bde0601423d20g.tex
Не найдено,Не найдено,Не найдено,2023_07_08_914cf68816d6bd2d8c02g.tex
Не найдено,Не найдено,Не найдено,2023_07_08_916d67ec9e67a2d82101g.tex
Не найдено,Не найдено,Не найдено,2023_07_08_9183b728f0460f840497g.tex
Не найдено,Не найдено,Не найдено,2023_07_08_918bdb7941d115a0b4cdg.tex
Не найдено,Не найдено,Не найдено,2023_07_08_918f6af5df828502e219g.tex
Не найдено,Не найдено,Не найдено,2023_07_08_919c7ccdbee16366d8eeg.tex
Не найдено,Не найдено,Не найдено,2023_07_08_91b593083348a328f7c6g.tex
Не найдено,Не найдено,Не найдено,2023_07_08_91b9dede95c244c8aac8g.tex
Не найдено,Не найдено,Не найдено,2023_07_08_91b9dede95c244c8aac8g_1.tex
Не найдено,Не найдено,Не найдено,2023_07_08_91bb9a7be5c242fd5d22g.tex
Не найдено,Не найдено,Не найдено,2023_07_08_91e92c26ec9dd4f22eccg.tex
Не найдено,Не найдено,Не найдено,2023_07_08_9205c0b73eda86512408g.tex
Не найдено,Не найдено,Не найдено,2023_07_08_92192123ccecf73c7112g.tex
Не найдено,Не найдено,Не найдено,2023_07_08_921b76621d79d6020c23g.tex
Не найдено,Не найдено,Не найдено,2023_07_08_92374291ac446e37c50ag.tex
Не найдено,Не найдено,Не найдено,2023_07_08_925b76c2e2d445b97f3ag.tex
भi ,Не найдено,Не найдено,2023_07_08_9263da126bf48fa16d0bg.tex
Не найдено,Не найдено,Не найдено,2023_07_08_9267a2704c6b165ecbc6g.tex
Не найдено,Не найдено,Не найдено,2023_07_08_926f5bd17df092a453f4g.tex
Не найдено,Не найдено,Не найдено,2023_07_08_92768e602869cf74c75cg.tex
Не найдено,Не найдено,Не найдено,2023_07_08_928353487eda67c712b7g.tex
Не найдено,Не найдено,Не найдено,2023_07_08_92899cb916965dcf530ag.tex
Не найдено,Не найдено,Не найдено,2023_07_08_9297a5c444464ea5f4d7g.tex
Не найдено,Не найдено,Не найдено,2023_07_08_929ef9424ba76a743baag.tex
Не найдено,Не найдено,Не найдено,2023_07_08_92d2de4c9717b5b1369dg.tex
Не найдено,Не найдено,Не найдено,2023_07_08_92d2de4c9717b5b1369dg_1.tex
Не найдено,Не найдено,Не найдено,2023_07_08_92d2de4c9717b5b1369dg_2.tex
Не найдено,Не найдено,Не найдено,2023_07_08_92e9610c5e4ea89c35d9g.tex
Не найдено,Не найдено,Не найдено,2023_07_08_9302b0fd09af3f3a3c76g.tex
Не найдено,Не найдено,Не найдено,2023_07_08_931d0e5433f89aa24162g.tex
Не найдено,Не найдено,Не найдено,2023_07_08_934e6e6998a015c5364bg.tex
Не найдено,Не найдено,Не найдено,2023_07_08_936c7cd80b7cc8262864g.tex
Не найдено,Не найдено,Не найдено,2023_07_08_9373f2a1221de245f130g.tex
Не найдено,Не найдено,Не найдено,2023_07_08_937643a20a5ec8e0ca62g.tex
Не найдено,Не найдено,Не найдено,2023_07_08_93a7fdc871b955a716bag.tex
Не найдено,Не найдено,Не найдено,2023_07_08_93b096cd9b6d8722472eg.tex
Не найдено,Не найдено,Не найдено,2023_07_08_93b5bbd08e13f9f3e237g.tex
Не найдено,Не найдено,Не найдено,2023_07_08_942fc574167a5863259cg.tex
Не найдено,Не найдено,Не найдено,2023_07_08_9439b72eeb00402cca05g.tex
Не найдено,Не найдено,Не найдено,2023_07_08_94575f81888ea28059eag.tex
Не найдено,Не найдено,Не найдено,2023_07_08_945b42bd963981a47a9cg.tex
Не найдено,Не найдено,Не найдено,2023_07_08_94773de9ad1821f456d9g.tex
Не найдено,Не найдено,Не найдено,2023_07_08_94943bc1d76b5d7af177g.tex
Не найдено,Не найдено,Не найдено,2023_07_08_9499688adfd493a3ff9ag.tex
Не найдено,Не найдено,Не найдено,2023_07_08_94be429a92f0595341c7g.tex
Не найдено,Не найдено,Не найдено,2023_07_08_94edad980172c6403d7fg.tex
Не найдено,Не найдено,Не найдено,2023_07_08_94fc1f13db7f13f2dfecg.tex
Не найдено,Не найдено,Не найдено,2023_07_08_95205299eccf5a726d7bg.tex
Не найдено,Не найдено,Не найдено,2023_07_08_952a537ec574ebc93c6fg.tex
Не найдено,Не найдено,Не найдено,2023_07_08_954f252581d3d8e6c2d6g.tex
Не найдено,Не найдено,Не найдено,2023_07_08_955595a18e959aa8cc58g.tex
Не найдено,Не найдено,Не найдено,2023_07_08_9565e513c54c2634d177g.tex
Не найдено,Не найдено,Не найдено,2023_07_08_957be0a4d809783ad108g.tex
Не найдено,Не найдено,Не найдено,2023_07_08_957bf4058fbc02968d20g.tex
Не найдено,Не найдено,Не найдено,2023_07_08_957bf4058fbc02968d20g_1.tex
Не найдено,Не найдено,Не найдено,2023_07_08_957dc0facac708061d1fg.tex
Не найдено,Не найдено,Не найдено,2023_07_08_95899bf309bf47c5ba29g.tex
Не найдено,Не найдено,Не найдено,2023_07_08_95a6a5180f92b5bc3bb9g.tex
Не найдено,Не найдено,Не найдено,2023_07_08_95c281c18cafbedb8358g.tex
Не найдено,Не найдено,Не найдено,2023_07_08_95d8e737ccb00714ad53g.tex
Не найдено,Не найдено,Не найдено,2023_07_08_95ff634719feaa3d2914g.tex
Не найдено,Не найдено,Не найдено,2023_07_08_961f8bc73366a5c846c0g.tex
Не найдено,Не найдено,Не найдено,2023_07_08_9626a57e071f2794abb4g.tex
Не найдено,Не найдено,Не найдено,2023_07_08_96275bc28453dd99cc03g.tex
Не найдено,Не найдено,Не найдено,2023_07_08_963152084ee68703f127g.tex
Не найдено,Не найдено,Не найдено,2023_07_08_96375dab37c7c21cc9a4g.tex
Не найдено,Не найдено,Не найдено,2023_07_08_9656bc8b7e8152bfc3d7g.tex
Не найдено,Не найдено,Не найдено,2023_07_08_965bf48406246b9ae951g.tex
Не найдено,Не найдено,Не найдено,2023_07_08_9671d557e7adb966dfaeg.tex
Не найдено,Не найдено,Не найдено,2023_07_08_967a5a8b95a356728587g.tex
Не найдено,Не найдено,Не найдено,2023_07_08_967a5a8b95a356728587g_1.tex
Не найдено,Не найдено,Не найдено,2023_07_08_967b329ba6d1503c9824g.tex
Не найдено,Не найдено,Не найдено,2023_07_08_968372f36a3d827b1bd5g.tex
Не найдено,Не найдено,Не найдено,2023_07_08_96a92a12682660dca0b3g.tex
Не найдено,Не найдено,Не найдено,2023_07_08_96be37edcd3af01a4623g.tex
Не найдено,Не найдено,Не найдено,2023_07_08_96cb8de69b5e7bffa466g.tex
Не найдено,Не найдено,Не найдено,2023_07_08_96d490da493f382d6acdg.tex
Не найдено,Не найдено,Не найдено,2023_07_08_96d490da493f382d6acdg_1.tex
Не найдено,Не найдено,Не найдено,2023_07_08_96d490da493f382d6acdg_2.tex
Не найдено,Не найдено,Не найдено,2023_07_08_96dce01cde447f42e1a3g.tex
Не найдено,Не найдено,Не найдено,2023_07_08_96e3037bae58d29c94ceg.tex
Не найдено,Не найдено,Не найдено,2023_07_08_9720e024fc30ccd61142g.tex
Не найдено,Не найдено,Не найдено,2023_07_08_972abc3353e9f3082cc2g.tex
Не найдено,Не найдено,Не найдено,2023_07_08_972abc3353e9f3082cc2g_1.tex
Не найдено,Не найдено,Не найдено,2023_07_08_972abc3353e9f3082cc2g_2.tex
Не найдено,Не найдено,Не найдено,2023_07_08_972f89e673b784b51111g.tex
Не найдено,Не найдено,Не найдено,2023_07_08_9738f982b18de838571ag.tex
Не найдено,Не найдено,Не найдено,2023_07_08_9738f982b18de838571ag_1.tex
Не найдено,Не найдено,Не найдено,2023_07_08_9738f982b18de838571ag_2.tex
Не найдено,Не найдено,Не найдено,2023_07_08_974393938a0316cdac18g.tex
Не найдено,Не найдено,Не найдено,2023_07_08_9750cb79bde05e1dc0dbg.tex
Не найдено,Не найдено,Не найдено,2023_07_08_97626f6782cd8f41b99fg.tex
Не найдено,Не найдено,Не найдено,2023_07_08_9797221ea1d64105dd3eg.tex
Не найдено,Не найдено,Не найдено,2023_07_08_979a64ffe75c6c692743g.tex
Не найдено,Не найдено,Не найдено,2023_07_08_97a521938659bd833f78g.tex
Не найдено,Не найдено,Не найдено,2023_07_08_97aced4d527275a58548g.tex
Не найдено,Не найдено,Не найдено,2023_07_08_97bab18d929a2fef6359g.tex
Не найдено,Не найдено,Не найдено,2023_07_08_97c184074b08ad54a5a1g.tex
Не найдено,Не найдено,Не найдено,2023_07_08_97d96d8c997b5528dd1eg.tex
Не найдено,Не найдено,Не найдено,2023_07_08_97d96d8c997b5528dd1eg_1.tex
Не найдено,Не найдено,Не найдено,2023_07_08_97d96d8c997b5528dd1eg_2.tex
Не найдено,Не найдено,Не найдено,2023_07_08_97dba51242749ce241eag.tex
Не найдено,Не найдено,Не найдено,2023_07_08_97f354e49bc6286870e1g.tex
Не найдено,Не найдено,Не найдено,2023_07_08_9802e4b27348ed8fbb66g.tex
Не найдено,Не найдено,Не найдено,2023_07_08_9817f3118b0340c968b1g.tex
Не найдено,Не найдено,Не найдено,2023_07_08_98557841894c477cec3fg.tex
Не найдено,Не найдено,Не найдено,2023_07_08_98577cdce04ae50b5d46g.tex
Не найдено,Не найдено,Не найдено,2023_07_08_985fadb6fe231747ee31g.tex
Не найдено,Не найдено,Не найдено,2023_07_08_986dc2714f88fef4aeceg.tex
Не найдено,Не найдено,Не найдено,2023_07_08_987dea0051292e04e1bbg.tex
Не найдено,Не найдено,Не найдено,2023_07_08_989a9cd14804ff19bc18g.tex
Не найдено,Не найдено,Не найдено,2023_07_08_98aa1b8324252552db66g.tex
Не найдено,Не найдено,Не найдено,2023_07_08_98d504b7a55080e2c946g.tex
Не найдено,Не найдено,Не найдено,2023_07_08_98e1c8f90ad073055f68g.tex
Не найдено,Не найдено,Не найдено,2023_07_08_9900ef8fdab4181ababfg.tex
Не найдено,Не найдено,Не найдено,2023_07_08_992d51f6758fae54d835g.tex
Не найдено,Не найдено,Не найдено,2023_07_08_9947bbae598715d8a08ag.tex
Не найдено,Не найдено,Не найдено,2023_07_08_9967e098186af95f106fg.tex
Не найдено,Не найдено,Не найдено,2023_07_08_996914c2f306bb417c67g.tex
Не найдено,Не найдено,Не найдено,2023_07_08_9998b5054a910fe7caf2g.tex
Не найдено,Не найдено,Не найдено,2023_07_08_99ad3f0cfaf8fa3ddf45g.tex
Не найдено,Не найдено,Не найдено,2023_07_08_99bfa5b1dbb4ba5ec314g.tex
Не найдено,Не найдено,Не найдено,2023_07_08_99c708c17ba49d332fb3g.tex
Не найдено,Не найдено,Не найдено,2023_07_08_99fc39400e04126242acg.tex
Не найдено,Не найдено,Не найдено,2023_07_08_9a04ab46fcd8dce4e02ag.tex
Не найдено,Не найдено,Не найдено,2023_07_08_9a1a2416743cc3a756b6g.tex
Не найдено,Не найдено,Не найдено,2023_07_08_9a355b7b0893e4c785b0g.tex
Не найдено,Не найдено,Не найдено,2023_07_08_9a36869637cd57e68517g.tex
Не найдено,Не найдено,Не найдено,2023_07_08_9a4f33408b62dbb53d32g.tex
Не найдено,Не найдено,Не найдено,2023_07_08_9a6b1ac637d5c77ab762g.tex
Не найдено,Не найдено,Не найдено,2023_07_08_9a7e23e0b0b5d6b774edg.tex
Не найдено,Не найдено,Не найдено,2023_07_08_9ab9b4d2dada184aea01g.tex
Не найдено,Не найдено,Не найдено,2023_07_08_9abc0915a917230e4b1dg.tex
Не найдено,Не найдено,Не найдено,2023_07_08_9af99876bc6e65484517g.tex
Не найдено,Не найдено,Не найдено,2023_07_08_9af9c8fa6e2b1f3c0653g.tex
Не найдено,Не найдено,Не найдено,2023_07_08_9afa31fbf87889a86c32g.tex
Не найдено,Не найдено,Не найдено,2023_07_08_9b07bd56cda80ab842adg.tex
Не найдено,Не найдено,Не найдено,2023_07_08_9b121d34e5d3e1397170g.tex
Не найдено,Не найдено,Не найдено,2023_07_08_9b12c6b21dc0ad212a47g.tex
Не найдено,Не найдено,Не найдено,2023_07_08_9b23cc99a0fb08abbcc5g.tex
Не найдено,Не найдено,Не найдено,2023_07_08_9b382d9aca2441937daag.tex
Не найдено,Не найдено,Не найдено,2023_07_08_9b382d9aca2441937daag_1.tex
Не найдено,Не найдено,Не найдено,2023_07_08_9b382d9aca2441937daag_2.tex
Не найдено,Не найдено,Не найдено,2023_07_08_9b5e06f08a8f74a0a2dcg.tex
Не найдено,Не найдено,Не найдено,2023_07_08_9b601c195a6aca2d899eg.tex
Не найдено,Не найдено,Не найдено,2023_07_08_9b76809af7687defefa3g.tex
Не найдено,Не найдено,Не найдено,2023_07_08_9b86fd2cc00317c73d3eg.tex
Не найдено,Не найдено,Не найдено,2023_07_08_9baa14bdd3436347811dg.tex
Не найдено,Не найдено,Не найдено,2023_07_08_9bcf2bcecd092a3a2650g.tex
Не найдено,Не найдено,Не найдено,2023_07_08_9bd4afc497db0b41ea3bg.tex
Не найдено,Не найдено,Не найдено,2023_07_08_9bf6e268ab5287f3d2a9g.tex
Не найдено,Не найдено,Не найдено,2023_07_08_9c0087509f66dfbd0017g.tex
Не найдено,Не найдено,Не найдено,2023_07_08_9c3078b35a69f37c86adg.tex
Не найдено,Не найдено,Не найдено,2023_07_08_9c33923686002d377ecag.tex
Не найдено,Не найдено,Не найдено,2023_07_08_9c4402da2c12a779b413g.tex
Не найдено,Не найдено,Не найдено,2023_07_08_9cb5cdbf31d05a67de57g.tex
Не найдено,Не найдено,Не найдено,2023_07_08_9cc65a62c0e261d91a5bg.tex
Не найдено,Не найдено,Не найдено,2023_07_08_9cd251889cac07d961b4g.tex
Не найдено,Не найдено,Не найдено,2023_07_08_9d0bc4ed4e76198d8e83g.tex
Не найдено,Не найдено,Не найдено,2023_07_08_9d0fa38e9dbccfad0748g.tex
Не найдено,Не найдено,Не найдено,2023_07_08_9d1985492639f30622ccg.tex
Не найдено,Не найдено,Не найдено,2023_07_08_9d213eee0879b0078855g.tex
Не найдено,Не найдено,Не найдено,2023_07_08_9d22aceb44311e4aa8f5g.tex
Не найдено,Не найдено,Не найдено,2023_07_08_9d300cd871b487164be0g.tex
Не найдено,Не найдено,Не найдено,2023_07_08_9d452c1b4b93ab770adcg.tex
Не найдено,Не найдено,Не найдено,2023_07_08_9dabc03e20f50486afc4g.tex
Не найдено,Не найдено,Не найдено,2023_07_08_9db603c86eb97828a542g.tex
Не найдено,Не найдено,Не найдено,2023_07_08_9dc3caf9b94755caecdcg.tex
Не найдено,Не найдено,Не найдено,2023_07_08_9ddb4ecabe049c4b2562g.tex
Не найдено,Не найдено,Не найдено,2023_07_08_9df74ba244bdf3443fd3g.tex
Не найдено,Не найдено,Не найдено,2023_07_08_9df74ba244bdf3443fd3g_1.tex
Не найдено,Не найдено,Не найдено,2023_07_08_9df74ba244bdf3443fd3g_2.tex
Не найдено,Не найдено,Не найдено,2023_07_08_9df97fab341f1df75551g.tex
Не найдено,Не найдено,Не найдено,2023_07_08_9e2ebf3f03d93a2e8cc1g.tex
Не найдено,Не найдено,Не найдено,2023_07_08_9e53000da0d7cf269d3fg.tex
Не найдено,Не найдено,Не найдено,2023_07_08_9e7dd356cc677b0300d1g.tex
Не найдено,Не найдено,Не найдено,2023_07_08_9ecb04df46d074a2d0abg.tex
Не найдено,Не найдено,Не найдено,2023_07_08_9eef57c51a3887b66072g.tex
Не найдено,Не найдено,Не найдено,2023_07_08_9f4b8e6d625d6e9c11f5g.tex
Не найдено,Не найдено,Не найдено,2023_07_08_9f60c6de6ecb6aaa38cdg.tex
Не найдено,Не найдено,Не найдено,2023_07_08_9f6926b2d7433e278b85g.tex
Не найдено,Не найдено,Не найдено,2023_07_08_9f7810f3fb160459361ag.tex
Не найдено,Не найдено,Не найдено,2023_07_08_9f7e08335ddd930684d2g.tex
Не найдено,Не найдено,Не найдено,2023_07_08_9faa896ddfd103075430g.tex
Не найдено,Не найдено,Не найдено,2023_07_08_9fc0c80e762309bd6850g.tex
Не найдено,Не найдено,Не найдено,2023_07_08_9fc42f7708bc1cbd8a4bg.tex
Не найдено,Не найдено,Не найдено,2023_07_08_9fd7e2afa58e9f5e43d9g.tex
Не найдено,Не найдено,Не найдено,2023_07_08_9fd7e2afa58e9f5e43d9g_1.tex
Не найдено,Не найдено,Не найдено,2023_07_08_9fd7e2afa58e9f5e43d9g_2.tex
Не найдено,Не найдено,Не найдено,2023_07_08_9fe714af5b4a775bdf42g.tex
Не найдено,Не найдено,Не найдено,2023_07_08_9feb2894d2d8f2b24cc5g.tex
Не найдено,Не найдено,Не найдено,2023_07_08_9fedfda03fd5c3eeec0fg.tex
Не найдено,Не найдено,Не найдено,2023_07_08_a020e7757b2915506688g.tex
Не найдено,Не найдено,Не найдено,2023_07_08_a0294db304cb795d3910g.tex
Не найдено,Не найдено,Не найдено,2023_07_08_a044ac68dda77f6b28dfg.tex
Не найдено,Не найдено,Не найдено,2023_07_08_a05194fee674a8d5d584g.tex
Не найдено,Не найдено,Не найдено,2023_07_08_a0886cd7570683a18f26g.tex
Не найдено,Не найдено,Не найдено,2023_07_08_a0a51bf3ea43a5a2f4a3g.tex
Не найдено,Не найдено,Не найдено,2023_07_08_a0b2d380b4a5d9bd0f8fg.tex
Не найдено,Не найдено,Не найдено,2023_07_08_a0c178bbbeb3e4117903g.tex
Не найдено,Не найдено,Не найдено,2023_07_08_a0e4e9bcdb835998fdc1g.tex
Не найдено,Не найдено,Не найдено,2023_07_08_a12afbd3b6e562bd3f97g.tex
Не найдено,Не найдено,Не найдено,2023_07_08_a139451efc7b4b92626eg.tex
Не найдено,Не найдено,Не найдено,2023_07_08_a142e31017082fa70ad9g.tex
Не найдено,Не найдено,Не найдено,2023_07_08_a157b88fc48b910bde7eg.tex
Не найдено,Не найдено,Не найдено,2023_07_08_a15ebcd4a70254037739g.tex
Не найдено,Не найдено,Не найдено,2023_07_08_a16129f8a6e6b634a6bdg.tex
Не найдено,Не найдено,Не найдено,2023_07_08_a185f34fbfdb2aad6b4ag.tex
Не найдено,Не найдено,Не найдено,2023_07_08_a19bc9ba400ddb0315fag.tex
Не найдено,Не найдено,Не найдено,2023_07_08_a1af8433f9fd6a341c62g.tex
Не найдено,Не найдено,Не найдено,2023_07_08_a1e4e87ac13065c930bfg.tex
Не найдено,Не найдено,Не найдено,2023_07_08_a1fc7a690e785ebeb419g.tex
Не найдено,Не найдено,Не найдено,2023_07_08_a2078f4cfd8fe417b96bg.tex
Не найдено,Не найдено,Не найдено,2023_07_08_a21dfacf454f5bf38c7eg.tex
Не найдено,Не найдено,Не найдено,2023_07_08_a220d06e0832d4cad72dg.tex
Не найдено,Не найдено,Не найдено,2023_07_08_a23d6ed04eab76000fbag.tex
Не найдено,Не найдено,Не найдено,2023_07_08_a24b0b5483a5fb994c38g.tex
Не найдено,Не найдено,Не найдено,2023_07_08_a251686717f475a74d62g.tex
Не найдено,Не найдено,Не найдено,2023_07_08_a257c047d1457b99002cg.tex
Не найдено,Не найдено,Не найдено,2023_07_08_a25b41728528f124d2d6g.tex
Не найдено,Не найдено,Не найдено,2023_07_08_a266c67f8a8cae16722eg.tex
Не найдено,Не найдено,Не найдено,2023_07_08_a26bb848b748ced113e5g.tex
Не найдено,Не найдено,Не найдено,2023_07_08_a286c99db60768a79fabg.tex
Не найдено,Не найдено,Не найдено,2023_07_08_a2a84a761ff014af354dg.tex
Не найдено,Не найдено,Не найдено,2023_07_08_a2a84a761ff014af354dg_1.tex
Не найдено,Не найдено,Не найдено,2023_07_08_a2a84a761ff014af354dg_2.tex
Не найдено,Не найдено,Не найдено,2023_07_08_a2ce91c20f2b95be471fg.tex
Не найдено,Не найдено,Не найдено,2023_07_08_a2dd2946f4b02d7b6736g.tex
Не найдено,Не найдено,Не найдено,2023_07_08_a2e4d54377a57c634e91g.tex
Не найдено,Не найдено,Не найдено,2023_07_08_a2f209ae189c05445eecg.tex
Не найдено,Не найдено,Не найдено,2023_07_08_a314cb6f9190f5f3643fg.tex
Не найдено,Не найдено,Не найдено,2023_07_08_a35061c9d8406fa6eb93g.tex
Не найдено,Не найдено,Не найдено,2023_07_08_a3b452e659093a9a7975g.tex
Не найдено,Не найдено,Не найдено,2023_07_08_a3e2978e15b748cab61cg.tex
Не найдено,Не найдено,Не найдено,2023_07_08_a41b4eb9aa245ed89faag.tex
Не найдено,Не найдено,Не найдено,2023_07_08_a44250abbaf322e76760g.tex
Не найдено,Не найдено,Не найдено,2023_07_08_a4522ef0cca2085c5bf6g.tex
Не найдено,Не найдено,Не найдено,2023_07_08_a495fd79065b982fefcfg.tex
Не найдено,Не найдено,Не найдено,2023_07_08_a4a5be0aed18fae44394g.tex
Не найдено,Не найдено,Не найдено,2023_07_08_a4b7a776f116687c15d1g.tex
Не найдено,Не найдено,Не найдено,2023_07_08_a4c689d64ab35a0d71f3g.tex
Не найдено,Не найдено,Не найдено,2023_07_08_a4cb5410d2d985059f89g.tex
Не найдено,Не найдено,Не найдено,2023_07_08_a4f9dac4d1c7dcb0b88bg.tex
Не найдено,Не найдено,Не найдено,2023_07_08_a51997adfc4b1d7559afg.tex
Не найдено,Не найдено,Не найдено,2023_07_08_a5394a08da5bb811c420g.tex
Не найдено,Не найдено,Не найдено,2023_07_08_a5425cdd9b8eae31d140g.tex
Не найдено,Не найдено,Не найдено,2023_07_08_a546474c621519188ba4g.tex
Не найдено,Не найдено,Не найдено,2023_07_08_a58656dfc647e6710a97g.tex
Не найдено,Не найдено,Не найдено,2023_07_08_a5c49a99e2253cc67b14g.tex
Не найдено,Не найдено,Не найдено,2023_07_08_a5c625c105aa6ffa0580g.tex
Не найдено,Не найдено,Не найдено,2023_07_08_a5d06adc53250a73460eg.tex
Не найдено,Не найдено,Не найдено,2023_07_08_a5e666ed1db38b95dfd2g.tex
Не найдено,Не найдено,Не найдено,2023_07_08_a6004d10ce20fbaba52cg.tex
Не найдено,Не найдено,Не найдено,2023_07_08_a60c4e5ce8f2d22fd47cg.tex
Не найдено,Не найдено,Не найдено,2023_07_08_a610a5a2eea8429141b4g.tex
Не найдено,Не найдено,Не найдено,2023_07_08_a64aaae930ef812b9606g.tex
Не найдено,Не найдено,Не найдено,2023_07_08_a64f6fd79774dd23de19g.tex
Не найдено,Не найдено,Не найдено,2023_07_08_a64f6fd79774dd23de19g_1.tex
Не найдено,Не найдено,Не найдено,2023_07_08_a64f6fd79774dd23de19g_2.tex
Не найдено,Не найдено,Не найдено,2023_07_08_a663c612869741694c5fg.tex
Не найдено,Не найдено,Не найдено,2023_07_08_a663c612869741694c5fg_1.tex
Не найдено,Не найдено,Не найдено,2023_07_08_a66d1a1bad49b81855ccg.tex
Не найдено,Не найдено,Не найдено,2023_07_08_a6a2494a29728a6cb415g.tex
Не найдено,Не найдено,Не найдено,2023_07_08_a6a7a0bbe7788c00e923g.tex
Не найдено,Не найдено,Не найдено,2023_07_08_a70f97393c1fd3389e68g.tex
Не найдено,Не найдено,Не найдено,2023_07_08_a710d8ec4a1fac92c253g.tex
Не найдено,Не найдено,Не найдено,2023_07_08_a716e8775d706e56140bg.tex
Не найдено,Не найдено,Не найдено,2023_07_08_a72817f18096eed045a2g.tex
Не найдено,Не найдено,Не найдено,2023_07_08_a72b96080d17848aa09bg.tex
Не найдено,Не найдено,Не найдено,2023_07_08_a75c007909bacfb3d9b8g.tex
Не найдено,Не найдено,Не найдено,2023_07_08_a793797e6ead4d1fe06cg.tex
Не найдено,Не найдено,Не найдено,2023_07_08_a7d4be26cd20cd37c426g.tex
22 АНАЛИТИЧЕСКАЯ ,Не найдено,Не найдено,2023_07_08_a7eff6536fe90c333b24g.tex
Не найдено,Не найдено,Не найдено,2023_07_08_a84a184c5e92a429eee2g.tex
Не найдено,Не найдено,Не найдено,2023_07_08_a8574ed425b8d913ed3eg.tex
Не найдено,Не найдено,Не найдено,2023_07_08_a885bf46aa4d498d6b5bg.tex
Не найдено,Не найдено,Не найдено,2023_07_08_a8a25b6cc545dbbb22d4g.tex
Не найдено,Не найдено,Не найдено,2023_07_08_a8a4ddd1c4dc7be0415ag.tex
Не найдено,Не найдено,Не найдено,2023_07_08_a8acd95a5c25b760752cg.tex
Не найдено,Не найдено,Не найдено,2023_07_08_a8b5c42eb2dbba050275g.tex
Не найдено,Не найдено,Не найдено,2023_07_08_a90b87dc13115b6ec664g.tex
Не найдено,Не найдено,Не найдено,2023_07_08_a93434d0378dda77dae8g.tex
Не найдено,Не найдено,Не найдено,2023_07_08_a947dcff675a48887cb6g.tex
Не найдено,Не найдено,Не найдено,2023_07_08_a957fb82d9960e552508g.tex
Не найдено,Не найдено,Не найдено,2023_07_08_a95a1192c2755be68898g.tex
Не найдено,Не найдено,Не найдено,2023_07_08_a97325c8e042edc505c2g.tex
Не найдено,Не найдено,Не найдено,2023_07_08_a97cb785943adfbdc2b1g.tex
Не найдено,Не найдено,Не найдено,2023_07_08_a97cb785943adfbdc2b1g_1.tex
Не найдено,Не найдено,Не найдено,2023_07_08_a97cb785943adfbdc2b1g_2.tex
Не найдено,Не найдено,Не найдено,2023_07_08_a99663d1c17a0847ac90g.tex
Не найдено,Не найдено,Не найдено,2023_07_08_a99fb65d52b45f5c54eag.tex
Не найдено,Не найдено,Не найдено,2023_07_08_a9ba28ed3c8fa0aa3f01g.tex
Не найдено,Не найдено,Не найдено,2023_07_08_a9e15f943a222d14d276g.tex
Не найдено,Не найдено,Не найдено,2023_07_08_a9e168b71fda2e74d177g.tex
Не найдено,Не найдено,Не найдено,2023_07_08_a9f38239f09644a75cb2g.tex
Не найдено,Не найдено,Не найдено,2023_07_08_aa40ca56226a3515785dg.tex
Не найдено,Не найдено,Не найдено,2023_07_08_aa4c74f51d6ca8044ff1g.tex
Не найдено,Не найдено,Не найдено,2023_07_08_aa4d939bf5f607849ccbg.tex
Не найдено,Не найдено,Не найдено,2023_07_08_aa53b05008ba4a20d388g.tex
Не найдено,Не найдено,Не найдено,2023_07_08_aa5e126cb9ad41bb12adg.tex
Не найдено,Не найдено,Не найдено,2023_07_08_aa9667307cc906f6bc7fg.tex
Не найдено,Не найдено,Не найдено,2023_07_08_aa9a750ffe400de9c99dg.tex
Не найдено,Не найдено,Не найдено,2023_07_08_aac53d80061469d03d7bg.tex
Не найдено,Не найдено,Не найдено,2023_07_08_aad1bfea06e6f099708dg.tex
Не найдено,Не найдено,Не найдено,2023_07_08_ab20e83095e9e0f58f4cg.tex
Не найдено,Не найдено,Не найдено,2023_07_08_ab26f5062ceb5fbbeaf9g.tex
Не найдено,Не найдено,Не найдено,2023_07_08_ab36c0bb9fc299a322adg.tex
$\mathbf{C,Не найдено,Не найдено,2023_07_08_ab49259018adae743264g.tex
Не найдено,Не найдено,Не найдено,2023_07_08_ab7ae336e5c248942331g.tex
Не найдено,Не найдено,Не найдено,2023_07_08_ab8af2c5375172152efcg.tex
Не найдено,Не найдено,Не найдено,2023_07_08_ab9b00668d8f16206ac2g.tex
Не найдено,Не найдено,Не найдено,2023_07_08_ab9becd712cc5b4f1b92g.tex
Не найдено,Не найдено,Не найдено,2023_07_08_ab9becd712cc5b4f1b92g_1.tex
Не найдено,Не найдено,Не найдено,2023_07_08_ab9becd712cc5b4f1b92g_2.tex
Не найдено,Не найдено,Не найдено,2023_07_08_ab9c2d71f923d0ad9a2dg.tex
Не найдено,Не найдено,Не найдено,2023_07_08_abecd72a7a11a15ff7fdg.tex
Не найдено,Не найдено,Не найдено,2023_07_08_ac33147d4973b098e9edg.tex
Не найдено,Не найдено,Не найдено,2023_07_08_ac5de0e055c6d23521ceg.tex
Не найдено,Не найдено,Не найдено,2023_07_08_ac5de0e055c6d23521ceg_1.tex
Не найдено,Не найдено,Не найдено,2023_07_08_ac5de0e055c6d23521ceg_2.tex
Не найдено,Не найдено,Не найдено,2023_07_08_ac6d1fcd937651b94e6fg.tex
Не найдено,Не найдено,Не найдено,2023_07_08_ac7596cdc1ca17cbd54fg.tex
Не найдено,Не найдено,Не найдено,2023_07_08_ac7c70e360f6c721b1cbg.tex
Не найдено,Не найдено,Не найдено,2023_07_08_ac85a1a23b7d406e3d75g.tex
Не найдено,Не найдено,Не найдено,2023_07_08_ac8c49c3a328eb81cf53g.tex
Не найдено,Не найдено,Не найдено,2023_07_08_acce1153832edf86e4c2g.tex
Не найдено,Не найдено,Не найдено,2023_07_08_ad33d15d54b909dfacb2g.tex
Не найдено,Не найдено,Не найдено,2023_07_08_ad3d95c005bb772b759eg.tex
Не найдено,Не найдено,Не найдено,2023_07_08_ad502336b83fb2ccd730g.tex
Не найдено,Не найдено,Не найдено,2023_07_08_ad66712331f78cc2ab25g.tex
Не найдено,Не найдено,Не найдено,2023_07_08_ad6c4722c6d16a930e35g.tex
Не найдено,Не найдено,Не найдено,2023_07_08_ad79bb55d326169e0855g.tex
Не найдено,Не найдено,Не найдено,2023_07_08_ad80681197cf6b3868b3g.tex
Не найдено,Не найдено,Не найдено,2023_07_08_ad9c8ae2b58a2eb87316g.tex
Не найдено,Не найдено,Не найдено,2023_07_08_addcc7d9388fecaf4b44g.tex
Не найдено,Не найдено,Не найдено,2023_07_08_adf587383307ff1b6a8fg.tex
Не найдено,Не найдено,Не найдено,2023_07_08_adf5ff829bd898a9c030g.tex
Не найдено,Не найдено,Не найдено,2023_07_08_ae08195fc6a126688e18g.tex
Не найдено,Не найдено,Не найдено,2023_07_08_ae1797ee0b7ed9730c8ag.tex
Не найдено,Не найдено,Не найдено,2023_07_08_ae3d3b12d8508c9f24c6g.tex
Не найдено,Не найдено,Не найдено,2023_07_08_ae3d3b12d8508c9f24c6g_1.tex
Не найдено,Не найдено,Не найдено,2023_07_08_ae3d3b12d8508c9f24c6g_2.tex
Не найдено,Не найдено,Не найдено,2023_07_08_ae3f414d6a038f2c195bg.tex
Не найдено,Не найдено,Не найдено,2023_07_08_ae406c36ad9b7429dac4g.tex
Не найдено,Не найдено,Не найдено,2023_07_08_ae44b03b79877647c9c1g.tex
Не найдено,Не найдено,Не найдено,2023_07_08_ae455b7a522926e1cbfdg.tex
Не найдено,Не найдено,Не найдено,2023_07_08_ae58533dcd106adc3722g.tex
Не найдено,Не найдено,Не найдено,2023_07_08_ae74517df77f62e0e9a3g.tex
Не найдено,Не найдено,Не найдено,2023_07_08_ae95fd759310c41356c9g.tex
Не найдено,Не найдено,Не найдено,2023_07_08_aedb0accd64e56ce7ca1g.tex
Не найдено,Не найдено,Не найдено,2023_07_08_aeed0f483b94e904231eg.tex
Не найдено,Не найдено,Не найдено,2023_07_08_af0cc38323e3bf5c8e0bg.tex
Не найдено,Не найдено,Не найдено,2023_07_08_af2b8d55b0638601d188g.tex
Не найдено,Не найдено,Не найдено,2023_07_08_af46e8315b519f82b972g.tex
Не найдено,Не найдено,Не найдено,2023_07_08_af7bd6ad0ecbc25b8731g.tex
Не найдено,Не найдено,Не найдено,2023_07_08_af98fa99cc6910b9d79dg.tex
Не найдено,Не найдено,Не найдено,2023_07_08_af99ab77409529be8c72g.tex
Не найдено,Не найдено,Не найдено,2023_07_08_af9e0987b930353ff8b1g.tex
Не найдено,Не найдено,Не найдено,2023_07_08_afcdac7ef8d5592acaacg.tex
Не найдено,Не найдено,Не найдено,2023_07_08_afe818066d86c9108130g.tex
Не найдено,Не найдено,Не найдено,2023_07_08_afec0844b9af4018c7a6g.tex
Не найдено,Не найдено,Не найдено,2023_07_08_afee34ab422a559a0f7dg.tex
Не найдено,Не найдено,Не найдено,2023_07_08_b00c2c51663e0706bbd8g.tex
Не найдено,Не найдено,Не найдено,2023_07_08_b017ec827dff71a489bcg.tex
Не найдено,Не найдено,Не найдено,2023_07_08_b02180d7334d2d7e38ffg.tex
Не найдено,Не найдено,Не найдено,2023_07_08_b05f01e97096297b5a71g.tex
Не найдено,Не найдено,Не найдено,2023_07_08_b0c7b288ff1b153c8ba1g.tex
Не найдено,Не найдено,Не найдено,2023_07_08_b0cc096e8af970ca474ag.tex
Не найдено,Не найдено,Не найдено,2023_07_08_b0f465aaf076579df2a0g.tex
Не найдено,Не найдено,Не найдено,2023_07_08_b108c961febc6794db29g.tex
Не найдено,Не найдено,Не найдено,2023_07_08_b113e613062582e094beg.tex
Не найдено,Не найдено,Не найдено,2023_07_08_b12a30ddd1d69094bec0g.tex
Не найдено,Не найдено,Не найдено,2023_07_08_b1348817283dcae1e672g.tex
Не найдено,Не найдено,Не найдено,2023_07_08_b1348817283dcae1e672g_1.tex
Не найдено,Не найдено,Не найдено,2023_07_08_b1348817283dcae1e672g_2.tex
Не найдено,Не найдено,Не найдено,2023_07_08_b1613c0178cf83a70b79g.tex
Не найдено,Не найдено,Не найдено,2023_07_08_b188dfbbeb50060f0f46g.tex
Не найдено,Не найдено,Не найдено,2023_07_08_b18b248be5bc1634e171g.tex
Не найдено,Не найдено,Не найдено,2023_07_08_b2337f744015a1e0166bg.tex
Не найдено,Не найдено,Не найдено,2023_07_08_b26dd71df854d4daf2e2g.tex
Не найдено,Не найдено,Не найдено,2023_07_08_b27e03a9a71b0e2d13ceg.tex
Не найдено,Не найдено,Не найдено,2023_07_08_b284cc313350bc40950ag.tex
Не найдено,Не найдено,Не найдено,2023_07_08_b28afe8d0df10418339bg.tex
Не найдено,Не найдено,Не найдено,2023_07_08_b28d10b5fdc875f6648ag.tex
Не найдено,Не найдено,Не найдено,2023_07_08_b2c74f9e15b600713309g.tex
Не найдено,Не найдено,Не найдено,2023_07_08_b2cacff18e03d77b07e4g.tex
Не найдено,Не найдено,Не найдено,2023_07_08_b2dbe245adc3f4db10bcg.tex
Не найдено,Не найдено,Не найдено,2023_07_08_b2e797430498215b92bdg.tex
Не найдено,Не найдено,Не найдено,2023_07_08_b2ebc088b14127cf02d9g.tex
Не найдено,Не найдено,Не найдено,2023_07_08_b2edad69333226fc5e61g.tex
Не найдено,Не найдено,Не найдено,2023_07_08_b2ff8eefc813d5310b00g.tex
Не найдено,Не найдено,Не найдено,2023_07_08_b30b93d90608076916e5g.tex
Не найдено,Не найдено,Не найдено,2023_07_08_b320ce977ac150bf330fg.tex
Не найдено,Не найдено,Не найдено,2023_07_08_b32d44892875a9760e0bg.tex
Не найдено,Не найдено,Не найдено,2023_07_08_b3417e1b784a83c3cb29g.tex
Не найдено,Не найдено,Не найдено,2023_07_08_b343f98a53f3ed84254cg.tex
Не найдено,Не найдено,Не найдено,2023_07_08_b360fad42f3482b2227ag.tex
Не найдено,Не найдено,Не найдено,2023_07_08_b3641dbfa9b935358e74g.tex
Не найдено,Не найдено,Не найдено,2023_07_08_b3a169001b5c75bfc81eg.tex
Не найдено,Не найдено,Не найдено,2023_07_08_b3ab4473dfe18d05a9fdg.tex
Не найдено,Не найдено,Не найдено,2023_07_08_b3bad2d0861b6bf1b4dag.tex
Не найдено,Не найдено,Не найдено,2023_07_08_b3c567f5b0ad73774907g.tex
Не найдено,Не найдено,Не найдено,2023_07_08_b3cb7ce398bb380600eeg.tex
Не найдено,Не найдено,Не найдено,2023_07_08_b3e078d8a532bb27b947g.tex
Не найдено,Не найдено,Не найдено,2023_07_08_b3e6fc972acf88abb003g.tex
Не найдено,Не найдено,Не найдено,2023_07_08_b3f998edd0a948019e57g.tex
Не найдено,Не найдено,Не найдено,2023_07_08_b402878f3688acf1a437g.tex
Не найдено,Не найдено,Не найдено,2023_07_08_b406f9ad4e884a903ac9g.tex
Не найдено,Не найдено,Не найдено,2023_07_08_b42ba164ee97cbb08a3eg.tex
Не найдено,Не найдено,Не найдено,2023_07_08_b43028b0101ca7028f25g.tex
Не найдено,Не найдено,Не найдено,2023_07_08_b4323053463fa527000bg.tex
Не найдено,Не найдено,Не найдено,2023_07_08_b44f738094efde8251f4g.tex
Не найдено,Не найдено,Не найдено,2023_07_08_b453bb39af2d598eb48cg.tex
Не найдено,Не найдено,Не найдено,2023_07_08_b4696b88eb19d8797da4g.tex
Не найдено,Не найдено,Не найдено,2023_07_08_b46b5526723b60c60b30g.tex
Не найдено,Не найдено,Не найдено,2023_07_08_b46c305ab008f68c1f37g.tex
Не найдено,Не найдено,Не найдено,2023_07_08_b478b332a06e68c92516g.tex
Не найдено,Не найдено,Не найдено,2023_07_08_b4a19650cf8ecc3dab03g.tex
Не найдено,Не найдено,Не найдено,2023_07_08_b4b04cb613921a0dd28cg.tex
Не найдено,Не найдено,Не найдено,2023_07_08_b4b0753994612a7a6d57g.tex
Не найдено,Не найдено,Не найдено,2023_07_08_b4c581cdab65c3b28d25g.tex
Не найдено,Не найдено,Не найдено,2023_07_08_b4c9efe0d7c5a69e8cddg.tex
Не найдено,Не найдено,Не найдено,2023_07_08_b4e14471b52b906709f6g.tex
Не найдено,Не найдено,Не найдено,2023_07_08_b505ed71489034d484e1g.tex
Не найдено,Не найдено,Не найдено,2023_07_08_b509539db575a8fc3d3dg.tex
Не найдено,Не найдено,Не найдено,2023_07_08_b51a7cc625e777770c3fg.tex
Не найдено,Не найдено,Не найдено,2023_07_08_b521724f88547b931587g.tex
Не найдено,Не найдено,Не найдено,2023_07_08_b53ef48e102e747f347bg.tex
Не найдено,Не найдено,Не найдено,2023_07_08_b5476ac7ea3089ec484bg.tex
Не найдено,Не найдено,Не найдено,2023_07_08_b563a190234478097139g.tex
Не найдено,Не найдено,Не найдено,2023_07_08_b566aeb214f4f23638a8g.tex
Не найдено,Не найдено,Не найдено,2023_07_08_b567a9a577a1a1b549adg.tex
Не найдено,Не найдено,Не найдено,2023_07_08_b56b7c137b9c0f1c8190g.tex
Не найдено,Не найдено,Не найдено,2023_07_08_b58231814c0941a4cb42g.tex
Не найдено,Не найдено,Не найдено,2023_07_08_b598beb1a371ffb7f325g.tex
Не найдено,Не найдено,Не найдено,2023_07_08_b5b9945c2eb016a2dbdbg.tex
Не найдено,Не найдено,Не найдено,2023_07_08_b5cd8b32b4ed7f7744b5g.tex
Не найдено,Не найдено,Не найдено,2023_07_08_b5ebaec0feb1a7a97167g.tex
Не найдено,Не найдено,Не найдено,2023_07_08_b631e021ce3438c8645fg.tex
Не найдено,Не найдено,Не найдено,2023_07_08_b6474cffc4ad948ac3f2g.tex
Не найдено,Не найдено,Не найдено,2023_07_08_b659d02c49aad32883e8g.tex
Не найдено,Не найдено,Не найдено,2023_07_08_b677dd6989d4724e89f6g.tex
Не найдено,Не найдено,Не найдено,2023_07_08_b67b03e5f27ae77507cfg.tex
Не найдено,Не найдено,Не найдено,2023_07_08_b682e39bd92092b57529g.tex
Не найдено,Не найдено,Не найдено,2023_07_08_b696bbc6b7a835bcc8fag.tex
Не найдено,Не найдено,Не найдено,2023_07_08_b6ae0629cde4104759efg.tex
Не найдено,Не найдено,Не найдено,2023_07_08_b6b7d2017dd82e3890e0g.tex
Не найдено,Не найдено,Не найдено,2023_07_08_b6b94c29aa58e51eeccdg.tex
Не найдено,Не найдено,Не найдено,2023_07_08_b6d0bc04d60515820140g.tex
Не найдено,Не найдено,Не найдено,2023_07_08_b6d589cf43c39b095bdeg.tex
Не найдено,Не найдено,Не найдено,2023_07_08_b6dab35a48791ea4d3d3g.tex
Не найдено,Не найдено,Не найдено,2023_07_08_b6eb78fafae7d33d9a46g.tex
Не найдено,Не найдено,Не найдено,2023_07_08_b726b8a5130830c6604eg.tex
Не найдено,Не найдено,Не найдено,2023_07_08_b758eefdb94db35cd7dcg.tex
Не найдено,Не найдено,Не найдено,2023_07_08_b76ed59cc04f64750555g.tex
Не найдено,Не найдено,Не найдено,2023_07_08_b78c0eb3c7b8c235344fg.tex
Не найдено,Не найдено,Не найдено,2023_07_08_b7abfec461838860d5b1g.tex
Не найдено,Не найдено,Не найдено,2023_07_08_b7b8286f67c66907def3g.tex
Не найдено,Не найдено,Не найдено,2023_07_08_b7b9092b5fd7a70580b7g.tex
Не найдено,Не найдено,Не найдено,2023_07_08_b8148b3da0b17e753d3cg.tex
Не найдено,Не найдено,Не найдено,2023_07_08_b830f57e92a21d1d903dg.tex
Не найдено,Не найдено,Не найдено,2023_07_08_b8625e22a02fdb1f7825g.tex
Не найдено,Не найдено,Не найдено,2023_07_08_b879b00d1e41fa6282b9g.tex
Не найдено,Не найдено,Не найдено,2023_07_08_b89736afc0f7353b3e37g.tex
Не найдено,Не найдено,Не найдено,2023_07_08_b8a9a07ec617df5a50ebg.tex
Не найдено,Не найдено,Не найдено,2023_07_08_b8eb845f92065cf2039ag.tex
Не найдено,Не найдено,Не найдено,2023_07_08_b8eb845f92065cf2039ag_1.tex
Не найдено,Не найдено,Не найдено,2023_07_08_b8eb845f92065cf2039ag_2.tex
Не найдено,Не найдено,Не найдено,2023_07_08_b8ed86304eb2fdd7945bg.tex
Не найдено,Не найдено,Не найдено,2023_07_08_b903d1e18190bdeab223g.tex
Не найдено,Не найдено,Не найдено,2023_07_08_b91fb3b361dd1b8757ecg.tex
Не найдено,Не найдено,Не найдено,2023_07_08_b927987b6b2b94baeeefg.tex
Не найдено,Не найдено,Не найдено,2023_07_08_b96426a04b370297de3fg.tex
Не найдено,Не найдено,Не найдено,2023_07_08_b964bbddcfcbd2559277g.tex
Не найдено,Не найдено,Не найдено,2023_07_08_b9656c4affc0c1a03b51g.tex
Не найдено,Не найдено,Не найдено,2023_07_08_b974c4cc4e5863176341g.tex
Не найдено,Не найдено,Не найдено,2023_07_08_b989fe46565abb34022fg.tex
Не найдено,Не найдено,Не найдено,2023_07_08_b9a46e77b4ba4b9bb8d1g.tex
Не найдено,Не найдено,Не найдено,2023_07_08_b9a84f4ed4b3f579ca11g.tex
Не найдено,Не найдено,Не найдено,2023_07_08_b9bdcb6a186bd2bd91ddg.tex
Не найдено,Не найдено,Не найдено,2023_07_08_b9c123044aff8a94dcf3g.tex
Не найдено,Не найдено,Не найдено,2023_07_08_b9e939379c388d1d4c34g.tex
Не найдено,Не найдено,Не найдено,2023_07_08_b9ee2d9f6938bdb8a760g.tex
Не найдено,Не найдено,Не найдено,2023_07_08_ba0b7145c145d21fe020g.tex
Не найдено,Не найдено,Не найдено,2023_07_08_ba1fe898ec8793c393d7g.tex
Не найдено,Не найдено,Не найдено,2023_07_08_ba394586ff29a39e7053g.tex
Не найдено,Не найдено,Не найдено,2023_07_08_ba55d485f31d08e7826eg.tex
Не найдено,Не найдено,Не найдено,2023_07_08_ba736ab27ccd17c37b0bg.tex
Не найдено,Не найдено,Не найдено,2023_07_08_ba7c3b7565325c89f830g.tex
Не найдено,Не найдено,Не найдено,2023_07_08_ba8e1eb23c904de8739eg.tex
Не найдено,Не найдено,Не найдено,2023_07_08_baa5d0cc0da44a440d70g.tex
Не найдено,Не найдено,Не найдено,2023_07_08_bab03dac89b51bfcb0acg.tex
Не найдено,Не найдено,Не найдено,2023_07_08_bac86c2ca0c29907ca3dg.tex
Не найдено,Не найдено,Не найдено,2023_07_08_baca69decf6538bd240fg.tex
Не найдено,Не найдено,Не найдено,2023_07_08_baec9fbb1139fad1695fg.tex
Не найдено,Не найдено,Не найдено,2023_07_08_baf9fff9255c660efa15g.tex
Не найдено,Не найдено,Не найдено,2023_07_08_bb17b407e56d4883096fg.tex
Не найдено,Не найдено,Не найдено,2023_07_08_bb25095324945571e73ag.tex
Не найдено,Не найдено,Не найдено,2023_07_08_bb2577ca4a2775891503g.tex
Не найдено,Не найдено,Не найдено,2023_07_08_bb4d547fbd5491a560ffg.tex
Не найдено,Не найдено,Не найдено,2023_07_08_bb557379dc09012f5b44g.tex
Не найдено,Не найдено,Не найдено,2023_07_08_bb59cd4139ccc87a398ag.tex
Не найдено,Не найдено,Не найдено,2023_07_08_bb7226de18f8020c70cag.tex
Не найдено,Не найдено,Не найдено,2023_07_08_bb7cbbe05d6fe3eb56b8g.tex
Не найдено,Не найдено,Не найдено,2023_07_08_bb98a82bbc565384e320g.tex
Не найдено,Не найдено,Не найдено,2023_07_08_bb9e1c97270876af8e7dg.tex
Не найдено,Не найдено,Не найдено,2023_07_08_bba359af1e0dd3aa1146g.tex
3 ,Не найдено,Не найдено,2023_07_08_bba504804bf572800827g.tex
Не найдено,Не найдено,Не найдено,2023_07_08_bbb239cc848e46939e9ag.tex
Не найдено,Не найдено,Не найдено,2023_07_08_bbcb9cc31c662621dcf8g.tex
Не найдено,Не найдено,Не найдено,2023_07_08_bbd92eeabc79457b4cc3g.tex
Не найдено,Не найдено,Не найдено,2023_07_08_bbeace5be2b51a126bc1g.tex
Не найдено,Не найдено,Не найдено,2023_07_08_bbf80a2264b29ebe8163g.tex
Не найдено,Не найдено,Не найдено,2023_07_08_bc0bf64cb896270e50b3g.tex
Не найдено,Не найдено,Не найдено,2023_07_08_bc0bf64cb896270e50b3g_1.tex
Не найдено,Не найдено,Не найдено,2023_07_08_bc0bf64cb896270e50b3g_2.tex
Не найдено,Не найдено,Не найдено,2023_07_08_bc1a50bc3a7fb2e49768g.tex
Не найдено,Не найдено,Не найдено,2023_07_08_bc30118d08c623c4c251g.tex
Не найдено,Не найдено,Не найдено,2023_07_08_bc38a2648785bdf700adg.tex
Не найдено,Не найдено,Не найдено,2023_07_08_bc4d670f17d26c30b160g.tex
Не найдено,Не найдено,Не найдено,2023_07_08_bc69fee54a794909c9f2g.tex
Не найдено,Не найдено,Не найдено,2023_07_08_bc7221f05006d72f1072g.tex
Не найдено,Не найдено,Не найдено,2023_07_08_bc7221f05006d72f1072g_1.tex
Не найдено,Не найдено,Не найдено,2023_07_08_bc7221f05006d72f1072g_2.tex
Не найдено,Не найдено,Не найдено,2023_07_08_bc74924e8ff0cba850a8g.tex
Не найдено,Не найдено,Не найдено,2023_07_08_bcab05acc73bc35aecffg.tex
Не найдено,Не найдено,Не найдено,2023_07_08_bcd9ef1054173e5be0abg.tex
Не найдено,Не найдено,Не найдено,2023_07_08_bd047849a12c97c98a68g.tex
Не найдено,Не найдено,Не найдено,2023_07_08_bd33ee7aab8fca901380g.tex
Не найдено,Не найдено,Не найдено,2023_07_08_bd34dee9fed355f48038g.tex
Не найдено,Не найдено,Не найдено,2023_07_08_bd46520950157045bb54g.tex
Не найдено,Не найдено,Не найдено,2023_07_08_bd46654f8d0e3d951050g.tex
Не найдено,Не найдено,Не найдено,2023_07_08_bd5e50659f063587f701g.tex
Не найдено,Не найдено,Не найдено,2023_07_08_bd6ce186051f09bd0da2g.tex
Не найдено,Не найдено,Не найдено,2023_07_08_bdc806d74499b4f1a59dg.tex
Не найдено,Не найдено,Не найдено,2023_07_08_bdc971b48298cca3e951g.tex
Не найдено,Не найдено,Не найдено,2023_07_08_bdd2f50d4f007dc31ee4g.tex
Не найдено,Не найдено,Не найдено,2023_07_08_bdf536628a323b2aac19g.tex
Не найдено,Не найдено,Не найдено,2023_07_08_be16a8f450733f65effcg.tex
Не найдено,Не найдено,Не найдено,2023_07_08_be17ea75d7c898ddd520g.tex
Не найдено,Не найдено,Не найдено,2023_07_08_be4c87071b133947a8dcg.tex
Не найдено,Не найдено,Не найдено,2023_07_08_be4e927b52c212f1e8f7g.tex
Не найдено,Не найдено,Не найдено,2023_07_08_be814b5d56eff32829c7g.tex
Не найдено,Не найдено,Не найдено,2023_07_08_beb009eb897029361baeg.tex
Не найдено,Не найдено,Не найдено,2023_07_08_beb97638694792137dd2g.tex
Не найдено,Не найдено,Не найдено,2023_07_08_bedbb17eb11d4529d4cbg.tex
Не найдено,Не найдено,Не найдено,2023_07_08_bf066e4eec0e8313418cg.tex
Не найдено,Не найдено,Не найдено,2023_07_08_bf0f6881edef80e0274cg.tex
Не найдено,Не найдено,Не найдено,2023_07_08_bf2e84276622041ebb9fg.tex
Не найдено,Не найдено,Не найдено,2023_07_08_bf43cca906f6a0322b85g.tex
Не найдено,Не найдено,Не найдено,2023_07_08_bf573671aa9b0dd76916g.tex
Не найдено,Не найдено,Не найдено,2023_07_08_bf9c56d46335d3403464g.tex
Не найдено,Не найдено,Не найдено,2023_07_08_bff3d24bad773f64e0feg.tex
Не найдено,Не найдено,Не найдено,2023_07_08_c0007681a96e3059c33cg.tex
Не найдено,Не найдено,Не найдено,2023_07_08_c00d933129737bc89662g.tex
Не найдено,Не найдено,Не найдено,2023_07_08_c04ec4dad1b20261b882g.tex
Не найдено,Не найдено,Не найдено,2023_07_08_c05290e91e0ce9e2fb0dg.tex
Не найдено,Не найдено,Не найдено,2023_07_08_c05290e91e0ce9e2fb0dg_1.tex
Не найдено,Не найдено,Не найдено,2023_07_08_c05ea4870b48bb96d6e8g.tex
Не найдено,Не найдено,Не найдено,2023_07_08_c076bf3211634ad39d90g.tex
Не найдено,Не найдено,Не найдено,2023_07_08_c078d0e088a536878dedg.tex
Не найдено,Не найдено,Не найдено,2023_07_08_c07925c604eb593bb0d6g.tex
Не найдено,Не найдено,Не найдено,2023_07_08_c07c705ed59c3deedd92g.tex
Не найдено,Не найдено,Не найдено,2023_07_08_c0811944df13ef634384g.tex
Не найдено,Не найдено,Не найдено,2023_07_08_c08fcc45e358ea5ba739g.tex
Не найдено,Не найдено,Не найдено,2023_07_08_c097f8e15ec5a7529509g.tex
Не найдено,Не найдено,Не найдено,2023_07_08_c0be9d67110f5fcca503g.tex
Не найдено,Не найдено,Не найдено,2023_07_08_c0def25f4e13d817922eg.tex
Не найдено,Не найдено,Не найдено,2023_07_08_c0f8eccde446a5386feeg.tex
Не найдено,Не найдено,Не найдено,2023_07_08_c0fef4ac27cc8fbe5935g.tex
Не найдено,Не найдено,Не найдено,2023_07_08_c125e7b567ddf1a11612g.tex
Не найдено,Не найдено,Не найдено,2023_07_08_c1468d8b613df19c542dg.tex
Не найдено,Не найдено,Не найдено,2023_07_08_c16cf16f1d0a4d57fd31g.tex
Не найдено,Не найдено,Не найдено,2023_07_08_c172844d1c0c37b0db71g.tex
Не найдено,Не найдено,Не найдено,2023_07_08_c19bac6194699fc1b535g.tex
Не найдено,Не найдено,Не найдено,2023_07_08_c1ac41f442d1728465bfg.tex
Не найдено,Не найдено,Не найдено,2023_07_08_c1ccb328240649476170g.tex
Не найдено,Не найдено,Не найдено,2023_07_08_c2042c8121060c51aadag.tex
Не найдено,Не найдено,Не найдено,2023_07_08_c2063a3ee6cbb281facfg.tex
Не найдено,Не найдено,Не найдено,2023_07_08_c212fc24f5d65a109c35g.tex
Не найдено,Не найдено,Не найдено,2023_07_08_c22d508fd4abd55259c5g.tex
Не найдено,Не найдено,Не найдено,2023_07_08_c2394bcea4e929bdcb72g.tex
Не найдено,Не найдено,Не найдено,2023_07_08_c2ae1585520851099fadg.tex
Не найдено,Не найдено,Не найдено,2023_07_08_c2e70969aa82886c99fcg.tex
Не найдено,Не найдено,Не найдено,2023_07_08_c31284e631260141b9f7g.tex
Не найдено,Не найдено,Не найдено,2023_07_08_c321f853c95f3f6ed666g.tex
Не найдено,Не найдено,Не найдено,2023_07_08_c32360797349f89e0fa7g.tex
Не найдено,Не найдено,Не найдено,2023_07_08_c332702dbc445d2e41c8g.tex
Не найдено,Не найдено,Не найдено,2023_07_08_c35260a32114de3c15cdg.tex
Не найдено,Не найдено,Не найдено,2023_07_08_c35b86b934a6be434526g.tex
Не найдено,Не найдено,Не найдено,2023_07_08_c36b22dc5840a4de0e69g.tex
Не найдено,Не найдено,Не найдено,2023_07_08_c372fe14c05c786ce25ag.tex
Не найдено,Не найдено,Не найдено,2023_07_08_c373e4073464f4038942g.tex
Не найдено,Не найдено,Не найдено,2023_07_08_c374e407e6339903637ag.tex
Не найдено,Не найдено,Не найдено,2023_07_08_c398109c801d52da982dg.tex
Не найдено,Не найдено,Не найдено,2023_07_08_c398109c801d52da982dg_1.tex
Не найдено,Не найдено,Не найдено,2023_07_08_c398109c801d52da982dg_2.tex
Не найдено,Не найдено,Не найдено,2023_07_08_c39e014f42ae7baf060eg.tex
Не найдено,Не найдено,Не найдено,2023_07_08_c3a4b8e7db113a73ccb6g.tex
Не найдено,Не найдено,Не найдено,2023_07_08_c3b00f4d884ae59c0a01g.tex
Не найдено,Не найдено,Не найдено,2023_07_08_c3b173a5f7e84a8b3713g.tex
Не найдено,Не найдено,Не найдено,2023_07_08_c3c1fc250b47d3f9f7a7g.tex
Не найдено,Не найдено,Не найдено,2023_07_08_c3c66c5a043c37ffe70eg.tex
Не найдено,Не найдено,Не найдено,2023_07_08_c3cddfc65b5576164611g.tex
Не найдено,Не найдено,Не найдено,2023_07_08_c3d5b1233becf31577aeg.tex
Не найдено,Не найдено,Не найдено,2023_07_08_c4195e35c1ef4eb25f61g.tex
Не найдено,Не найдено,Не найдено,2023_07_08_c428075053f866bec30fg.tex
Не найдено,Не найдено,Не найдено,2023_07_08_c452175483502867678ag.tex
Не найдено,Не найдено,Не найдено,2023_07_08_c489727f2b4d17496923g.tex
Не найдено,Не найдено,Не найдено,2023_07_08_c48e65f6c5524aa40bf7g.tex
Не найдено,Не найдено,Не найдено,2023_07_08_c4a7ae9fbff0b08b61ccg.tex
Не найдено,Не найдено,Не найдено,2023_07_08_c4e2a28b46d5ed401007g.tex
Не найдено,Не найдено,Не найдено,2023_07_08_c4e97c77bfd11a729451g.tex
Не найдено,Не найдено,Не найдено,2023_07_08_c4ea6d3be809f281cc73g.tex
Не найдено,Не найдено,Не найдено,2023_07_08_c53af135e2cb603d2b9ag.tex
Не найдено,Не найдено,Не найдено,2023_07_08_c5441811ff7e19a867f6g.tex
Не найдено,Не найдено,Не найдено,2023_07_08_c56bf598ad3ae19ea85dg.tex
Не найдено,Не найдено,Не найдено,2023_07_08_c576451be61961401b0fg.tex
Не найдено,Не найдено,Не найдено,2023_07_08_c578af8fe2826f436851g.tex
Не найдено,Не найдено,Не найдено,2023_07_08_c57a17bf2025ab8ed6c6g.tex
Не найдено,Не найдено,Не найдено,2023_07_08_c5976a8b321a19ff6a3eg.tex
Не найдено,Не найдено,Не найдено,2023_07_08_c5aeaa2444fd48d4fc08g.tex
Не найдено,Не найдено,Не найдено,2023_07_08_c5b49e8ee2b192a64c16g.tex
Не найдено,Не найдено,Не найдено,2023_07_08_c5c3f35c0cf33bcc270cg.tex
Не найдено,Не найдено,Не найдено,2023_07_08_c5fdd2455e3175f62f31g.tex
Не найдено,Не найдено,Не найдено,2023_07_08_c5fe0fb6fa046eb92259g.tex
Не найдено,Не найдено,Не найдено,2023_07_08_c629ac1ece106cfd9065g.tex
Не найдено,Не найдено,Не найдено,2023_07_08_c6375572e69132c28827g.tex
Не найдено,Не найдено,Не найдено,2023_07_08_c63d4700d1b7a9cb8fe5g.tex
Не найдено,Не найдено,Не найдено,2023_07_08_c65c036b9316be096930g.tex
Не найдено,Не найдено,Не найдено,2023_07_08_c662f8e3f136787737e9g.tex
Не найдено,Не найдено,Не найдено,2023_07_08_c662f8e3f136787737e9g_1.tex
Не найдено,Не найдено,Не найдено,2023_07_08_c6956f8429ade56d3486g.tex
Не найдено,Не найдено,Не найдено,2023_07_08_c6be03dee6242c0e3b9cg.tex
Не найдено,Не найдено,Не найдено,2023_07_08_c6be95898473f1f0b41bg.tex
Не найдено,Не найдено,Не найдено,2023_07_08_c6df00f0f5bab5423688g.tex
Не найдено,Не найдено,Не найдено,2023_07_08_c7049c6da0b638d23dadg.tex
Не найдено,Не найдено,Не найдено,2023_07_08_c7230b92bc7165758617g.tex
Не найдено,Не найдено,Не найдено,2023_07_08_c72add6fd9dd3cb036acg.tex
Не найдено,Не найдено,Не найдено,2023_07_08_c730a6bdb6860d1a99f1g.tex
Не найдено,Не найдено,Не найдено,2023_07_08_c78faddb7327b2c419bag.tex
Не найдено,Не найдено,Не найдено,2023_07_08_c7980182d053f1b35f13g.tex
Не найдено,Не найдено,Не найдено,2023_07_08_c79e0fbe85d3fa70c357g.tex
Не найдено,Не найдено,Не найдено,2023_07_08_c7ac8fb678bee4107db6g.tex
Не найдено,Не найдено,Не найдено,2023_07_08_c7c4bf62705bd1752148g.tex
Не найдено,Не найдено,Не найдено,2023_07_08_c7db75c4d22ea73aeaf4g.tex
Не найдено,Не найдено,Не найдено,2023_07_08_c81984b7c9579485d5dag.tex
Не найдено,Не найдено,Не найдено,2023_07_08_c81d0c51988223e55e5eg.tex
Не найдено,Не найдено,Не найдено,2023_07_08_c854551dd4a3c6232b6cg.tex
Не найдено,Не найдено,Не найдено,2023_07_08_c87f696e3c653c3fca93g.tex
Не найдено,Не найдено,Не найдено,2023_07_08_c8915fbe76b65acde10eg.tex
Не найдено,Не найдено,Не найдено,2023_07_08_c8a1bbe59c1156c5bc2cg.tex
Не найдено,Не найдено,Не найдено,2023_07_08_c8a479f518307807234ag.tex
Не найдено,Не найдено,Не найдено,2023_07_08_c8d3b4eb56693f20d3e0g.tex
Не найдено,Не найдено,Не найдено,2023_07_08_c8f079af566ab069e7a9g.tex
Не найдено,Не найдено,Не найдено,2023_07_08_c90acc5ff0c09cb2448ag.tex
Не найдено,Не найдено,Не найдено,2023_07_08_c92f4c2e16c9d0cffd6cg.tex
Не найдено,Не найдено,Не найдено,2023_07_08_c945bb7fd4a32ef52a87g.tex
Не найдено,Не найдено,Не найдено,2023_07_08_c983a8b5ca65a155e5f9g.tex
Не найдено,Не найдено,Не найдено,2023_07_08_c98e7c85696e59206f62g.tex
Не найдено,Не найдено,Не найдено,2023_07_08_c9b3fe06bf825e06f3c5g.tex
Не найдено,Не найдено,Не найдено,2023_07_08_c9dfc2a4896ae4fdb21eg.tex
Не найдено,Не найдено,Не найдено,2023_07_08_c9e658ddccab043daaa4g.tex
Не найдено,Не найдено,Не найдено,2023_07_08_c9eafe548d35010ab51fg.tex
Не найдено,Не найдено,Не найдено,2023_07_08_ca2697b5cd1dd88fe416g.tex
Не найдено,Не найдено,Не найдено,2023_07_08_ca2da5bb1f425d8a8beeg.tex
Не найдено,Не найдено,Не найдено,2023_07_08_ca474911ebc1216699f0g.tex
Не найдено,Не найдено,Не найдено,2023_07_08_ca48b233642e56fcfb52g.tex
Не найдено,Не найдено,Не найдено,2023_07_08_ca492cd43b43f9c1f769g.tex
Не найдено,Не найдено,Не найдено,2023_07_08_ca578bcd9056b8745214g.tex
Не найдено,Не найдено,Не найдено,2023_07_08_ca5c9d05453e3462fc11g.tex
Не найдено,Не найдено,Не найдено,2023_07_08_ca5d591bf3b5c3f2615bg.tex
Не найдено,Не найдено,Не найдено,2023_07_08_ca64978d43b031454db2g.tex
Не найдено,Не найдено,Не найдено,2023_07_08_ca7596eb44cbc8c74dfcg.tex
Не найдено,Не найдено,Не найдено,2023_07_08_ca9a7c64676a05b66ea1g.tex
Не найдено,Не найдено,Не найдено,2023_07_08_ca9a7c64676a05b66ea1g_1.tex
Не найдено,Не найдено,Не найдено,2023_07_08_caade51fe8f2a6f1d341g.tex
Не найдено,Не найдено,Не найдено,2023_07_08_cab12030e469817a4f8dg.tex
Не найдено,Не найдено,Не найдено,2023_07_08_cab40c854c0ff9c1449dg.tex
Не найдено,Не найдено,Не найдено,2023_07_08_cab40c854c0ff9c1449dg_1.tex
Не найдено,Не найдено,Не найдено,2023_07_08_cab40c854c0ff9c1449dg_2.tex
Не найдено,Не найдено,Не найдено,2023_07_08_cab67f3ba82ad401992bg.tex
Не найдено,Не найдено,Не найдено,2023_07_08_cad0e25fe535b9ff8cecg.tex
Не найдено,Не найдено,Не найдено,2023_07_08_cad95bb789b1130f211ag.tex
Не найдено,Не найдено,Не найдено,2023_07_08_caecfb7a26b7ee5d9ef1g.tex
Не найдено,Не найдено,Не найдено,2023_07_08_caf295c255edd44cdbd3g.tex
Не найдено,Не найдено,Не найдено,2023_07_08_caf8e092af4ded4dab85g.tex
Не найдено,Не найдено,Не найдено,2023_07_08_caf8e092af4ded4dab85g_1.tex
Не найдено,Не найдено,Не найдено,2023_07_08_caf8e092af4ded4dab85g_2.tex
Не найдено,Не найдено,Не найдено,2023_07_08_cb0c4b1cd3cef9edfe9fg.tex
Не найдено,Не найдено,Не найдено,2023_07_08_cb15402769f9726212fdg.tex
Не найдено,Не найдено,Не найдено,2023_07_08_cb1bbb153361161f8c3dg.tex
Не найдено,Не найдено,Не найдено,2023_07_08_cb2c9b3994ec60033286g.tex
Не найдено,Не найдено,Не найдено,2023_07_08_cb2c9eafdb564070e1ecg.tex
Не найдено,Не найдено,Не найдено,2023_07_08_cb348250706fe0f24d64g.tex
Не найдено,Не найдено,Не найдено,2023_07_08_cb3b7b8cae9026c4b87bg.tex
Не найдено,Не найдено,Не найдено,2023_07_08_cb50f9f8204b262a07b6g.tex
Не найдено,Не найдено,Не найдено,2023_07_08_cb77bd9e88a9b8525b19g.tex
Не найдено,Не найдено,Не найдено,2023_07_08_cb79b66dfdf27bb01276g.tex
Не найдено,Не найдено,Не найдено,2023_07_08_cb7a6d1dca2271241191g.tex
Не найдено,Не найдено,Не найдено,2023_07_08_cb809aa2425ef17e46e3g.tex
Не найдено,Не найдено,Не найдено,2023_07_08_cbc34f3acff5f953cb85g.tex
Не найдено,Не найдено,Не найдено,2023_07_08_cbcb8983d2aa8e34b103g.tex
Не найдено,Не найдено,Не найдено,2023_07_08_cbd0f97ecfe4c9bba8c4g.tex
Не найдено,Не найдено,Не найдено,2023_07_08_cbe15f5ced5ba98b431cg.tex
Не найдено,Не найдено,Не найдено,2023_07_08_cbe28e9cbe139323b761g.tex
Не найдено,Не найдено,Не найдено,2023_07_08_cbe5f3ad65cede7412bdg.tex
Не найдено,Не найдено,Не найдено,2023_07_08_cc01a55639d04b092f0fg.tex
Не найдено,Не найдено,Не найдено,2023_07_08_cc0c043c872a3bf0fd78g.tex
Не найдено,Не найдено,Не найдено,2023_07_08_cc11d7597b9578fc56d9g.tex
Не найдено,Не найдено,Не найдено,2023_07_08_cc19f84b042cde802989g.tex
Не найдено,Не найдено,Не найдено,2023_07_08_cc1ef56a079d2166a8a3g.tex
Не найдено,Не найдено,Не найдено,2023_07_08_cc1ef56a079d2166a8a3g_1.tex
Не найдено,Не найдено,Не найдено,2023_07_08_cc2871c0925e1b041cdcg.tex
Не найдено,Не найдено,Не найдено,2023_07_08_cc3dc5ee1aaff06a9023g.tex
Не найдено,Не найдено,Не найдено,2023_07_08_cc439984b73b8b9dcd66g.tex
Не найдено,Не найдено,Не найдено,2023_07_08_cc470a7dfe6628b6d2a2g.tex
Не найдено,Не найдено,Не найдено,2023_07_08_cc5fe759526930a6b283g.tex
Не найдено,Не найдено,Не найдено,2023_07_08_cc5fe759526930a6b283g_1.tex
Не найдено,Не найдено,Не найдено,2023_07_08_cc5fe759526930a6b283g_2.tex
Не найдено,Не найдено,Не найдено,2023_07_08_cc75fb3b23f450f365f5g.tex
Не найдено,Не найдено,Не найдено,2023_07_08_cc8a71f629498affe4e6g.tex
Не найдено,Не найдено,Не найдено,2023_07_08_cc9ad42adc3a026336c6g.tex
Не найдено,Не найдено,Не найдено,2023_07_08_cca4c4d0b597c07970e5g.tex
Не найдено,Не найдено,Не найдено,2023_07_08_ccbbee68c975ecd6ddfeg.tex
Не найдено,Не найдено,Не найдено,2023_07_08_ccceefb0987d98357c6ag.tex
Не найдено,Не найдено,Не найдено,2023_07_08_ccd220dfeedaf69cfaa6g.tex
Не найдено,Не найдено,Не найдено,2023_07_08_cce2f2e2a94950142bb8g.tex
Не найдено,Не найдено,Не найдено,2023_07_08_cce8acf85c0bc95c57d6g.tex
Не найдено,Не найдено,Не найдено,2023_07_08_cceaf0579a1bfe313008g.tex
Не найдено,Не найдено,Не найдено,2023_07_08_ccee651aacafd3f1cb22g.tex
Не найдено,Не найдено,Не найдено,2023_07_08_cd07caf4c59327e7b837g.tex
Не найдено,Не найдено,Не найдено,2023_07_08_cd0a3d152d2d4c9c45deg.tex
Не найдено,Не найдено,Не найдено,2023_07_08_cd1c04792de1da859759g.tex
Не найдено,Не найдено,Не найдено,2023_07_08_cd21ff1c36473cba701ag.tex
Не найдено,Не найдено,Не найдено,2023_07_08_cd3b12303966f9831542g.tex
Не найдено,Не найдено,Не найдено,2023_07_08_cd3b12303966f9831542g_1.tex
9. ПоЛИКОНИЧЕСКИЕ ПРОЕкЦИИ ,Не найдено,Не найдено,2023_07_08_cd462dd865bca4ee64f0g.tex
Не найдено,Не найдено,Не найдено,2023_07_08_cd65f99d7565bf70e5f1g.tex
Не найдено,Не найдено,Не найдено,2023_07_08_cd66e78a1f6c3082e62dg.tex
Не найдено,Не найдено,Не найдено,2023_07_08_cd72de42e2aff341bb29g.tex
Не найдено,Не найдено,Не найдено,2023_07_08_cd8e1f795af1a942a968g.tex
Не найдено,Не найдено,Не найдено,2023_07_08_cd9f946fd14aafe0a7efg.tex
Не найдено,Не найдено,Не найдено,2023_07_08_cdbe8a3287ebd2dc2632g.tex
Не найдено,Не найдено,Не найдено,2023_07_08_cdcd04d6fb1ca39bf863g.tex
Не найдено,Не найдено,Не найдено,2023_07_08_cdceff03e9fb4126b197g.tex
Не найдено,Не найдено,Не найдено,2023_07_08_cdceff03e9fb4126b197g_1.tex
Не найдено,Не найдено,Не найдено,2023_07_08_cdceff03e9fb4126b197g_2.tex
Не найдено,Не найдено,Не найдено,2023_07_08_ce174adfb96c3dc7ac5dg.tex
Не найдено,Не найдено,Не найдено,2023_07_08_ce35d95555bbcdf23fdbg.tex
Не найдено,Не найдено,Не найдено,2023_07_08_ce4b5200beb98561b37ag.tex
Не найдено,Не найдено,Не найдено,2023_07_08_ce7aa77c3619eba0b743g.tex
Не найдено,Не найдено,Не найдено,2023_07_08_ce9c9229a8f70bdda0bcg.tex
Не найдено,Не найдено,Не найдено,2023_07_08_ceaf590e28f83ae2114eg.tex
Не найдено,Не найдено,Не найдено,2023_07_08_ceb65c59ad7feae3558ag.tex
Не найдено,Не найдено,Не найдено,2023_07_08_ceca9332e8faccfa0075g.tex
Не найдено,Не найдено,Не найдено,2023_07_08_ced219df0ca76cddf5f1g.tex
Не найдено,Не найдено,Не найдено,2023_07_08_cee39d527bdda5a5e653g.tex
Не найдено,Не найдено,Не найдено,2023_07_08_cf6320a23d3773405a7ag.tex
Не найдено,Не найдено,Не найдено,2023_07_08_cf67af7ce7014948157dg.tex
Не найдено,Не найдено,Не найдено,2023_07_08_cf76c60f7ed06e3066f0g.tex
Не найдено,Не найдено,Не найдено,2023_07_08_cfae1add203aca2d67fdg.tex
Не найдено,Не найдено,Не найдено,2023_07_08_cfd94307ce36d9ee627bg.tex
Не найдено,Не найдено,Не найдено,2023_07_08_cfe0bb63866ce7cad744g.tex
Не найдено,Не найдено,Не найдено,2023_07_08_cff1f792d441fbba40afg.tex
Не найдено,Не найдено,Не найдено,2023_07_08_cffd143f92b9c802e1dag.tex
Не найдено,Не найдено,Не найдено,2023_07_08_cffee76eaed820de29bdg.tex
Не найдено,Не найдено,Не найдено,2023_07_08_d006d38496db77dc7e7eg.tex
Не найдено,Не найдено,Не найдено,2023_07_08_d007ee29470e9aecf56dg.tex
Не найдено,Не найдено,Не найдено,2023_07_08_d038a11c7dfd075d3ee3g.tex
Не найдено,Не найдено,Не найдено,2023_07_08_d05ad46427b77c411f1bg.tex
Не найдено,Не найдено,Не найдено,2023_07_08_d05c94cc2251fc8c04adg.tex
Не найдено,Не найдено,Не найдено,2023_07_08_d05ea5ad7aa20a17d5d7g.tex
Не найдено,Не найдено,Не найдено,2023_07_08_d071f80248c90c003416g.tex
Не найдено,Не найдено,Не найдено,2023_07_08_d077122e0fd9ba1af9f0g.tex
Не найдено,Не найдено,Не найдено,2023_07_08_d07a73d9aa229c61b89bg.tex
Не найдено,Не найдено,Не найдено,2023_07_08_d08dc2ba5d58f169850fg.tex
Не найдено,Не найдено,Не найдено,2023_07_08_d09baa961af1c6e0b236g.tex
Не найдено,Не найдено,Не найдено,2023_07_08_d09d568ed1c950c1e2c6g.tex
Не найдено,Не найдено,Не найдено,2023_07_08_d09f8fd0b21c454a5b9bg.tex
Не найдено,Не найдено,Не найдено,2023_07_08_d0b1dad7e6792a7b8ba6g.tex
Не найдено,Не найдено,Не найдено,2023_07_08_d0b913ce875e38c60198g.tex
Не найдено,Не найдено,Не найдено,2023_07_08_d0c2ae4e6786f86cf241g.tex
Не найдено,Не найдено,Не найдено,2023_07_08_d0c95becefb217498745g.tex
Не найдено,Не найдено,Не найдено,2023_07_08_d0d9a064cd1d97cb2b1cg.tex
Не найдено,Не найдено,Не найдено,2023_07_08_d0d9a064cd1d97cb2b1cg_1.tex
Не найдено,Не найдено,Не найдено,2023_07_08_d0d9a064cd1d97cb2b1cg_2.tex
Не найдено,Не найдено,Не найдено,2023_07_08_d0e71d2a9c99c2cf4cceg.tex
Не найдено,Не найдено,Не найдено,2023_07_08_d0f1979f30d2077cf46bg.tex
Не найдено,Не найдено,Не найдено,2023_07_08_d1017d657bbde054c5efg.tex
Не найдено,Не найдено,Не найдено,2023_07_08_d1148f15c77d7dd765f1g.tex
Не найдено,Не найдено,Не найдено,2023_07_08_d1175b941a0ea3d01087g.tex
Не найдено,Не найдено,Не найдено,2023_07_08_d1201a72436a49292581g.tex
Не найдено,Не найдено,Не найдено,2023_07_08_d127a9d7a05cb275b4cdg.tex
Не найдено,Не найдено,Не найдено,2023_07_08_d135468c11e25d960a52g.tex
Не найдено,Не найдено,Не найдено,2023_07_08_d1363a0d7b0850c00b26g.tex
Не найдено,Не найдено,Не найдено,2023_07_08_d1363a0d7b0850c00b26g_1.tex
Не найдено,Не найдено,Не найдено,2023_07_08_d1363a0d7b0850c00b26g_2.tex
Не найдено,Не найдено,Не найдено,2023_07_08_d13713529552c7c5f45bg.tex
Не найдено,Не найдено,Не найдено,2023_07_08_d146adc090f840ff4cc0g.tex
Не найдено,Не найдено,Не найдено,2023_07_08_d1820f94f15e42b1fc3fg.tex
Не найдено,Не найдено,Не найдено,2023_07_08_d1a478c667ba41f94f4cg.tex
Не найдено,Не найдено,Не найдено,2023_07_08_d1cf4059efa7b4bceaa0g.tex
Не найдено,Не найдено,Не найдено,2023_07_08_d1d9c30271d05f3c67ceg.tex
Не найдено,Не найдено,Не найдено,2023_07_08_d1e9561afd3029e22026g.tex
Не найдено,Не найдено,Не найдено,2023_07_08_d1ea6105f54f35a5d4aag.tex
Не найдено,Не найдено,Не найдено,2023_07_08_d2083a10ab69855b0520g.tex
Не найдено,Не найдено,Не найдено,2023_07_08_d217311b7a2acf3ccd8dg.tex
Не найдено,Не найдено,Не найдено,2023_07_08_d21f0f31d2f80fe5f637g.tex
Не найдено,Не найдено,Не найдено,2023_07_08_d251f1b52d3006866f1cg.tex
Не найдено,Не найдено,Не найдено,2023_07_08_d251f1b52d3006866f1cg_1.tex
Не найдено,Не найдено,Не найдено,2023_07_08_d251f1b52d3006866f1cg_2.tex
Не найдено,Не найдено,Не найдено,2023_07_08_d2684b2c7a6abfdc65b6g.tex
Не найдено,Не найдено,Не найдено,2023_07_08_d27fe6630bcc7d098047g.tex
Не найдено,Не найдено,Не найдено,2023_07_08_d2902e09a028d388ab43g.tex
Не найдено,Не найдено,Не найдено,2023_07_08_d314dc466bfa12b89355g.tex
Не найдено,Не найдено,Не найдено,2023_07_08_d365854869caa283918cg.tex
Не найдено,Не найдено,Не найдено,2023_07_08_d36aed3b675b9ffdcf4ag.tex
Не найдено,Не найдено,Не найдено,2023_07_08_d36ded0585bb6cd4446bg.tex
Не найдено,Не найдено,Не найдено,2023_07_08_d36e53949d88381af9bcg.tex
Не найдено,Не найдено,Не найдено,2023_07_08_d3960d04327192cd9b27g.tex
Не найдено,Не найдено,Не найдено,2023_07_08_d39948f05e76cd1fc97dg.tex
Не найдено,Не найдено,Не найдено,2023_07_08_d39ed41f86a0480194f6g.tex
Не найдено,Не найдено,Не найдено,2023_07_08_d3aff084811987287090g.tex
Не найдено,Не найдено,Не найдено,2023_07_08_d3ca651bec661917d897g.tex
Не найдено,Не найдено,Не найдено,2023_07_08_d3e5675eeeecf834f3f6g.tex
Не найдено,Не найдено,Не найдено,2023_07_08_d3e5675eeeecf834f3f6g_1.tex
Не найдено,Не найдено,Не найдено,2023_07_08_d3e5675eeeecf834f3f6g_2.tex
Не найдено,Не найдено,Не найдено,2023_07_08_d3ead3349a4727a6aeefg.tex
Не найдено,Не найдено,Не найдено,2023_07_08_d412d020f519a7dcca8fg.tex
Не найдено,Не найдено,Не найдено,2023_07_08_d436bfc6bae96d14ee3fg.tex
Не найдено,Не найдено,Не найдено,2023_07_08_d43fa5b095bee74d4c72g.tex
Не найдено,Не найдено,Не найдено,2023_07_08_d45faab14fe434c2f726g.tex
Не найдено,Не найдено,Не найдено,2023_07_08_d46a9e376c75a2365835g.tex
Не найдено,Не найдено,Не найдено,2023_07_08_d46b05c351d82f0c4373g.tex
Не найдено,Не найдено,Не найдено,2023_07_08_d473455c90b030c476fag.tex
Не найдено,Не найдено,Не найдено,2023_07_08_d47c4736f8904d607b98g.tex
Не найдено,Не найдено,Не найдено,2023_07_08_d47c4736f8904d607b98g_1.tex
Не найдено,Не найдено,Не найдено,2023_07_08_d4d96421680f29c81f63g.tex
Не найдено,Не найдено,Не найдено,2023_07_08_d53559795c29d0b79d78g.tex
Не найдено,Не найдено,Не найдено,2023_07_08_d54c3096ef627933fb5cg.tex
Не найдено,Не найдено,Не найдено,2023_07_08_d574f9e3ba700c1a94e1g.tex
Не найдено,Не найдено,Не найдено,2023_07_08_d57e94f768fee150f8c5g.tex
Не найдено,Не найдено,Не найдено,2023_07_08_d584e7dc8275bd844420g.tex
Не найдено,Не найдено,Не найдено,2023_07_08_d5900fbd19e4f0d8f8f2g.tex
Не найдено,Не найдено,Не найдено,2023_07_08_d5bc8c1857a450de0f17g.tex
Не найдено,Не найдено,Не найдено,2023_07_08_d5d84b0be1932c476fabg.tex
Не найдено,Не найдено,Не найдено,2023_07_08_d5e2e6ee9bc11080a47cg.tex
Не найдено,Не найдено,Не найдено,2023_07_08_d5ebac53afa4e2f4e29eg.tex
Не найдено,Не найдено,Не найдено,2023_07_08_d6001229c67a22b6db14g.tex
Не найдено,Не найдено,Не найдено,2023_07_08_d60e0633cfc18816b633g.tex
Не найдено,Не найдено,Не найдено,2023_07_08_d6491b3a07e0ac8dbe30g.tex
Не найдено,Не найдено,Не найдено,2023_07_08_d65fa4e00db365b14041g.tex
Не найдено,Не найдено,Не найдено,2023_07_08_d662db8827390bd46c01g.tex
Не найдено,Не найдено,Не найдено,2023_07_08_d6669fa063ca5c368897g.tex
Не найдено,Не найдено,Не найдено,2023_07_08_d66e75a4cecbbb7c95edg.tex
Не найдено,Не найдено,Не найдено,2023_07_08_d686a82d9e950c0deba4g.tex
Не найдено,Не найдено,Не найдено,2023_07_08_d6922e2cf0ac54cf4009g.tex
Не найдено,Не найдено,Не найдено,2023_07_08_d6b2db6f958538a4c7fag.tex
Не найдено,Не найдено,Не найдено,2023_07_08_d6b36b84530da0a2c5e6g.tex
Не найдено,Не найдено,Не найдено,2023_07_08_d6cded72677721029d77g.tex
Не найдено,Не найдено,Не найдено,2023_07_08_d6dcb49a0accbbefdedeg.tex
Не найдено,Не найдено,Не найдено,2023_07_08_d6e78ff10cb4ac5a57ceg.tex
Не найдено,Не найдено,Не найдено,2023_07_08_d6e8189238e2b02cb9a5g.tex
Не найдено,Не найдено,Не найдено,2023_07_08_d6ed492db6069d668be6g.tex
Не найдено,Не найдено,Не найдено,2023_07_08_d6fc33967727ad7a333ag.tex
Не найдено,Не найдено,Не найдено,2023_07_08_d7318bf881e44a6e609ag.tex
Не найдено,Не найдено,Не найдено,2023_07_08_d7337afa2d5e295303a5g.tex
Не найдено,Не найдено,Не найдено,2023_07_08_d741469e03592bca7499g.tex
Не найдено,Не найдено,Не найдено,2023_07_08_d743b2b9ab2d998f73fag.tex
Не найдено,Не найдено,Не найдено,2023_07_08_d747a16b1f2bb82785a2g.tex
Не найдено,Не найдено,Не найдено,2023_07_08_d7669ad24d6ae707492dg.tex
Не найдено,Не найдено,Не найдено,2023_07_08_d76fecfcdd6e2689b7b6g.tex
Не найдено,Не найдено,Не найдено,2023_07_08_d77dbdacab04587b545ag.tex
Не найдено,Не найдено,Не найдено,2023_07_08_d7adbd2505f67dbb32bfg.tex
Не найдено,Не найдено,Не найдено,2023_07_08_d7bff478959ee5d91385g.tex
Не найдено,Не найдено,Не найдено,2023_07_08_d7d1f46858c6c7056670g.tex
Не найдено,Не найдено,Не найдено,2023_07_08_d7d9da2d8e55dd1088dag.tex
Не найдено,Не найдено,Не найдено,2023_07_08_d8103513808e5a1a8713g.tex
Не найдено,Не найдено,Не найдено,2023_07_08_d810931258077d64e974g.tex
Не найдено,Не найдено,Не найдено,2023_07_08_d81414cf76e63a28615fg.tex
Не найдено,Не найдено,Не найдено,2023_07_08_d842806f176a9434e506g.tex
Не найдено,Не найдено,Не найдено,2023_07_08_d8620c18e16db33a7bddg.tex
Не найдено,Не найдено,Не найдено,2023_07_08_d868b731109478e89939g.tex
Не найдено,Не найдено,Не найдено,2023_07_08_d8d5383aad1347dd187cg.tex
Не найдено,Не найдено,Не найдено,2023_07_08_d8eb64ab6f924f7065c7g.tex
Не найдено,Не найдено,Не найдено,2023_07_08_d8edb6f3fb9ed56ba246g.tex
Не найдено,Не найдено,Не найдено,2023_07_08_d912090a2f8238583d05g.tex
Не найдено,Не найдено,Не найдено,2023_07_08_d968b475b9354d15b1b6g.tex
Не найдено,Не найдено,Не найдено,2023_07_08_d9709c3535a8116ce812g.tex
Не найдено,Не найдено,Не найдено,2023_07_08_d973e6c9fb8c8eff05adg.tex
Не найдено,Не найдено,Не найдено,2023_07_08_d993f03ee630042ae8b0g.tex
Не найдено,Не найдено,Не найдено,2023_07_08_d9bb31f49959c72a91e5g.tex
Не найдено,Не найдено,Не найдено,2023_07_08_d9bb31f49959c72a91e5g_1.tex
Не найдено,Не найдено,Не найдено,2023_07_08_d9bb31f49959c72a91e5g_2.tex
Не найдено,Не найдено,Не найдено,2023_07_08_d9bfb634cced1d3d9642g.tex
Не найдено,Не найдено,Не найдено,2023_07_08_d9bfba4fbc797007ee03g.tex
Не найдено,Не найдено,Не найдено,2023_07_08_d9c464062e9fe215af81g.tex
Не найдено,Не найдено,Не найдено,2023_07_08_da1f11ec11c9f4d1095fg.tex
Не найдено,Не найдено,Не найдено,2023_07_08_da345f2ce5ff812a41feg.tex
Не найдено,Не найдено,Не найдено,2023_07_08_da6a1c252c44c8dd6fb7g.tex
Не найдено,Не найдено,Не найдено,2023_07_08_da8083a78f40ec68d35dg.tex
Не найдено,Не найдено,Не найдено,2023_07_08_da8083a78f40ec68d35dg_1.tex
Не найдено,Не найдено,Не найдено,2023_07_08_daada13717f65972e994g.tex
Не найдено,Не найдено,Не найдено,2023_07_08_dac22fb17c8f42464b93g.tex
Не найдено,Не найдено,Не найдено,2023_07_08_dae4b21d009f74b45a84g.tex
Не найдено,Не найдено,Не найдено,2023_07_08_dafb71528f9ff4ebc74ag.tex
Не найдено,Не найдено,Не найдено,2023_07_08_db0019ef347c26623d27g.tex
Не найдено,Не найдено,Не найдено,2023_07_08_db0085349860520b3ce1g.tex
Не найдено,Не найдено,Не найдено,2023_07_08_db0b6ff7f215884a36dfg.tex
II ,Не найдено,Не найдено,2023_07_08_db353be624567322b4ecg.tex
Не найдено,Не найдено,Не найдено,2023_07_08_db687503575666098608g.tex
Не найдено,Не найдено,Не найдено,2023_07_08_db7078c61faeb585f9abg.tex
Не найдено,Не найдено,Не найдено,2023_07_08_db94d06b17545ee8bb15g.tex
Не найдено,Не найдено,Не найдено,2023_07_08_dbb3a696a3cf973dd585g.tex
Не найдено,Не найдено,Не найдено,2023_07_08_dbb79d680c39e259baf0g.tex
Не найдено,Не найдено,Не найдено,2023_07_08_dbe891fd20752c9d7fecg.tex
Не найдено,Не найдено,Не найдено,2023_07_08_dc08cab8b10e62bcf8afg.tex
Не найдено,Не найдено,Не найдено,2023_07_08_dc65090f7f0c08713e72g.tex
Не найдено,Не найдено,Не найдено,2023_07_08_dcb275fed79da1b34fd5g.tex
Не найдено,Не найдено,Не найдено,2023_07_08_dcfb9ce26a78a8393eb6g.tex
Не найдено,Не найдено,Не найдено,2023_07_08_dcfc0bf0e5ae711b2450g.tex
Не найдено,Не найдено,Не найдено,2023_07_08_dd0035ae9ddcbb18b4f1g.tex
Не найдено,Не найдено,Не найдено,2023_07_08_dd4b582caf8970bce003g.tex
Не найдено,Не найдено,Не найдено,2023_07_08_dd55782682f248ca0a36g.tex
Не найдено,Не найдено,Не найдено,2023_07_08_dd5edd9c28b6b9924f93g.tex
Не найдено,Не найдено,Не найдено,2023_07_08_dd78c5b6ef759d3d1120g.tex
Не найдено,Не найдено,Не найдено,2023_07_08_dd9095d53f88ee8f26fag.tex
Не найдено,Не найдено,Не найдено,2023_07_08_ddc25e6d3db1862cf6ccg.tex
Не найдено,Не найдено,Не найдено,2023_07_08_ddf2ba6b0eceee4df727g.tex
Не найдено,Не найдено,Не найдено,2023_07_08_ddf9275fde2cd3f1444ag.tex
Не найдено,Не найдено,Не найдено,2023_07_08_de041bbcf5f540a18908g.tex
Не найдено,Не найдено,Не найдено,2023_07_08_de154b7e914d80975b3dg.tex
Не найдено,Не найдено,Не найдено,2023_07_08_de1da306d0f8268043c8g.tex
Не найдено,Не найдено,Не найдено,2023_07_08_de245939b2a640e06ab9g.tex
Не найдено,Не найдено,Не найдено,2023_07_08_de4740c490b0202d8c3eg.tex
Не найдено,Не найдено,Не найдено,2023_07_08_de47ca6ec4b865c5a9d4g.tex
Не найдено,Не найдено,Не найдено,2023_07_08_de4e5fc0945a64ecc9fcg.tex
Не найдено,Не найдено,Не найдено,2023_07_08_de54d9f0eadfe11c06d4g.tex
Не найдено,Не найдено,Не найдено,2023_07_08_de5a101a61de1068f41fg.tex
Не найдено,Не найдено,Не найдено,2023_07_08_de8ffd2971fcd8fe69d0g.tex
Не найдено,Не найдено,Не найдено,2023_07_08_de970124c8ac9baaacfeg.tex
Не найдено,Не найдено,Не найдено,2023_07_08_dec539b8c2d5d156a33cg.tex
Не найдено,Не найдено,Не найдено,2023_07_08_df0411915f95ccca3fd8g.tex
Не найдено,Не найдено,Не найдено,2023_07_08_df044a0b3efbcd0c68f6g.tex
Не найдено,Не найдено,Не найдено,2023_07_08_df28f13285e28442c3efg.tex
Не найдено,Не найдено,Не найдено,2023_07_08_df39d31224123f155ce3g.tex
Не найдено,Не найдено,Не найдено,2023_07_08_df67011e0e0bdd05a3d2g.tex
Не найдено,Не найдено,Не найдено,2023_07_08_df67011e0e0bdd05a3d2g_1.tex
Не найдено,Не найдено,Не найдено,2023_07_08_df69f3606ce4bd41bc10g.tex
Не найдено,Не найдено,Не найдено,2023_07_08_df7155e76fbf68e0e169g.tex
Не найдено,Не найдено,Не найдено,2023_07_08_df72aedd7cb6eaceb848g.tex
Не найдено,Не найдено,Не найдено,2023_07_08_df954f5fa50bf0db8e7cg.tex
$\mathbf{A,Не найдено,Не найдено,2023_07_08_df9def5cbd62d633ccc8g.tex
Не найдено,Не найдено,Не найдено,2023_07_08_dfa1216001d65a5ddddfg.tex
Не найдено,Не найдено,Не найдено,2023_07_08_dfa7d48cb90b812336d2g.tex
Не найдено,Не найдено,Не найдено,2023_07_08_dfc880f599af6e77c957g.tex
Не найдено,Не найдено,Не найдено,2023_07_08_dfeb45959f2ed4cc4e61g.tex
Не найдено,Не найдено,Не найдено,2023_07_08_dff59998407efe456badg.tex
Не найдено,Не найдено,Не найдено,2023_07_08_e007a5ba20bdd69378e0g.tex
Не найдено,Не найдено,Не найдено,2023_07_08_e05e48206bd262a8b8d1g.tex
Не найдено,Не найдено,Не найдено,2023_07_08_e06c1fa699a69fe8e4bbg.tex
Не найдено,Не найдено,Не найдено,2023_07_08_e06f4cbcb82e0f4ab2ccg.tex
Не найдено,Не найдено,Не найдено,2023_07_08_e075c65bbaebb2bfab3eg.tex
Не найдено,Не найдено,Не найдено,2023_07_08_e07851054b9fa04b68deg.tex
Не найдено,Не найдено,Не найдено,2023_07_08_e0a4ac99524494557addg.tex
Не найдено,Не найдено,Не найдено,2023_07_08_e0a798efeb5569f3f29bg.tex
Не найдено,Не найдено,Не найдено,2023_07_08_e0f777e83de4117578a1g.tex
Не найдено,Не найдено,Не найдено,2023_07_08_e12fc03ebf2566cc65ceg.tex
Не найдено,Не найдено,Не найдено,2023_07_08_e13550d963e2deea6400g.tex
Не найдено,Не найдено,Не найдено,2023_07_08_e13e63492be78333e275g.tex
Не найдено,Не найдено,Не найдено,2023_07_08_e13f26e113f59176e715g.tex
Не найдено,Не найдено,Не найдено,2023_07_08_e14cb60bfd86ba535a47g.tex
Не найдено,Не найдено,Не найдено,2023_07_08_e17b9a1f5cba73bb9666g.tex
Не найдено,Не найдено,Не найдено,2023_07_08_e18abc3ebbd743e54eb1g.tex
Не найдено,Не найдено,Не найдено,2023_07_08_e19e96b096237c166a20g.tex
Не найдено,Не найдено,Не найдено,2023_07_08_e1bd6f265622def46067g.tex
Не найдено,Не найдено,Не найдено,2023_07_08_e237ad2f0110fbdf07c9g.tex
Не найдено,Не найдено,Не найдено,2023_07_08_e24dd43e255583c7962cg.tex
Не найдено,Не найдено,Не найдено,2023_07_08_e29871471faf906c256cg.tex
Не найдено,Не найдено,Не найдено,2023_07_08_e2a31d6e67aef61f7338g.tex
Не найдено,Не найдено,Не найдено,2023_07_08_e2c0a6f5a9fb199ab647g.tex
Не найдено,Не найдено,Не найдено,2023_07_08_e2c24ceed1e71cacbf19g.tex
Не найдено,Не найдено,Не найдено,2023_07_08_e2dd505d91c34627a028g.tex
Не найдено,Не найдено,Не найдено,2023_07_08_e2ffb21d577a67a04441g.tex
Не найдено,Не найдено,Не найдено,2023_07_08_e3103cb441e95eb8917fg.tex
Не найдено,Не найдено,Не найдено,2023_07_08_e3253e3fe3ec1543389eg.tex
Не найдено,Не найдено,Не найдено,2023_07_08_e32a03e8b52d0bc26a54g.tex
Не найдено,Не найдено,Не найдено,2023_07_08_e3312d3cd9839d1d856fg.tex
Не найдено,Не найдено,Не найдено,2023_07_08_e34114bac02c13fa63a7g.tex
Не найдено,Не найдено,Не найдено,2023_07_08_e3425dc06e0b9ca546bcg.tex
Не найдено,Не найдено,Не найдено,2023_07_08_e34e8fe88cdaed185259g.tex
Не найдено,Не найдено,Не найдено,2023_07_08_e35a0ac956f171174da9g.tex
Не найдено,Не найдено,Не найдено,2023_07_08_e3739234e950f88fdacbg.tex
Не найдено,Не найдено,Не найдено,2023_07_08_e375bdbfa6cae7d89dcbg.tex
Не найдено,Не найдено,Не найдено,2023_07_08_e3c76921a47f5d8824c0g.tex
Не найдено,Не найдено,Не найдено,2023_07_08_e3d2d67b66c307581dcdg.tex
Не найдено,Не найдено,Не найдено,2023_07_08_e400be8f2ba5f412bfefg.tex
Не найдено,Не найдено,Не найдено,2023_07_08_e430d0408cb06877f46fg.tex
Не найдено,Не найдено,Не найдено,2023_07_08_e45153e5d928ea89e38cg.tex
Не найдено,Не найдено,Не найдено,2023_07_08_e45164104ff8095ef405g.tex
Не найдено,Не найдено,Не найдено,2023_07_08_e46865f791908e3fd75ag.tex
Не найдено,Не найдено,Не найдено,2023_07_08_e4a20e7d6a70bdf61ea2g.tex
Не найдено,Не найдено,Не найдено,2023_07_08_e4ab63d2527305f3d3a2g.tex
Не найдено,Не найдено,Не найдено,2023_07_08_e4ab63d2527305f3d3a2g_1.tex
Не найдено,Не найдено,Не найдено,2023_07_08_e4ac331aa9280ce968bbg.tex
Не найдено,Не найдено,Не найдено,2023_07_08_e4bcabd6a445432bbc09g.tex
Не найдено,Не найдено,Не найдено,2023_07_08_e4ccd5c07d036f3d852eg.tex
Не найдено,Не найдено,Не найдено,2023_07_08_e4d077ecbc6d29044527g.tex
Не найдено,Не найдено,Не найдено,2023_07_08_e4d95d1066ee38eaf997g.tex
Не найдено,Не найдено,Не найдено,2023_07_08_e4f62fa48e2e74186559g.tex
Не найдено,Не найдено,Не найдено,2023_07_08_e50734683fbbc45d3de8g.tex
Не найдено,Не найдено,Не найдено,2023_07_08_e50a9a5c81faa5a5e170g.tex
Не найдено,Не найдено,Не найдено,2023_07_08_e5108482d79e010ebae5g.tex
Не найдено,Не найдено,Не найдено,2023_07_08_e51ca1145052f73b1ef2g.tex
Не найдено,Не найдено,Не найдено,2023_07_08_e51ca1145052f73b1ef2g_1.tex
Не найдено,Не найдено,Не найдено,2023_07_08_e51ca1145052f73b1ef2g_2.tex
Не найдено,Не найдено,Не найдено,2023_07_08_e535c1d0df93c895ca2bg.tex
Не найдено,Не найдено,Не найдено,2023_07_08_e53bf0792cd20d1a3068g.tex
Не найдено,Не найдено,Не найдено,2023_07_08_e54552b2371a12c8afe5g.tex
Не найдено,Не найдено,Не найдено,2023_07_08_e5468bd0cf8c47f1e9eag.tex
Не найдено,Не найдено,Не найдено,2023_07_08_e5646f4b162cc11ab4dbg.tex
Не найдено,Не найдено,Не найдено,2023_07_08_e56804ca7ce754a77391g.tex
Не найдено,Не найдено,Не найдено,2023_07_08_e57f10e3e1f830bc9471g.tex
Не найдено,Не найдено,Не найдено,2023_07_08_e58056ffb3a42a850429g.tex
Не найдено,Не найдено,Не найдено,2023_07_08_e5b8d4ad870bcc6fbf3ag.tex
Не найдено,Не найдено,Не найдено,2023_07_08_e5c0ed68771456e1d43cg.tex
Не найдено,Не найдено,Не найдено,2023_07_08_e5da7fa58f3d2ed22627g.tex
Не найдено,Не найдено,Не найдено,2023_07_08_e5dbcf137049af59e286g.tex
Не найдено,Не найдено,Не найдено,2023_07_08_e60d4a082f19987832d6g.tex
Не найдено,Не найдено,Не найдено,2023_07_08_e616140395b6f77b726dg.tex
Не найдено,Не найдено,Не найдено,2023_07_08_e6518bb1750cdf277b36g.tex
Не найдено,Не найдено,Не найдено,2023_07_08_e653bd27dd46f0751c2eg.tex
Не найдено,Не найдено,Не найдено,2023_07_08_e659fc7b795f40ba254bg.tex
Не найдено,Не найдено,Не найдено,2023_07_08_e66a7ca4c9bf9b05fde0g.tex
Не найдено,Не найдено,Не найдено,2023_07_08_e683cfd11889bfc60a17g.tex
Не найдено,Не найдено,Не найдено,2023_07_08_e683cfd11889bfc60a17g_1.tex
Не найдено,Не найдено,Не найдено,2023_07_08_e683cfd11889bfc60a17g_2.tex
Не найдено,Не найдено,Не найдено,2023_07_08_e6849038e28634fd4713g.tex
Не найдено,Не найдено,Не найдено,2023_07_08_e6c4e08467033c41dc68g.tex
Не найдено,Не найдено,Не найдено,2023_07_08_e6d3638d568ab64a67f4g.tex
Не найдено,Не найдено,Не найдено,2023_07_08_e6d48afb5ce2a750689bg.tex
Не найдено,Не найдено,Не найдено,2023_07_08_e6e66ca01268619ad6e4g.tex
Не найдено,Не найдено,Не найдено,2023_07_08_e7191931b68380e801f5g.tex
Не найдено,Не найдено,Не найдено,2023_07_08_e74820c161e9b64e1aa1g.tex
Не найдено,Не найдено,Не найдено,2023_07_08_e7c673ed53f1a9febc92g.tex
Не найдено,Не найдено,Не найдено,2023_07_08_e7c673ed53f1a9febc92g_1.tex
Не найдено,Не найдено,Не найдено,2023_07_08_e7c673ed53f1a9febc92g_2.tex
Не найдено,Не найдено,Не найдено,2023_07_08_e7d342f458619e694008g.tex
Не найдено,Не найдено,Не найдено,2023_07_08_e7e951faec618c87e6abg.tex
Не найдено,Не найдено,Не найдено,2023_07_08_e808d00355bb59eb5ac6g.tex
Не найдено,Не найдено,Не найдено,2023_07_08_e80cc530dbdeccbfaba4g.tex
Не найдено,Не найдено,Не найдено,2023_07_08_e818d8e2592d2a810585g.tex
Не найдено,Не найдено,Не найдено,2023_07_08_e825a36830550725b2eeg.tex
Не найдено,Не найдено,Не найдено,2023_07_08_e849552a6282f205971cg.tex
Не найдено,Не найдено,Не найдено,2023_07_08_e85d613f081d728f208ag.tex
Не найдено,Не найдено,Не найдено,2023_07_08_e8747aa10af514c5d725g.tex
Не найдено,Не найдено,Не найдено,2023_07_08_e87e7482a9d7e2f374a3g.tex
Не найдено,Не найдено,Не найдено,2023_07_08_e8a9cefb47de6dd4afcbg.tex
Не найдено,Не найдено,Не найдено,2023_07_08_e8a9cefb47de6dd4afcbg_1.tex
Не найдено,Не найдено,Не найдено,2023_07_08_e8a9cefb47de6dd4afcbg_2.tex
Не найдено,Не найдено,Не найдено,2023_07_08_e8b1934e65a4e2afd568g.tex
Не найдено,Не найдено,Не найдено,2023_07_08_e8e3157087c324083194g.tex
Не найдено,Не найдено,Не найдено,2023_07_08_e8e475d31379accbd810g.tex
Не найдено,Не найдено,Не найдено,2023_07_08_e8f0cc56a5177dd7942cg.tex
Не найдено,Не найдено,Не найдено,2023_07_08_e8f9632962d50fed8cbbg.tex
Не найдено,Не найдено,Не найдено,2023_07_08_e8fae7d247d2af008ec8g.tex
Не найдено,Не найдено,Не найдено,2023_07_08_e8ff2f62ccfc109ebd4dg.tex
Не найдено,Не найдено,Не найдено,2023_07_08_e915573b77b96785c20fg.tex
Не найдено,Не найдено,Не найдено,2023_07_08_e92cde7616d045391205g.tex
Не найдено,Не найдено,Не найдено,2023_07_08_e9516b7d810d211568ddg.tex
Не найдено,Не найдено,Не найдено,2023_07_08_e9640bfd844d9819d7a1g.tex
Не найдено,Не найдено,Не найдено,2023_07_08_e966c065039989133c56g.tex
Не найдено,Не найдено,Не найдено,2023_07_08_e97951c69e21fdb964e9g.tex
Не найдено,Не найдено,Не найдено,2023_07_08_e97951c69e21fdb964e9g_1.tex
Не найдено,Не найдено,Не найдено,2023_07_08_e97951c69e21fdb964e9g_2.tex
Не найдено,Не найдено,Не найдено,2023_07_08_e980a23e38067ce87781g.tex
Не найдено,Не найдено,Не найдено,2023_07_08_e980a23e38067ce87781g_1.tex
Не найдено,Не найдено,Не найдено,2023_07_08_e98efcfda3be160a0474g.tex
Не найдено,Не найдено,Не найдено,2023_07_08_e98fb51257843d021a58g.tex
Не найдено,Не найдено,Не найдено,2023_07_08_e9af272039cdb4612f23g.tex
Не найдено,Не найдено,Не найдено,2023_07_08_e9b3701f05a858e730e9g.tex
Не найдено,Не найдено,Не найдено,2023_07_08_e9d2407be4e246775b44g.tex
Не найдено,Не найдено,Не найдено,2023_07_08_e9d658d62298269ee7d1g.tex
Не найдено,Не найдено,Не найдено,2023_07_08_ea07120eedd4e7d74c27g.tex
Не найдено,Не найдено,Не найдено,2023_07_08_ea2c077c0925d14bff85g.tex
Не найдено,Не найдено,Не найдено,2023_07_08_ea440e28488b09ef407fg.tex
Не найдено,Не найдено,Не найдено,2023_07_08_ea7a7eb6498dfdc747e7g.tex
Не найдено,Не найдено,Не найдено,2023_07_08_ea84a5b9ecd64e8bfd42g.tex
Не найдено,Не найдено,Не найдено,2023_07_08_eab1addd1e922583a4f8g.tex
Не найдено,Не найдено,Не найдено,2023_07_08_eac32ac1c87985c81a73g.tex
Не найдено,Не найдено,Не найдено,2023_07_08_eacc4a1f1dde8f40b4c3g.tex
Не найдено,Не найдено,Не найдено,2023_07_08_eae8f0c5af09e2f73315g.tex
Не найдено,Не найдено,Не найдено,2023_07_08_eaf19774281bd71d9710g.tex
Не найдено,Не найдено,Не найдено,2023_07_08_eaf21636bc0139e4395bg.tex
Не найдено,Не найдено,Не найдено,2023_07_08_eb00e068d25e55f91bc1g.tex
Не найдено,Не найдено,Не найдено,2023_07_08_eb17168d2958b3831f55g.tex
Не найдено,Не найдено,Не найдено,2023_07_08_eb22b25603ebdac5eaefg.tex
Не найдено,Не найдено,Не найдено,2023_07_08_eb41f8026a010b875099g.tex
Не найдено,Не найдено,Не найдено,2023_07_08_eb5cf8e8166ee0cee6f4g.tex
Не найдено,Не найдено,Не найдено,2023_07_08_eb6e5752bdec043bb61cg.tex
Не найдено,Не найдено,Не найдено,2023_07_08_eb9dfdeca7a9bf2b1f26g.tex
Не найдено,Не найдено,Не найдено,2023_07_08_eb9dfdeca7a9bf2b1f26g_1.tex
Не найдено,Не найдено,Не найдено,2023_07_08_eb9dfdeca7a9bf2b1f26g_2.tex
Не найдено,Не найдено,Не найдено,2023_07_08_eba06c48bbcf73b5f5b9g.tex
Не найдено,Не найдено,Не найдено,2023_07_08_ebbc368ece8aee55b542g.tex
Не найдено,Не найдено,Не найдено,2023_07_08_ebc9ff51c3014dc247bfg.tex
Не найдено,Не найдено,Не найдено,2023_07_08_ebdf7f43675018c9f525g.tex
Не найдено,Не найдено,Не найдено,2023_07_08_ebf0f08614c3f3feeba2g.tex
Не найдено,Не найдено,Не найдено,2023_07_08_ec02ec14e4f84157fafbg.tex
Не найдено,Не найдено,Не найдено,2023_07_08_ec05bb59f8f1ef359928g.tex
Не найдено,Не найдено,Не найдено,2023_07_08_ec22c3dfb72bc69b643eg.tex
Не найдено,Не найдено,Не найдено,2023_07_08_ec3a9bb89d159f88eaf5g.tex
Не найдено,Не найдено,Не найдено,2023_07_08_ec7d6e2896cd2c9450b5g.tex
Не найдено,Не найдено,Не найдено,2023_07_08_ec80644ce7169a709d28g.tex
Не найдено,Не найдено,Не найдено,2023_07_08_ec80644ce7169a709d28g_1.tex
Не найдено,Не найдено,Не найдено,2023_07_08_ec8b5b7da5164fab6795g.tex
Не найдено,Не найдено,Не найдено,2023_07_08_ec91bfee779746fc4214g.tex
Не найдено,Не найдено,Не найдено,2023_07_08_ecb7d46a5ba939246624g.tex
Не найдено,Не найдено,Не найдено,2023_07_08_ecc82b74bb0cd694eb9cg.tex
Не найдено,Не найдено,Не найдено,2023_07_08_eccb1d89a9d4ee6fa429g.tex
Не найдено,Не найдено,Не найдено,2023_07_08_ecd7d398a5dfa42aaa44g.tex
Не найдено,Не найдено,Не найдено,2023_07_08_ed32ddabc17bf508704eg.tex
Не найдено,Не найдено,Не найдено,2023_07_08_ed38f7b2d7a5e3e61736g.tex
Не найдено,Не найдено,Не найдено,2023_07_08_ed5243a31bc4e87dfa44g.tex
Не найдено,Не найдено,Не найдено,2023_07_08_ed959b64317bcad2e445g.tex
Не найдено,Не найдено,Не найдено,2023_07_08_ed9c8f94965a47b04bb9g.tex
Не найдено,Не найдено,Не найдено,2023_07_08_edb0e5c13d891b23dc33g.tex
Не найдено,Не найдено,Не найдено,2023_07_08_edcc90792724eaf0133fg.tex
Не найдено,Не найдено,Не найдено,2023_07_08_ede5ac4e06aafcc4a9e4g.tex
Не найдено,Не найдено,Не найдено,2023_07_08_edf0016c51cf99a000afg.tex
Не найдено,Не найдено,Не найдено,2023_07_08_edf0016c51cf99a000afg_1.tex
Не найдено,Не найдено,Не найдено,2023_07_08_edf0016c51cf99a000afg_2.tex
Не найдено,Не найдено,Не найдено,2023_07_08_ee0ab383c44a29889192g.tex
Не найдено,Не найдено,Не найдено,2023_07_08_ee17acab97d678dbaaaag.tex
Не найдено,Не найдено,Не найдено,2023_07_08_eea0d40ebb7a4b61ab8cg.tex
Не найдено,Не найдено,Не найдено,2023_07_08_eea8a16b483bae9cc7eag.tex
Не найдено,Не найдено,Не найдено,2023_07_08_eeb93b2ffb56c719e51fg.tex
Не найдено,Не найдено,Не найдено,2023_07_08_eee29f88c7837d4c3a4ag.tex
Не найдено,Не найдено,Не найдено,2023_07_08_eeee1371ea937c0c1696g.tex
Не найдено,Не найдено,Не найдено,2023_07_08_eef6a87ae22bb3654902g.tex
Не найдено,Не найдено,Не найдено,2023_07_08_ef0f8cc42f9eb1a9856cg.tex
Не найдено,Не найдено,Не найдено,2023_07_08_ef456ad506a5c006dfa3g.tex
Не найдено,Не найдено,Не найдено,2023_07_08_ef6bc6d84ea1ec1c10cfg.tex
Не найдено,Не найдено,Не найдено,2023_07_08_ef98eb8974c96fa30440g.tex
Не найдено,Не найдено,Не найдено,2023_07_08_efaa65a13d6a1bb5e37cg.tex
Не найдено,Не найдено,Не найдено,2023_07_08_efb11b708974ce2f0322g.tex
Не найдено,Не найдено,Не найдено,2023_07_08_efb9cc8430045b28ebcfg.tex
Не найдено,Не найдено,Не найдено,2023_07_08_efc6ba2aaf763ceede00g.tex
Не найдено,Не найдено,Не найдено,2023_07_08_efed5cd8559aed6a93a7g.tex
Не найдено,Не найдено,Не найдено,2023_07_08_efef3751f2ffbf22680fg.tex
Не найдено,Не найдено,Не найдено,2023_07_08_f066cd11fc0b1d1b3ce0g.tex
Не найдено,Не найдено,Не найдено,2023_07_08_f08efe084825f08aedf7g.tex
Не найдено,Не найдено,Не найдено,2023_07_08_f0901bd5cc914d2c40f0g.tex
Не найдено,Не найдено,Не найдено,2023_07_08_f09922783b3f583efe9cg.tex
Не найдено,Не найдено,Не найдено,2023_07_08_f0ab5aca463a808ee59ag.tex
Не найдено,Не найдено,Не найдено,2023_07_08_f0ab8314d46c90d11269g.tex
Не найдено,Не найдено,Не найдено,2023_07_08_f0e0d97df411c7cdae60g.tex
Не найдено,Не найдено,Не найдено,2023_07_08_f0e0d97df411c7cdae60g_1.tex
Не найдено,Не найдено,Не найдено,2023_07_08_f0e0d97df411c7cdae60g_2.tex
Не найдено,Не найдено,Не найдено,2023_07_08_f11279d1f192d4eac5efg.tex
Не найдено,Не найдено,Не найдено,2023_07_08_f114b86b10134170d92cg.tex
Не найдено,Не найдено,Не найдено,2023_07_08_f1381453d3712ba72514g.tex
Не найдено,Не найдено,Не найдено,2023_07_08_f145bce379a2bc34855eg.tex
Не найдено,Не найдено,Не найдено,2023_07_08_f15743ab4c0673076e89g.tex
Не найдено,Не найдено,Не найдено,2023_07_08_f15c8bd631f22cb1aa27g.tex
Не найдено,Не найдено,Не найдено,2023_07_08_f16422ff557612ba940dg.tex
Не найдено,Не найдено,Не найдено,2023_07_08_f16a911b70619c3bc8bbg.tex
Не найдено,Не найдено,Не найдено,2023_07_08_f171ff9394313f8b7bf0g.tex
Не найдено,Не найдено,Не найдено,2023_07_08_f17e9a6c4d3f139616afg.tex
Не найдено,Не найдено,Не найдено,2023_07_08_f18d1725909137848533g.tex
Не найдено,Не найдено,Не найдено,2023_07_08_f18dbf8a4b9ca4834a2dg.tex
Не найдено,Не найдено,Не найдено,2023_07_08_f19101121db75c40e20dg.tex
Не найдено,Не найдено,Не найдено,2023_07_08_f19a653b78157958e5cag.tex
Не найдено,Не найдено,Не найдено,2023_07_08_f1b75675d1ba14efd0adg.tex
Не найдено,Не найдено,Не найдено,2023_07_08_f1c38e5894fa0a50de6eg.tex
Не найдено,Не найдено,Не найдено,2023_07_08_f1dcc386d79e1a5db139g.tex
Не найдено,Не найдено,Не найдено,2023_07_08_f2339d1397f2235c6d6dg.tex
Не найдено,Не найдено,Не найдено,2023_07_08_f240802958385aa1b80cg.tex
Не найдено,Не найдено,Не найдено,2023_07_08_f240802958385aa1b80cg_1.tex
Не найдено,Не найдено,Не найдено,2023_07_08_f240802958385aa1b80cg_2.tex
Не найдено,Не найдено,Не найдено,2023_07_08_f291fc4da9c3fee13b41g.tex
Не найдено,Не найдено,Не найдено,2023_07_08_f2c7c4206e7c0290f5acg.tex
Не найдено,Не найдено,Не найдено,2023_07_08_f2f07bbe6536cb7f4c03g.tex
Не найдено,Не найдено,Не найдено,2023_07_08_f2fea365c8717b3abbbeg.tex
Не найдено,Не найдено,Не найдено,2023_07_08_f30c5422f987be886942g.tex
Не найдено,Не найдено,Не найдено,2023_07_08_f327366914f26af6286ag.tex
Не найдено,Не найдено,Не найдено,2023_07_08_f32fb66bef51833f0a60g.tex
Не найдено,Не найдено,Не найдено,2023_07_08_f332dc7ed62321a8af0dg.tex
Не найдено,Не найдено,Не найдено,2023_07_08_f33990d74e6ab5520da2g.tex
Не найдено,Не найдено,Не найдено,2023_07_08_f3520f3ea9e22a204a34g.tex
Не найдено,Не найдено,Не найдено,2023_07_08_f397fe3ec55cd0987e3dg.tex
Не найдено,Не найдено,Не найдено,2023_07_08_f3a180f209ca178db667g.tex
Не найдено,Не найдено,Не найдено,2023_07_08_f3a9e4155346c1798048g.tex
Не найдено,Не найдено,Не найдено,2023_07_08_f3ec82b452d39ffec40dg.tex
Не найдено,Не найдено,Не найдено,2023_07_08_f440c331c7af8ae86178g.tex
Не найдено,Не найдено,Не найдено,2023_07_08_f46e086356bd6f8eea3ag.tex
Не найдено,Не найдено,Не найдено,2023_07_08_f476b33e56618807018eg.tex
Не найдено,Не найдено,Не найдено,2023_07_08_f48c36e5c01f532e3908g.tex
Не найдено,Не найдено,Не найдено,2023_07_08_f4a8407964eda2f3bd5bg.tex
Не найдено,Не найдено,Не найдено,2023_07_08_f4e2ea183a41aef883c5g.tex
Не найдено,Не найдено,Не найдено,2023_07_08_f4fd672ade788db4c337g.tex
Не найдено,Не найдено,Не найдено,2023_07_08_f523bc6ad7eb8fc3acf1g.tex
Не найдено,Не найдено,Не найдено,2023_07_08_f545356e8ddddec85cf7g.tex
Не найдено,Не найдено,Не найдено,2023_07_08_f55794ea4432fc6b79bcg.tex
Не найдено,Не найдено,Не найдено,2023_07_08_f58722d513d98683e1d1g.tex
Не найдено,Не найдено,Не найдено,2023_07_08_f59f2bd261b8fd8756c4g.tex
Не найдено,Не найдено,Не найдено,2023_07_08_f5c20f117651c22001abg.tex
Не найдено,Не найдено,Не найдено,2023_07_08_f6024b9c0c3988452d6eg.tex
Не найдено,Не найдено,Не найдено,2023_07_08_f6411e867fb49582f134g.tex
Не найдено,Не найдено,Не найдено,2023_07_08_f6565b32cdf548e3e992g.tex
Не найдено,Не найдено,Не найдено,2023_07_08_f66763bedc1c73356038g.tex
Не найдено,Не найдено,Не найдено,2023_07_08_f674ac2398b9af5f7f5dg.tex
Не найдено,Не найдено,Не найдено,2023_07_08_f6958c23a88fdb1342b6g.tex
Не найдено,Не найдено,Не найдено,2023_07_08_f69da7295eee243b10c0g.tex
Не найдено,Не найдено,Не найдено,2023_07_08_f6a7bae3e83ff7ce90cbg.tex
Не найдено,Не найдено,Не найдено,2023_07_08_f6ac195d7dc35ee5e80cg.tex
Не найдено,Не найдено,Не найдено,2023_07_08_f6c801f08ab3a3e5cbf1g.tex
Не найдено,Не найдено,Не найдено,2023_07_08_f6ceaae547c4e9124408g.tex
Не найдено,Не найдено,Не найдено,2023_07_08_f71bfeb03161e2eafdfcg.tex
Не найдено,Не найдено,Не найдено,2023_07_08_f7296e4f5efe91037e1fg.tex
Не найдено,Не найдено,Не найдено,2023_07_08_f73de30eade2acbb8525g.tex
Не найдено,Не найдено,Не найдено,2023_07_08_f743504d6e56b4a133dbg.tex
Не найдено,Не найдено,Не найдено,2023_07_08_f746ebd01f1f562a9170g.tex
Не найдено,Не найдено,Не найдено,2023_07_08_f74bd223448795949fbcg.tex
Не найдено,Не найдено,Не найдено,2023_07_08_f7965036f5c23ec76631g.tex
Не найдено,Не найдено,Не найдено,2023_07_08_f7acfe233402480ef40dg.tex
Не найдено,Не найдено,Не найдено,2023_07_08_f7b262ce699bb06e8840g.tex
Не найдено,Не найдено,Не найдено,2023_07_08_f7d2ab81d6d37e4a1d88g.tex
Не найдено,Не найдено,Не найдено,2023_07_08_f7e3db09a5918d48fbb6g.tex
Не найдено,Не найдено,Не найдено,2023_07_08_f7ec7e66d577dfffac0dg.tex
Не найдено,Не найдено,Не найдено,2023_07_08_f7fe6ca3ecd13e596ca6g.tex
Не найдено,Не найдено,Не найдено,2023_07_08_f810fe1dcfa64b1b75d2g.tex
Не найдено,Не найдено,Не найдено,2023_07_08_f810fe1dcfa64b1b75d2g_1.tex
Не найдено,Не найдено,Не найдено,2023_07_08_f821c9e1909a9d1e855eg.tex
Не найдено,Не найдено,Не найдено,2023_07_08_f844b503fb6a39d38de4g.tex
Не найдено,Не найдено,Не найдено,2023_07_08_f845e313a21c673ef8beg.tex
Не найдено,Не найдено,Не найдено,2023_07_08_f85b418e6df7cf91dc74g.tex
Не найдено,Не найдено,Не найдено,2023_07_08_f8991605be415ee93d50g.tex
Не найдено,Не найдено,Не найдено,2023_07_08_f8a3a7d17d311fd1fa0dg.tex
Не найдено,Не найдено,Не найдено,2023_07_08_f8a50340bf70ecad70c6g.tex
Не найдено,Не найдено,Не найдено,2023_07_08_f8b2c5503be9aefc7c4dg.tex
Не найдено,Не найдено,Не найдено,2023_07_08_f8c8f21d90e3d62b75a9g.tex
Не найдено,Не найдено,Не найдено,2023_07_08_f8d7f934cb1071607f8eg.tex
Не найдено,Не найдено,Не найдено,2023_07_08_f91c5394e5f9f2273fceg.tex
Не найдено,Не найдено,Не найдено,2023_07_08_f924d05e13a307921763g.tex
Не найдено,Не найдено,Не найдено,2023_07_08_f94e0a10fe529d5b8ac5g.tex
Не найдено,Не найдено,Не найдено,2023_07_08_f95cff434242324c21a3g.tex
Не найдено,Не найдено,Не найдено,2023_07_08_f96a658c8a66dfecb095g.tex
Не найдено,Не найдено,Не найдено,2023_07_08_f96b595d5f396fd1f159g.tex
Не найдено,Не найдено,Не найдено,2023_07_08_f977d81a75ab84f009b6g.tex
Не найдено,Не найдено,Не найдено,2023_07_08_f981139424c9eb6946e8g.tex
Не найдено,Не найдено,Не найдено,2023_07_08_f99481d5547b90f166a4g.tex
Не найдено,Не найдено,Не найдено,2023_07_08_f9ab093307a7a49b2e67g.tex
Не найдено,Не найдено,Не найдено,2023_07_08_f9b93d49fcf0dcf30b9eg.tex
Не найдено,Не найдено,Не найдено,2023_07_08_f9c4e3896d1c4e4b7fe4g.tex
Не найдено,Не найдено,Не найдено,2023_07_08_f9c4e3896d1c4e4b7fe4g_1.tex
Не найдено,Не найдено,Не найдено,2023_07_08_f9c4e3896d1c4e4b7fe4g_2.tex
Не найдено,Не найдено,Не найдено,2023_07_08_f9d26773770d043e85b4g.tex
Не найдено,Не найдено,Не найдено,2023_07_08_f9d26773770d043e85b4g_1.tex
Не найдено,Не найдено,Не найдено,2023_07_08_f9d26773770d043e85b4g_2.tex
Не найдено,Не найдено,Не найдено,2023_07_08_f9e6319b67cb8e4fc534g.tex
Не найдено,Не найдено,Не найдено,2023_07_08_f9f31e3530e14b4683feg.tex
Не найдено,Не найдено,Не найдено,2023_07_08_f9fd8cabb2621d5152feg.tex
Не найдено,Не найдено,Не найдено,2023_07_08_fa5d198557d2f9da4861g.tex
Не найдено,Не найдено,Не найдено,2023_07_08_fa892690edbca38e63b6g.tex
Не найдено,Не найдено,Не найдено,2023_07_08_fadc82836205ab28bcf2g.tex
Не найдено,Не найдено,Не найдено,2023_07_08_fb4896f74b2b4b81267cg.tex
Не найдено,Не найдено,Не найдено,2023_07_08_fb5c69c6be1427f7ad79g.tex
Не найдено,Не найдено,Не найдено,2023_07_08_fb7c338273674af2e2f4g.tex
Не найдено,Не найдено,Не найдено,2023_07_08_fb8679672b4045768be9g.tex
Не найдено,Не найдено,Не найдено,2023_07_08_fba6e3ab97d3f28fad39g.tex
Не найдено,Не найдено,Не найдено,2023_07_08_fbaa35d3b07ef0210542g.tex
Не найдено,Не найдено,Не найдено,2023_07_08_fbb78269e2240c2c97ccg.tex
Не найдено,Не найдено,Не найдено,2023_07_08_fbf5be5f7f873f01c091g.tex
Не найдено,Не найдено,Не найдено,2023_07_08_fc30b9a8cd8b12054b08g.tex
Не найдено,Не найдено,Не найдено,2023_07_08_fc30b9a8cd8b12054b08g_1.tex
Не найдено,Не найдено,Не найдено,2023_07_08_fc30b9a8cd8b12054b08g_2.tex
Не найдено,Не найдено,Не найдено,2023_07_08_fc37d421bc72c714b940g.tex
Не найдено,Не найдено,Не найдено,2023_07_08_fc405c1e27259e754fabg.tex
Не найдено,Не найдено,Не найдено,2023_07_08_fc7bee756d6283a83ea5g.tex
Не найдено,Не найдено,Не найдено,2023_07_08_fc7f1a014cc1223bd7cfg.tex
Не найдено,Не найдено,Не найдено,2023_07_08_fc93882817662c4f5710g.tex
Не найдено,Не найдено,Не найдено,2023_07_08_fc95a13ae67174991ee8g.tex
Не найдено,Не найдено,Не найдено,2023_07_08_fca64c08107e49999e09g.tex
Не найдено,Не найдено,Не найдено,2023_07_08_fcb0a038f053f75805a9g.tex
Не найдено,Не найдено,Не найдено,2023_07_08_fcbc67dd18f14a8c1340g.tex
Не найдено,Не найдено,Не найдено,2023_07_08_fccd8ef27e9e933d89d9g.tex
Не найдено,Не найдено,Не найдено,2023_07_08_fce077d0bbc40c0fceecg.tex
Не найдено,Не найдено,Не найдено,2023_07_08_fcea194f391a66f9bc57g.tex
Не найдено,Не найдено,Не найдено,2023_07_08_fcea194f391a66f9bc57g_1.tex
Не найдено,Не найдено,Не найдено,2023_07_08_fcea194f391a66f9bc57g_2.tex
Не найдено,Не найдено,Не найдено,2023_07_08_fcebdf21ea6458e64197g.tex
Не найдено,Не найдено,Не найдено,2023_07_08_fcf2af0821ac84965a22g.tex
Не найдено,Не найдено,Не найдено,2023_07_08_fd005305b5f8e66903adg.tex
Не найдено,Не найдено,Не найдено,2023_07_08_fd10b6413b0643f113cag.tex
Не найдено,Не найдено,Не найдено,2023_07_08_fd21fb67b194f7336868g.tex
Не найдено,Не найдено,Не найдено,2023_07_08_fd4c7568c715b479cc88g.tex
Не найдено,Не найдено,Не найдено,2023_07_08_fd4d13d75a216f21bb9fg.tex
Не найдено,Не найдено,Не найдено,2023_07_08_fd57a3f16f1bd9195fabg.tex
Не найдено,Не найдено,Не найдено,2023_07_08_fd58bc02f7a3cb4c1ac3g.tex
Не найдено,Не найдено,Не найдено,2023_07_08_fd762c659efaaaedc47ag.tex
Не найдено,Не найдено,Не найдено,2023_07_08_fda8d2fcb92dc89da0f8g.tex
Не найдено,Не найдено,Не найдено,2023_07_08_fdc13624fff8f1db30bbg.tex
Не найдено,Не найдено,Не найдено,2023_07_08_fdca312d234e64e0904bg.tex
Не найдено,Не найдено,Не найдено,2023_07_08_fde54ed41aad6e982b6dg.tex
Не найдено,Не найдено,Не найдено,2023_07_08_fde745c2d47eed0319bag.tex
Не найдено,Не найдено,Не найдено,2023_07_08_fdec7d369a6d7413a0d6g.tex
Не найдено,Не найдено,Не найдено,2023_07_08_fe06543c4d34c0c83c75g.tex
Не найдено,Не найдено,Не найдено,2023_07_08_fe3f7bb65f07d43c5ec5g.tex
Не найдено,Не найдено,Не найдено,2023_07_08_fe4e436eabf5b47b3bf2g.tex
Не найдено,Не найдено,Не найдено,2023_07_08_fe548d5b1218ad7dadd5g.tex
Не найдено,Не найдено,Не найдено,2023_07_08_fe575d8ac8fb62127059g.tex
Не найдено,Не найдено,Не найдено,2023_07_08_fe575d8ac8fb62127059g_1.tex
Не найдено,Не найдено,Не найдено,2023_07_08_fe74ebe48d616cff1579g.tex
Не найдено,Не найдено,Не найдено,2023_07_08_fe7a6ce887fd68c3cd3ag.tex
Не найдено,Не найдено,Не найдено,2023_07_08_fe80238ff4b7a6535fa0g.tex
Не найдено,Не найдено,Не найдено,2023_07_08_fe875d03bdcca2777cfeg.tex
Не найдено,Не найдено,Не найдено,2023_07_08_fe92a5f7b7499273d8fcg.tex
Не найдено,Не найдено,Не найдено,2023_07_08_feac60505ab0d022a7e9g.tex
Не найдено,Не найдено,Не найдено,2023_07_08_feae6a2271ffe9d26153g.tex
Не найдено,Не найдено,Не найдено,2023_07_08_fec5042411f1c10326d3g.tex
Не найдено,Не найдено,Не найдено,2023_07_08_fecbac0aeb4e4efc5dc8g.tex
Не найдено,Не найдено,Не найдено,2023_07_08_fece28d6b0d356058161g.tex
Не найдено,Не найдено,Не найдено,2023_07_08_fef8299c5040245400acg.tex
Не найдено,Не найдено,Не найдено,2023_07_08_ff1720ea12331cf0d30fg.tex
Не найдено,Не найдено,Не найдено,2023_07_08_ff1d26a0e6ce861ee5dcg.tex
Не найдено,Не найдено,Не найдено,2023_07_08_ff24b963cff69214513cg.tex
Не найдено,Не найдено,Не найдено,2023_07_08_ff2c63ea237d86af4bd8g.tex
Не найдено,Не найдено,Не найдено,2023_07_08_ff5f00ff067ec32c79bag.tex
Не найдено,Не найдено,Не найдено,2023_07_08_ff9105528258a8dc8c54g.tex
Не найдено,Не найдено,Не найдено,2023_07_08_ff9cddce33ee74131254g.tex
Не найдено,Не найдено,Не найдено,2023_07_08_ffa239706fd3f9f0ed03g.tex
Не найдено,Не найдено,Не найдено,2023_07_08_ffa239706fd3f9f0ed03g_1.tex
Не найдено,Не найдено,Не найдено,2023_07_08_ffa239706fd3f9f0ed03g_2.tex
Не найдено,Не найдено,Не найдено,2023_07_08_ffb8df2d8dad474c92d8g.tex
Не найдено,Не найдено,Не найдено,2023_07_09_0005d23472cad1854349g.tex
Не найдено,Не найдено,Не найдено,2023_07_09_001f37e87197051de4f4g.tex
Не найдено,Не найдено,Не найдено,2023_07_09_005e1f69d379f1a6a2f4g.tex
Не найдено,Не найдено,Не найдено,2023_07_09_00f4d69675196f2dd506g.tex
Не найдено,Не найдено,Не найдено,2023_07_09_0111f4b987655029876fg.tex
Не найдено,Не найдено,Не найдено,2023_07_09_0128c88e37fad7397148g.tex
Не найдено,Не найдено,Не найдено,2023_07_09_01598495e2cde2201456g.tex
Не найдено,Не найдено,Не найдено,2023_07_09_03c4b79edb0f8fb6095cg.tex
Не найдено,Не найдено,Не найдено,2023_07_09_040ea978b56a8bdf0523g.tex
Не найдено,Не найдено,Не найдено,2023_07_09_046a61a6329d2f91e483g.tex
Не найдено,Не найдено,Не найдено,2023_07_09_04cfe6a7f04a69023f70g.tex
Не найдено,Не найдено,Не найдено,2023_07_09_0617a9df68e53b0f4496g.tex
Не найдено,Не найдено,Не найдено,2023_07_09_0695e4af91a6c5449386g.tex
Не найдено,Не найдено,Не найдено,2023_07_09_07cf9b8242aa3877f838g.tex
Не найдено,Не найдено,Не найдено,2023_07_09_08609cb348b493df6eb8g.tex
Не найдено,Не найдено,Не найдено,2023_07_09_08ba2ca5f8ad75df6bd7g.tex
Не найдено,Не найдено,Не найдено,2023_07_09_0a7e30755279506e92a4g.tex
Не найдено,Не найдено,Не найдено,2023_07_09_0b148d5e28a13f3f5e3dg.tex
Не найдено,Не найдено,Не найдено,2023_07_09_0dc1296d7bd701c949feg.tex
Не найдено,Не найдено,Не найдено,2023_07_09_0deea658962f1bbb20efg.tex
Не найдено,Не найдено,Не найдено,2023_07_09_0dfa7341f2acf8416076g.tex
Не найдено,Не найдено,Не найдено,2023_07_09_0ea0e7db70b631e9c202g.tex
Не найдено,Не найдено,Не найдено,2023_07_09_0fc1b532bd86a52dff3eg.tex
Не найдено,Не найдено,Не найдено,2023_07_09_10bad521b21c20afb86fg.tex
Не найдено,Не найдено,Не найдено,2023_07_09_1110ad265e5b7a04ba6dg.tex
Не найдено,Не найдено,Не найдено,2023_07_09_11ca9e6cd218c8317801g.tex
Не найдено,Не найдено,Не найдено,2023_07_09_126a81945ecab0faaf0ag.tex
Не найдено,Не найдено,Не найдено,2023_07_09_12fa3c94abfa69b150ddg.tex
Не найдено,Не найдено,Не найдено,2023_07_09_13b6dd7c0e561a586071g.tex
Не найдено,Не найдено,Не найдено,2023_07_09_13ed06c4c2a61b5f2714g.tex
Не найдено,Не найдено,Не найдено,2023_07_09_144368f6f362f1db3a12g.tex
Не найдено,Не найдено,Не найдено,2023_07_09_1511c233efc5cf616b05g.tex
Не найдено,Не найдено,Не найдено,2023_07_09_158ff49671630b9317a0g.tex
Не найдено,Не найдено,Не найдено,2023_07_09_15d22da27b2b86e3c893g.tex
Не найдено,Не найдено,Не найдено,2023_07_09_167802a4647b65445049g.tex
Не найдено,Не найдено,Не найдено,2023_07_09_1690ab5b833ac24a1d95g.tex
Не найдено,Не найдено,Не найдено,2023_07_09_1697aadbdf1ef55e854ag.tex
Не найдено,Не найдено,Не найдено,2023_07_09_16ed82033cd572878ff1g.tex
Не найдено,Не найдено,Не найдено,2023_07_09_1749ad90cb4adac104ebg.tex
Не найдено,Не найдено,Не найдено,2023_07_09_17ac227b240a37103421g.tex
Не найдено,Не найдено,Не найдено,2023_07_09_17b576b714b05d1143a8g.tex
Не найдено,Не найдено,Не найдено,2023_07_09_18323192f36b84ca6432g.tex
Не найдено,Не найдено,Не найдено,2023_07_09_186ede1e21e413f0edcag.tex
Не найдено,Не найдено,Не найдено,2023_07_09_188a29dd5cb0213ab71dg.tex
Не найдено,Не найдено,Не найдено,2023_07_09_19d053e368c6c72f3d89g.tex
Не найдено,Не найдено,Не найдено,2023_07_09_1a51737e946be01a1594g.tex
Не найдено,Не найдено,Не найдено,2023_07_09_1a60031952367890e798g.tex
Не найдено,Не найдено,Не найдено,2023_07_09_1ad6f38ee0d6afef83f1g.tex
Не найдено,Не найдено,Не найдено,2023_07_09_1b60e44b844966e8feddg.tex
Не найдено,Не найдено,Не найдено,2023_07_09_1b6202bd26e6c70a7950g.tex
Не найдено,Не найдено,Не найдено,2023_07_09_1ba3d57329e135e15647g.tex
Не найдено,Не найдено,Не найдено,2023_07_09_1c0a5893169b96c905ddg.tex
Не найдено,Не найдено,Не найдено,2023_07_09_1c2f273a37901c13316cg.tex
Не найдено,Не найдено,Не найдено,2023_07_09_1c69fb2c7454bd9f61feg.tex
Не найдено,Не найдено,Не найдено,2023_07_09_1eb4bbfe6ecae070bb0eg.tex
Не найдено,Не найдено,Не найдено,2023_07_09_1eef3130fdf1638080cfg.tex
Не найдено,Не найдено,Не найдено,2023_07_09_1f1d40a7e565766c78d9g.tex
Не найдено,Не найдено,Не найдено,2023_07_09_20c51d97fb68ef3e0f92g.tex
Не найдено,Не найдено,Не найдено,2023_07_09_20d5871e1314cef8ae56g.tex
Не найдено,Не найдено,Не найдено,2023_07_09_21ebb9af16b5c23d7501g.tex
Не найдено,Не найдено,Не найдено,2023_07_09_226219d6ef61e28a1868g.tex
Не найдено,Не найдено,Не найдено,2023_07_09_230a1ea2f289127425c6g.tex
Не найдено,Не найдено,Не найдено,2023_07_09_2399ba1e9fcc3a0b960eg.tex
Не найдено,Не найдено,Не найдено,2023_07_09_2432ea642c8f91d98104g.tex
Не найдено,Не найдено,Не найдено,2023_07_09_2472010c7e534d255003g.tex
Не найдено,Не найдено,Не найдено,2023_07_09_2527d107b393def0a71ag.tex
Не найдено,Не найдено,Не найдено,2023_07_09_2535e2ef644f0238aee0g.tex
I ,Не найдено,Не найдено,2023_07_09_25cc1b2d535401f567e3g.tex
Не найдено,Не найдено,Не найдено,2023_07_09_261ed9c97779cb4b23c1g.tex
Не найдено,Не найдено,Не найдено,2023_07_09_26884c2e1ee13e11741fg.tex
Не найдено,Не найдено,Не найдено,2023_07_09_2729497d7544d34dad64g.tex
Не найдено,Не найдено,Не найдено,2023_07_09_274d9416b8506703138cg.tex
Не найдено,Не найдено,Не найдено,2023_07_09_276e19460f8a54661c83g.tex
Не найдено,Не найдено,Не найдено,2023_07_09_291d77fca6a659eab1f0g.tex
Не найдено,Не найдено,Не найдено,2023_07_09_2931031f7dddb86f9f64g.tex
Не найдено,Не найдено,Не найдено,2023_07_09_2a337271decbbf4822c4g.tex
Не найдено,Не найдено,Не найдено,2023_07_09_2aba792636f52701a975g.tex
Не найдено,Не найдено,Не найдено,2023_07_09_2c64cdb37c269824a52fg.tex
Не найдено,Не найдено,Не найдено,2023_07_09_2c7e41207c36fe40dcedg.tex
Не найдено,Не найдено,Не найдено,2023_07_09_2ce542f37060bc1c7a19g.tex
Не найдено,Не найдено,Не найдено,2023_07_09_2d72c7cad8c185ae7604g.tex
Не найдено,Не найдено,Не найдено,2023_07_09_2d7b465a1d284c5d3257g.tex
Не найдено,Не найдено,Не найдено,2023_07_09_2d83178f152cba0ec378g.tex
Не найдено,Не найдено,Не найдено,2023_07_09_2ecc05cef27a6800d166g.tex
Не найдено,Не найдено,Не найдено,2023_07_09_2f80ee461bde53095748g.tex
Не найдено,Не найдено,Не найдено,2023_07_09_3089cc0ca828fde650abg.tex
Не найдено,Не найдено,Не найдено,2023_07_09_30a26f9f2c9e301e3c2cg.tex
Не найдено,Не найдено,Не найдено,2023_07_09_30ac3559a8c629dfe9e4g.tex
Не найдено,Не найдено,Не найдено,2023_07_09_31756bd82f14506c85d4g.tex
Не найдено,Не найдено,Не найдено,2023_07_09_32b291ae70433113dfebg.tex
Не найдено,Не найдено,Не найдено,2023_07_09_32fb897ca262d5697a82g.tex
Не найдено,Не найдено,Не найдено,2023_07_09_334f6e8e87e2c7bc8ccfg.tex
Не найдено,Не найдено,Не найдено,2023_07_09_342b94a9f2a62670b9dag.tex
Не найдено,Не найдено,Не найдено,2023_07_09_34ce71e68562179103a6g.tex
Не найдено,Не найдено,Не найдено,2023_07_09_34d44f2dae1cfa8de4bdg.tex
Не найдено,Не найдено,Не найдено,2023_07_09_351bf4e4e0df7a4c75cbg.tex
Не найдено,Не найдено,Не найдено,2023_07_09_357c48f559065c3c27eeg.tex
Не найдено,Не найдено,Не найдено,2023_07_09_3685fa4c5a0b856433f6g.tex
Не найдено,Не найдено,Не найдено,2023_07_09_36e44e41f136beb681b0g.tex
Не найдено,Не найдено,Не найдено,2023_07_09_3710ad1d92de06f554d2g.tex
Не найдено,Не найдено,Не найдено,2023_07_09_3717a3eb9fcd313cf6eag.tex
Не найдено,Не найдено,Не найдено,2023_07_09_373b4152aa7bf3b8eeabg.tex
Не найдено,Не найдено,Не найдено,2023_07_09_3768bf02fb2a34b94fd3g.tex
Не найдено,Не найдено,Не найдено,2023_07_09_376efbb61a99bb50c6d7g.tex
Не найдено,Не найдено,Не найдено,2023_07_09_39232d8e5387d1d5dbd1g.tex
Не найдено,Не найдено,Не найдено,2023_07_09_39e15ba2052f9899dd13g.tex
Не найдено,Не найдено,Не найдено,2023_07_09_3a09d5201e96361816d3g.tex
Не найдено,Не найдено,Не найдено,2023_07_09_3a52fd6600b4403c6a68g.tex
Не найдено,Не найдено,Не найдено,2023_07_09_3a969e74cc832e0c12d5g.tex
Не найдено,Не найдено,Не найдено,2023_07_09_3aac797ec7abb9cd248fg.tex
Не найдено,Не найдено,Не найдено,2023_07_09_3accd4470dc688b97f91g.tex
Не найдено,Не найдено,Не найдено,2023_07_09_3ad187aa3f1a83972325g.tex
Не найдено,Не найдено,Не найдено,2023_07_09_3be1f9b366d7e2325371g.tex
Не найдено,Не найдено,Не найдено,2023_07_09_3c17634595b7bf0b46c6g.tex
Не найдено,Не найдено,Не найдено,2023_07_09_3c7c4b91927b818b5514g.tex
Не найдено,Не найдено,Не найдено,2023_07_09_3c8c7070567704f98751g.tex
Не найдено,Не найдено,Не найдено,2023_07_09_3d0e3486c6503fed8ccdg.tex
Не найдено,Не найдено,Не найдено,2023_07_09_3d5aedf281808b3c70ffg.tex
Не найдено,Не найдено,Не найдено,2023_07_09_3d5cb0b901a49ddb7997g.tex
Не найдено,Не найдено,Не найдено,2023_07_09_3ecfdb249e5b35f24d43g.tex
Не найдено,Не найдено,Не найдено,2023_07_09_3ee424033777e06b17b9g.tex
Не найдено,Не найдено,Не найдено,2023_07_09_3eff751b8adb1dd1cac7g.tex
Не найдено,Не найдено,Не найдено,2023_07_09_3f17bba9cf7b9adf1c5fg.tex
Не найдено,Не найдено,Не найдено,2023_07_09_3fa31bcfd60d8ab3dedbg.tex
Не найдено,Не найдено,Не найдено,2023_07_09_3fe7e377419f8ee4ddc1g.tex
Не найдено,Не найдено,Не найдено,2023_07_09_3fea130aeeda9f20ed42g.tex
Не найдено,Не найдено,Не найдено,2023_07_09_3feab737ddfe1a29cb73g.tex
Не найдено,Не найдено,Не найдено,2023_07_09_417214854ba6de95322eg.tex
Не найдено,Не найдено,Не найдено,2023_07_09_42323fbeb9ed2f4f2309g.tex
Не найдено,Не найдено,Не найдено,2023_07_09_4263cc2a2e6a4a91ba8cg.tex
Не найдено,Не найдено,Не найдено,2023_07_09_44ae4937a858768b5b14g.tex
Не найдено,Не найдено,Не найдено,2023_07_09_44faaf49a465fcab0c4fg.tex
Не найдено,Не найдено,Не найдено,2023_07_09_46460ef0eb39b27963c5g.tex
Не найдено,Не найдено,Не найдено,2023_07_09_464fd9b70a50960b2725g.tex
Не найдено,Не найдено,Не найдено,2023_07_09_482748c97895d426a986g.tex
Не найдено,Не найдено,Не найдено,2023_07_09_484483ca1fe47b90d849g.tex
Не найдено,Не найдено,Не найдено,2023_07_09_489212a6907384319acbg.tex
Не найдено,Не найдено,Не найдено,2023_07_09_497c9d99346d41d0c420g.tex
Не найдено,Не найдено,Не найдено,2023_07_09_4b2cd02f6f9c4a312ad0g.tex
Не найдено,Не найдено,Не найдено,2023_07_09_4bf30293c5703d3a247dg.tex
Не найдено,Не найдено,Не найдено,2023_07_09_4c135b59b085122f7e8fg.tex
Не найдено,Не найдено,Не найдено,2023_07_09_4c1a8734b16fecdbaccdg.tex
Не найдено,Не найдено,Не найдено,2023_07_09_4c2a1df3b5f245d5c0fbg.tex
Не найдено,Не найдено,Не найдено,2023_07_09_4cd596d7a1014abeb942g.tex
Не найдено,Не найдено,Не найдено,2023_07_09_4d8373c475bd9d3683c2g.tex
Не найдено,Не найдено,Не найдено,2023_07_09_4d940407aa8432eb5a3bg.tex
Не найдено,Не найдено,Не найдено,2023_07_09_4efb9f51fe523ef08e44g.tex
Не найдено,Не найдено,Не найдено,2023_07_09_4f16284f817def83b4f3g.tex
Не найдено,Не найдено,Не найдено,2023_07_09_4f2de438606109acdbc7g.tex
Не найдено,Не найдено,Не найдено,2023_07_09_4fd908fa9c4d786095e8g.tex
Не найдено,Не найдено,Не найдено,2023_07_09_50336f01395d8b880becg.tex
Не найдено,Не найдено,Не найдено,2023_07_09_50b252a6a1f02de14213g.tex
Не найдено,Не найдено,Не найдено,2023_07_09_511331aa6f28e8e9574ag.tex
Не найдено,Не найдено,Не найдено,2023_07_09_512e09b22d103190add6g.tex
Не найдено,Не найдено,Не найдено,2023_07_09_52eacd0cbdccb74c34ccg.tex
Не найдено,Не найдено,Не найдено,2023_07_09_530abca183dd74cf40f6g.tex
Не найдено,Не найдено,Не найдено,2023_07_09_5323a19ef5fdafc5cae9g.tex
Не найдено,Не найдено,Не найдено,2023_07_09_533a88d72527059d806eg.tex
Не найдено,Не найдено,Не найдено,2023_07_09_53e99e72606f2529bc28g.tex
Не найдено,Не найдено,Не найдено,2023_07_09_544318dc53ae9cd791c5g.tex
Не найдено,Не найдено,Не найдено,2023_07_09_544f6e8a61a8d90f5031g.tex
Не найдено,Не найдено,Не найдено,2023_07_09_550ccc36bb4938003809g.tex
Не найдено,Не найдено,Не найдено,2023_07_09_55b71a1f434326eaf3a0g.tex
Не найдено,Не найдено,Не найдено,2023_07_09_5608f5b3596dbefdce07g.tex
Не найдено,Не найдено,Не найдено,2023_07_09_563272f61f2f6e480dc6g.tex
Не найдено,Не найдено,Не найдено,2023_07_09_5700344289bfb7230ad1g.tex
Не найдено,Не найдено,Не найдено,2023_07_09_57061e81371302d46fbfg.tex
Не найдено,Не найдено,Не найдено,2023_07_09_57bbd45c6da4deb25a94g.tex
$\mathbf{I,Не найдено,Не найдено,2023_07_09_58743e194659258e09c1g.tex
Не найдено,Не найдено,Не найдено,2023_07_09_5887137c9a908cc885e0g.tex
Не найдено,Не найдено,Не найдено,2023_07_09_59057c69eec34af4b23bg.tex
Не найдено,Не найдено,Не найдено,2023_07_09_591418b56d7ef62ebae7g.tex
Не найдено,Не найдено,Не найдено,2023_07_09_5a61721678c641faafd5g.tex
Не найдено,Не найдено,Не найдено,2023_07_09_5a831f3cb04830abe7a0g.tex
Не найдено,Не найдено,Не найдено,2023_07_09_5ba96e51499e4f2a7d7dg.tex
Не найдено,Не найдено,Не найдено,2023_07_09_5c43d26c76862b09edfcg.tex
Не найдено,Не найдено,Не найдено,2023_07_09_5c7c078d5e3e99a50907g.tex
III ,Не найдено,Не найдено,2023_07_09_5d6c15e0c841f66ff510g.tex
Не найдено,Не найдено,Не найдено,2023_07_09_5dd1adb7efa79967f8d8g.tex
Не найдено,Не найдено,Не найдено,2023_07_09_5de37cbcfaf0be1ac745g.tex
Не найдено,Не найдено,Не найдено,2023_07_09_5e1979932b81e583752eg.tex
Не найдено,Не найдено,Не найдено,2023_07_09_5e6fc67eb66ac8124582g.tex
Не найдено,Не найдено,Не найдено,2023_07_09_5e8ed923021e821efb55g.tex
Не найдено,Не найдено,Не найдено,2023_07_09_5eb9e409fe52be8f28a6g.tex
Не найдено,Не найдено,Не найдено,2023_07_09_5edaa8badbd40fc13857g.tex
Не найдено,Не найдено,Не найдено,2023_07_09_5eff5a36ca222e02f1bfg.tex
Не найдено,Не найдено,Не найдено,2023_07_09_5f04b0ebf4a2525306b6g.tex
Не найдено,Не найдено,Не найдено,2023_07_09_5f1b426c480b363a5938g.tex
Не найдено,Не найдено,Не найдено,2023_07_09_5f5ccdb781aabc635895g.tex
Не найдено,Не найдено,Не найдено,2023_07_09_605286dbbd033bba59c5g.tex
Не найдено,Не найдено,Не найдено,2023_07_09_6111d3df50052058c957g.tex
Не найдено,Не найдено,Не найдено,2023_07_09_6169cceecb3682f59815g.tex
Не найдено,Не найдено,Не найдено,2023_07_09_61eceecf7fde84f90a0bg.tex
Не найдено,Не найдено,Не найдено,2023_07_09_61f90db90dfa1517b931g.tex
Не найдено,Не найдено,Не найдено,2023_07_09_623093851840bb1d0ad8g.tex
Не найдено,Не найдено,Не найдено,2023_07_09_62a0be2e42001fcbcd78g.tex
Не найдено,Не найдено,Не найдено,2023_07_09_6326068cd1a3e913d355g.tex
Не найдено,Не найдено,Не найдено,2023_07_09_634993a71718324cc610g.tex
Не найдено,Не найдено,Не найдено,2023_07_09_63aabd81b973dccb51fag.tex
Не найдено,Не найдено,Не найдено,2023_07_09_63acfab38878f42ceb22g.tex
Не найдено,Не найдено,Не найдено,2023_07_09_6410e555941152822d1ag.tex
Не найдено,Не найдено,Не найдено,2023_07_09_641d80896d98b2ccd8abg.tex
Не найдено,Не найдено,Не найдено,2023_07_09_648efd7a2e0640d65bebg.tex
Не найдено,Не найдено,Не найдено,2023_07_09_64a7bca38cfb3a4d120dg.tex
Не найдено,Не найдено,Не найдено,2023_07_09_64b882dd5e91161c1275g.tex
Не найдено,Не найдено,Не найдено,2023_07_09_675259e1229bb884f54dg.tex
Не найдено,Не найдено,Не найдено,2023_07_09_6908e7ad1eed8246338ag.tex
Не найдено,Не найдено,Не найдено,2023_07_09_692d4f63ca97fea1cd9cg.tex
Не найдено,Не найдено,Не найдено,2023_07_09_6980d4258a18643b4286g.tex
Не найдено,Не найдено,Не найдено,2023_07_09_69a488a98a2418205f95g.tex
Не найдено,Не найдено,Не найдено,2023_07_09_69a4f5787777b4403181g.tex
Не найдено,Не найдено,Не найдено,2023_07_09_69b89c7e923dc9280051g.tex
Не найдено,Не найдено,Не найдено,2023_07_09_6a479efabc5cdabbe0acg.tex
Не найдено,Не найдено,Не найдено,2023_07_09_6a976d7db94b070e127fg.tex
Не найдено,Не найдено,Не найдено,2023_07_09_6b616bf1b681ed8a362dg.tex
Не найдено,Не найдено,Не найдено,2023_07_09_6b943515cd89a614cbc8g.tex
Не найдено,Не найдено,Не найдено,2023_07_09_6ba88a9276e1aea993b9g.tex
Не найдено,Не найдено,Не найдено,2023_07_09_6bce061042c4a5f4ee3bg.tex
Не найдено,Не найдено,Не найдено,2023_07_09_6bfbe7128622020909d2g.tex
Не найдено,Не найдено,Не найдено,2023_07_09_6c82ee9df65c6d65503eg.tex
Не найдено,Не найдено,Не найдено,2023_07_09_6d819fe40f05dfeff4dcg.tex
Не найдено,Не найдено,Не найдено,2023_07_09_6e3e351def558b30ebbdg.tex
Не найдено,Не найдено,Не найдено,2023_07_09_6e3eccc6e665ec82ed10g.tex
Не найдено,Не найдено,Не найдено,2023_07_09_6f5aaf4072c377f366f8g.tex
Не найдено,Не найдено,Не найдено,2023_07_09_6f5d28a2ae5d2b5ce309g.tex
Не найдено,Не найдено,Не найдено,2023_07_09_6fbca88c8d7bb2e5ecaag.tex
Не найдено,Не найдено,Не найдено,2023_07_09_6ffe06e45647ed1b52aeg.tex
Не найдено,Не найдено,Не найдено,2023_07_09_700c21e264dfa692efe5g.tex
Не найдено,Не найдено,Не найдено,2023_07_09_70a1c40b264c6a52f868g.tex
Не найдено,Не найдено,Не найдено,2023_07_09_70e4d556f750c46c9e1dg.tex
Не найдено,Не найдено,Не найдено,2023_07_09_712c8a64ac3093c61835g.tex
Не найдено,Не найдено,Не найдено,2023_07_09_713eb9170a2198f54089g.tex
Не найдено,Не найдено,Не найдено,2023_07_09_728fdc8ea3987117bb31g.tex
Не найдено,Не найдено,Не найдено,2023_07_09_72be3092e6fc5aa3396fg.tex
Не найдено,Не найдено,Не найдено,2023_07_09_72d76f2e3909cd2ad9f0g.tex
Не найдено,Не найдено,Не найдено,2023_07_09_72e4062dee2fc8f2a8b8g.tex
Не найдено,Не найдено,Не найдено,2023_07_09_73405272d843d184d73bg.tex
Не найдено,Не найдено,Не найдено,2023_07_09_73812cd618761a3c6749g.tex
Не найдено,Не найдено,Не найдено,2023_07_09_73974918314975b859dbg.tex
Не найдено,Не найдено,Не найдено,2023_07_09_74e877090b86b6031a44g.tex
Не найдено,Не найдено,Не найдено,2023_07_09_755bff67b847c3b07e7fg.tex
Не найдено,Не найдено,Не найдено,2023_07_09_75a56a6f78e1fffe52c9g.tex
Не найдено,Не найдено,Не найдено,2023_07_09_76517841152832a9ed8eg.tex
Не найдено,Не найдено,Не найдено,2023_07_09_76e75f26b196b24e2a9dg.tex
Не найдено,Не найдено,Не найдено,2023_07_09_771c8b17868fefa88ca9g.tex
Не найдено,Не найдено,Не найдено,2023_07_09_7735c94c60234887e3cag.tex
Не найдено,Не найдено,Не найдено,2023_07_09_77c266d0fd81dd3246ebg.tex
Не найдено,Не найдено,Не найдено,2023_07_09_7816a7857453b215028cg.tex
Не найдено,Не найдено,Не найдено,2023_07_09_78a7eb68159fd9608f21g.tex
Не найдено,Не найдено,Не найдено,2023_07_09_78c3d75fada398bd99f8g.tex
Не найдено,Не найдено,Не найдено,2023_07_09_78e19cb90e1badce0686g.tex
Не найдено,Не найдено,Не найдено,2023_07_09_78e3c4c8d363b6afcd59g.tex
Не найдено,Не найдено,Не найдено,2023_07_09_794a8ccc5858d56eac6bg.tex
Не найдено,Не найдено,Не найдено,2023_07_09_79a13c3be79f05edff72g.tex
Не найдено,Не найдено,Не найдено,2023_07_09_7a6b6c67f02133c91159g.tex
Не найдено,Не найдено,Не найдено,2023_07_09_7b122103d24ae686fe3bg.tex
Не найдено,Не найдено,Не найдено,2023_07_09_7b364331fcf6dc4c42fag.tex
Не найдено,Не найдено,Не найдено,2023_07_09_7b904f9ff6dbb3a8bff4g.tex
Не найдено,Не найдено,Не найдено,2023_07_09_7cbf95cca599e2c57e5fg.tex
Не найдено,Не найдено,Не найдено,2023_07_09_7d164b23bfed8c0c6ab9g.tex
Не найдено,Не найдено,Не найдено,2023_07_09_7e3c9e78576e4297dc49g.tex
Не найдено,Не найдено,Не найдено,2023_07_09_808c5c62fb98326cff59g.tex
Не найдено,Не найдено,Не найдено,2023_07_09_80f70b71a7c40236d32fg.tex
Не найдено,Не найдено,Не найдено,2023_07_09_80faaf02bb31edcc1208g.tex
Не найдено,Не найдено,Не найдено,2023_07_09_81c477723b2a3cd258edg.tex
Не найдено,Не найдено,Не найдено,2023_07_09_83c76ed864934f92bb6dg.tex
$\mathbf{T,Не найдено,Не найдено,2023_07_09_840f3b2f2bbf5974d619g.tex
Не найдено,Не найдено,Не найдено,2023_07_09_865dd954a786e1970f5cg.tex
Не найдено,Не найдено,Не найдено,2023_07_09_86a7bbf064ea216bd71eg.tex
Не найдено,Не найдено,Не найдено,2023_07_09_87026aaf7280becf3b1cg.tex
Не найдено,Не найдено,Не найдено,2023_07_09_8743fbabe4b81bbe82c3g.tex
Не найдено,Не найдено,Не найдено,2023_07_09_8782fca00e9e34566bf2g.tex
Не найдено,Не найдено,Не найдено,2023_07_09_878bf891c6687bfbe273g.tex
Не найдено,Не найдено,Не найдено,2023_07_09_87cc9615273082e3c25ag.tex
Не найдено,Не найдено,Не найдено,2023_07_09_87d96c56e7042996af61g.tex
Не найдено,Не найдено,Не найдено,2023_07_09_886eecebb2987fe8ccd6g.tex
Не найдено,Не найдено,Не найдено,2023_07_09_888aad56fab646cdfe90g.tex
Не найдено,Не найдено,Не найдено,2023_07_09_89a8f2dcaac36f44859dg.tex
Не найдено,Не найдено,Не найдено,2023_07_09_8b4bb166310143d091ecg.tex
Не найдено,Не найдено,Не найдено,2023_07_09_8b8421b9001badce4539g.tex
Не найдено,Не найдено,Не найдено,2023_07_09_8c21f22cbcd89f9abd1eg.tex
Не найдено,Не найдено,Не найдено,2023_07_09_8c7643f1ffe6093b51f7g.tex
Не найдено,Не найдено,Не найдено,2023_07_09_8c7d20db5c09af5f2d0dg.tex
Не найдено,Не найдено,Не найдено,2023_07_09_8d041950963ebb25e6afg.tex
Не найдено,Не найдено,Не найдено,2023_07_09_8d5bf3184e3496600085g.tex
Не найдено,Не найдено,Не найдено,2023_07_09_8e5e0b3fc949bc32d289g.tex
Не найдено,Не найдено,Не найдено,2023_07_09_8eba0b7525179ec85159g.tex
Не найдено,Не найдено,Не найдено,2023_07_09_8fa55f321f10062a1a55g.tex
Не найдено,Не найдено,Не найдено,2023_07_09_8fb23512d14cd8581804g.tex
Не найдено,Не найдено,Не найдено,2023_07_09_8fcadf6d122df966ef49g.tex
Не найдено,Не найдено,Не найдено,2023_07_09_8fcda664a824af2a32dbg.tex
Не найдено,Не найдено,Не найдено,2023_07_09_90f4588f098ca4e93dfeg.tex
Не найдено,Не найдено,Не найдено,2023_07_09_91108ce98d6aeedc4660g.tex
Не найдено,Не найдено,Не найдено,2023_07_09_920832408dbe1ee97f78g.tex
Не найдено,Не найдено,Не найдено,2023_07_09_9350aca1a9c8f7ab91d7g.tex
Не найдено,Не найдено,Не найдено,2023_07_09_938b725261465db7e302g.tex
Не найдено,Не найдено,Не найдено,2023_07_09_955f54b982b0bc1e9269g.tex
Не найдено,Не найдено,Не найдено,2023_07_09_9565c3c55d4be81c55d0g.tex
Не найдено,Не найдено,Не найдено,2023_07_09_95c9fa747dddf0af24ccg.tex
Не найдено,Не найдено,Не найдено,2023_07_09_9647dbfaf3ef3cead739g.tex
Не найдено,Не найдено,Не найдено,2023_07_09_9697d4b7d6de0482c885g.tex
Не найдено,Не найдено,Не найдено,2023_07_09_96e0eb75c692631f3583g.tex
Не найдено,Не найдено,Не найдено,2023_07_09_96e58d85a35eadf3a0ffg.tex
Не найдено,Не найдено,Не найдено,2023_07_09_9760a53b863c159fb6d4g.tex
Не найдено,Не найдено,Не найдено,2023_07_09_97e3c76e1cdd04afa216g.tex
Не найдено,Не найдено,Не найдено,2023_07_09_98445ffb5358ae5bb5e5g.tex
Не найдено,Не найдено,Не найдено,2023_07_09_9876de76eb0d202d6be1g.tex
Не найдено,Не найдено,Не найдено,2023_07_09_9878e228c21558dc17ffg.tex
Не найдено,Не найдено,Не найдено,2023_07_09_98d3f8762fd3bea86ffbg.tex
Не найдено,Не найдено,Не найдено,2023_07_09_990290838fc4d1549ff8g.tex
Не найдено,Не найдено,Не найдено,2023_07_09_991621900b1f6760476ag.tex
Не найдено,Не найдено,Не найдено,2023_07_09_99d425066324f394740cg.tex
Не найдено,Не найдено,Не найдено,2023_07_09_9a5e3719ffe97da4b6c4g.tex
Не найдено,Не найдено,Не найдено,2023_07_09_9b0f08515e83bad32a52g.tex
Не найдено,Не найдено,Не найдено,2023_07_09_9b2b68a8d99366363346g.tex
Не найдено,Не найдено,Не найдено,2023_07_09_9b616cf8c5151fb2c05eg.tex
Не найдено,Не найдено,Не найдено,2023_07_09_9bcaa79e0a10204098f7g.tex
Не найдено,Не найдено,Не найдено,2023_07_09_9c61753a146f3b7a7c27g.tex
Не найдено,Не найдено,Не найдено,2023_07_09_9ee90f7279edc1ed094eg.tex
Не найдено,Не найдено,Не найдено,2023_07_09_9f2260d5bbdc6512703eg.tex
Не найдено,Не найдено,Не найдено,2023_07_09_9f7d44f53ff20da124d8g.tex
Не найдено,Не найдено,Не найдено,2023_07_09_a01006407529fd695617g.tex
Не найдено,Не найдено,Не найдено,2023_07_09_a025a0447bcc870ab24bg.tex
Не найдено,Не найдено,Не найдено,2023_07_09_a0cc4316308a0acf2514g.tex
Не найдено,Не найдено,Не найдено,2023_07_09_a0d78f812a77b91abd16g.tex
Не найдено,Не найдено,Не найдено,2023_07_09_a12f7d5b26c6ad683f1ag.tex
Не найдено,Не найдено,Не найдено,2023_07_09_a13ec212f9ad25e755b5g.tex
Не найдено,Не найдено,Не найдено,2023_07_09_a146c4260c5161602b6ag.tex
Не найдено,Не найдено,Не найдено,2023_07_09_a1c99833d778c0f4e201g.tex
Не найдено,Не найдено,Не найдено,2023_07_09_a241fe7b1ac96a02f05dg.tex
Не найдено,Не найдено,Не найдено,2023_07_09_a273605a34468f71195cg.tex
Не найдено,Не найдено,Не найдено,2023_07_09_a3324c2ddb454707b766g.tex
Не найдено,Не найдено,Не найдено,2023_07_09_a37e0da93d9cc50c51b7g.tex
Не найдено,Не найдено,Не найдено,2023_07_09_a4090396f60952e57d6eg.tex
Не найдено,Не найдено,Не найдено,2023_07_09_a4786fd8d26d1ab6d390g.tex
Не найдено,Не найдено,Не найдено,2023_07_09_a4bfcd112af14e3dfbeeg.tex
Не найдено,Не найдено,Не найдено,2023_07_09_a535c5f1bfb5f41e4e7dg.tex
Не найдено,Не найдено,Не найдено,2023_07_09_a59aa53b8e22b5842a9ag.tex
Не найдено,Не найдено,Не найдено,2023_07_09_a5abc8ae494e673fab9eg.tex
Не найдено,Не найдено,Не найдено,2023_07_09_a5f62321ccafc845e76dg.tex
Не найдено,Не найдено,Не найдено,2023_07_09_a6d053e99a1681fcfa7dg.tex
Не найдено,Не найдено,Не найдено,2023_07_09_a743e8c37dc7fff20687g.tex
Не найдено,Не найдено,Не найдено,2023_07_09_a88db2509f8178714c2fg.tex
Не найдено,Не найдено,Не найдено,2023_07_09_a90fb37d4e60df96669cg.tex
Не найдено,Не найдено,Не найдено,2023_07_09_a9dc4d3a668dda09e4a8g.tex
Не найдено,Не найдено,Не найдено,2023_07_09_a9e0c792731aa2a3ead4g.tex
Не найдено,Не найдено,Не найдено,2023_07_09_aa45dcbd275ca50e6d6dg.tex
Не найдено,Не найдено,Не найдено,2023_07_09_aac2ed3c30703fbab87dg.tex
Не найдено,Не найдено,Не найдено,2023_07_09_ab2482382006e0708d84g.tex
Не найдено,Не найдено,Не найдено,2023_07_09_abf454acf9d535b88c0dg.tex
Не найдено,Не найдено,Не найдено,2023_07_09_ac17d4bcb0c42e860439g.tex
Не найдено,Не найдено,Не найдено,2023_07_09_ac332bf9521450ef7396g.tex
Не найдено,Не найдено,Не найдено,2023_07_09_ace0432c8b29f9c6874fg.tex
Не найдено,Не найдено,Не найдено,2023_07_09_acfa339d5d1d12d9306fg.tex
Не найдено,Не найдено,Не найдено,2023_07_09_ad39cee47bd97c782538g.tex
Не найдено,Не найдено,Не найдено,2023_07_09_ae535e7099e0fe15fe46g.tex
Не найдено,Не найдено,Не найдено,2023_07_09_af2392275e07645d623eg.tex
Не найдено,Не найдено,Не найдено,2023_07_09_afd80b2785e3bd027987g.tex
Не найдено,Не найдено,Не найдено,2023_07_09_b03c28f981b5785bcc4ag.tex
Не найдено,Не найдено,Не найдено,2023_07_09_b0c21899c65d7aea98ddg.tex
Не найдено,Не найдено,Не найдено,2023_07_09_b0d6ca2201c7dd673f6eg.tex
Не найдено,Не найдено,Не найдено,2023_07_09_b0efa71f75fd4aed87b6g.tex
Не найдено,Не найдено,Не найдено,2023_07_09_b10cb80a39872d63b6cag.tex
Не найдено,Не найдено,Не найдено,2023_07_09_b1e49178ca2dbc03a04ag.tex
Не найдено,Не найдено,Не найдено,2023_07_09_b20a75f807bb83e9fe1eg.tex
Не найдено,Не найдено,Не найдено,2023_07_09_b2b43e0bf64f9e28e51fg.tex
Не найдено,Не найдено,Не найдено,2023_07_09_b40cb90088e73ac66968g.tex
Не найдено,Не найдено,Не найдено,2023_07_09_b443e4f1330b38ee3f7bg.tex
Не найдено,Не найдено,Не найдено,2023_07_09_b8848ca66d32e636ff2cg.tex
Не найдено,Не найдено,Не найдено,2023_07_09_b9e0fcf5045b249f255fg.tex
Не найдено,Не найдено,Не найдено,2023_07_09_ba7891d870f393eb7866g.tex
Не найдено,Не найдено,Не найдено,2023_07_09_ba926a2f05e86c0c9a25g.tex
Не найдено,Не найдено,Не найдено,2023_07_09_baf9e244aa908d809cc1g.tex
Не найдено,Не найдено,Не найдено,2023_07_09_bb2ac1fbb1a5fb5478deg.tex
Не найдено,Не найдено,Не найдено,2023_07_09_bb3305e8f21dc3afe01eg.tex
Не найдено,Не найдено,Не найдено,2023_07_09_bb41f58196fc3e1e4557g.tex
Не найдено,Не найдено,Не найдено,2023_07_09_bb6bcfdbe7d1cfc08e15g.tex
Не найдено,Не найдено,Не найдено,2023_07_09_bb9cd7ce47bc528e8c5eg.tex
Не найдено,Не найдено,Не найдено,2023_07_09_bbb70e3334374c13bb15g.tex
Не найдено,Не найдено,Не найдено,2023_07_09_bd9adb925a58d3c32a2eg.tex
Не найдено,Не найдено,Не найдено,2023_07_09_bd9fc8627519f72db255g.tex
Не найдено,Не найдено,Не найдено,2023_07_09_bde6ba6d1626cd600adfg.tex
Не найдено,Не найдено,Не найдено,2023_07_09_be327b0474b44b529ca6g.tex
Не найдено,Не найдено,Не найдено,2023_07_09_bedde3ba9f687d172638g.tex
Не найдено,Не найдено,Не найдено,2023_07_09_bf2816c3d5ee41e373d0g.tex
Не найдено,Не найдено,Не найдено,2023_07_09_bf794cba738ca3931e5ag.tex
Не найдено,Не найдено,Не найдено,2023_07_09_bf9c0e7f9a0282b31bcag.tex
Не найдено,Не найдено,Не найдено,2023_07_09_c0184e6a865f9c443b70g.tex
Не найдено,Не найдено,Не найдено,2023_07_09_c0584486ec4a24b637acg.tex
Не найдено,Не найдено,Не найдено,2023_07_09_c08ee66f9d3b13cb851ag.tex
Не найдено,Не найдено,Не найдено,2023_07_09_c0aded1368734b8785d0g.tex
Не найдено,Не найдено,Не найдено,2023_07_09_c0b6a459caa595364489g.tex
Не найдено,Не найдено,Не найдено,2023_07_09_c0be31460af5acfe9037g.tex
Не найдено,Не найдено,Не найдено,2023_07_09_c21558d40729e740c28eg.tex
Не найдено,Не найдено,Не найдено,2023_07_09_c239308f89c8dad1cdd4g.tex
Не найдено,Не найдено,Не найдено,2023_07_09_c24ce1a57a159ad2ec8fg.tex
Не найдено,Не найдено,Не найдено,2023_07_09_c2a219a6daf1f48cf143g.tex
Не найдено,Не найдено,Не найдено,2023_07_09_c32f989b63b88e87ffddg.tex
Не найдено,Не найдено,Не найдено,2023_07_09_c335dec0206a004dbf1bg.tex
Не найдено,Не найдено,Не найдено,2023_07_09_c38c849daff22065fc4ag.tex
Не найдено,Не найдено,Не найдено,2023_07_09_c4844f1e970d84120b1ag.tex
Не найдено,Не найдено,Не найдено,2023_07_09_c51af5af36345b3c45c8g.tex
Не найдено,Не найдено,Не найдено,2023_07_09_c5308a5560badc268ed6g.tex
Не найдено,Не найдено,Не найдено,2023_07_09_c55401158e3ae4ad009eg.tex
Не найдено,Не найдено,Не найдено,2023_07_09_c6ec97ff5b1c7b017261g.tex
Не найдено,Не найдено,Не найдено,2023_07_09_c7449e77e62a0f371846g.tex
Не найдено,Не найдено,Не найдено,2023_07_09_c81734013f5112697a10g.tex
Не найдено,Не найдено,Не найдено,2023_07_09_c953fcf4ecc4a4d8431bg.tex
Не найдено,Не найдено,Не найдено,2023_07_09_ca5803c51740045a9201g.tex
Не найдено,Не найдено,Не найдено,2023_07_09_caa4eca17cb060e9df27g.tex
Не найдено,Не найдено,Не найдено,2023_07_09_cb55124022ffe42212cag.tex
Не найдено,Не найдено,Не найдено,2023_07_09_cb6c782e85f292fff39eg.tex
Не найдено,Не найдено,Не найдено,2023_07_09_cb7b6411b67b6f20990dg.tex
Не найдено,Не найдено,Не найдено,2023_07_09_ccd44c1532cb37e62a0bg.tex
Не найдено,Не найдено,Не найдено,2023_07_09_cd03ec7d318738e48384g.tex
Не найдено,Не найдено,Не найдено,2023_07_09_cd0de6f8e3289ba8f459g.tex
Не найдено,Не найдено,Не найдено,2023_07_09_cd83eebcfd204a09bf3fg.tex
Не найдено,Не найдено,Не найдено,2023_07_09_cd9160f7922dbe8526dcg.tex
Не найдено,Не найдено,Не найдено,2023_07_09_cda138aacc2aabd58370g.tex
Не найдено,Не найдено,Не найдено,2023_07_09_cdda5a89673c2d885694g.tex
Не найдено,Не найдено,Не найдено,2023_07_09_cde5c467c212cb386ebdg.tex
Не найдено,Не найдено,Не найдено,2023_07_09_cf3523939c58f4cd16d0g.tex
Не найдено,Не найдено,Не найдено,2023_07_09_cfb98be8e8d608371d7cg.tex
Не найдено,Не найдено,Не найдено,2023_07_09_cfbb636db98e4582af89g.tex
Не найдено,Не найдено,Не найдено,2023_07_09_d167bf39114f6ebd8cb6g.tex
Не найдено,Не найдено,Не найдено,2023_07_09_d227c17716a14176c854g.tex
Не найдено,Не найдено,Не найдено,2023_07_09_d25241d01e2a227fac8eg.tex
Не найдено,Не найдено,Не найдено,2023_07_09_d33f3059e745d3ab6217g.tex
Не найдено,Не найдено,Не найдено,2023_07_09_d41d2535ee7cc6c5dc71g.tex
Не найдено,Не найдено,Не найдено,2023_07_09_d44b24b18c615cb15de8g.tex
Не найдено,Не найдено,Не найдено,2023_07_09_d48b93458a9ad007009bg.tex
Не найдено,Не найдено,Не найдено,2023_07_09_d4c02efba557c53a58d9g.tex
Не найдено,Не найдено,Не найдено,2023_07_09_d50e13efd4ebb1b5c055g.tex
Не найдено,Не найдено,Не найдено,2023_07_09_d5acc848759d92143220g.tex
$\mathbf{\Psi,Не найдено,Не найдено,2023_07_09_d5c92ce77e2f75eccdf4g.tex
Не найдено,Не найдено,Не найдено,2023_07_09_d5d9b4179dc42e2006ccg.tex
Не найдено,Не найдено,Не найдено,2023_07_09_d6413f8b4d2969e809ddg.tex
Не найдено,Не найдено,Не найдено,2023_07_09_d67b7482ad1dbdade68dg.tex
Не найдено,Не найдено,Не найдено,2023_07_09_d68f66e0db0b856c5962g.tex
Не найдено,Не найдено,Не найдено,2023_07_09_d70c98e8f6186da8d051g.tex
Не найдено,Не найдено,Не найдено,2023_07_09_d72a9f0ed5fd3007f539g.tex
Не найдено,Не найдено,Не найдено,2023_07_09_d7d5e31992ab74d4cf57g.tex
Не найдено,Не найдено,Не найдено,2023_07_09_d7fac5460056f9b02c89g.tex
Не найдено,Не найдено,Не найдено,2023_07_09_d8e022684d711c8df3c9g.tex
Не найдено,Не найдено,Не найдено,2023_07_09_d904081fc1282b00db16g.tex
Не найдено,Не найдено,Не найдено,2023_07_09_d9065873d42e9346f76dg.tex
Не найдено,Не найдено,Не найдено,2023_07_09_d98248e95e97ea016929g.tex
Не найдено,Не найдено,Не найдено,2023_07_09_d9e05f5f03abd1613f76g.tex
Не найдено,Не найдено,Не найдено,2023_07_09_d9e72f4c12c8483e73c9g.tex
Не найдено,Не найдено,Не найдено,2023_07_09_d9f2f0343aa8449dd19bg.tex
Не найдено,Не найдено,Не найдено,2023_07_09_da09e47baffd0a0c0554g.tex
Не найдено,Не найдено,Не найдено,2023_07_09_da6aeb1894eab777d6d5g.tex
Не найдено,Не найдено,Не найдено,2023_07_09_dad493cec0aa2fa89c75g.tex
Не найдено,Не найдено,Не найдено,2023_07_09_db5decd134ecae7502beg.tex
Не найдено,Не найдено,Не найдено,2023_07_09_dbf1f07aa9fd60c7db00g.tex
Не найдено,Не найдено,Не найдено,2023_07_09_dc89061b892bcbf66919g.tex
Не найдено,Не найдено,Не найдено,2023_07_09_dd2a1f146ee5df95e58fg.tex
Не найдено,Не найдено,Не найдено,2023_07_09_dd8729b35c53f6f608a3g.tex
Не найдено,Не найдено,Не найдено,2023_07_09_dd90c4f399a3865613a0g.tex
Не найдено,Не найдено,Не найдено,2023_07_09_de67b7060118b6db10b8g.tex
Не найдено,Не найдено,Не найдено,2023_07_09_e0106e5669ed6aa9aa86g.tex
Не найдено,Не найдено,Не найдено,2023_07_09_e09e77e78a816d9e9dc2g.tex
Не найдено,Не найдено,Не найдено,2023_07_09_e1636c0bb77eb00437c0g.tex
Не найдено,Не найдено,Не найдено,2023_07_09_e216966a503f0753d85dg.tex
Не найдено,Не найдено,Не найдено,2023_07_09_e2738812ec9849f41668g.tex
Не найдено,Не найдено,Не найдено,2023_07_09_e406d24f6e60eda4701ag.tex
Не найдено,Не найдено,Не найдено,2023_07_09_e44a1e75f1faea285edcg.tex
Не найдено,Не найдено,Не найдено,2023_07_09_e4d0fd8fd0c9d23f638ag.tex
Не найдено,Не найдено,Не найдено,2023_07_09_e4f4178f0864ddc7aa7cg.tex
Не найдено,Не найдено,Не найдено,2023_07_09_e6ee5c536b1ccd5fd2aeg.tex
Не найдено,Не найдено,Не найдено,2023_07_09_e700a3f655710d57cd35g.tex
Не найдено,Не найдено,Не найдено,2023_07_09_e892e126f5b307ed1960g.tex
Не найдено,Не найдено,Не найдено,2023_07_09_e8c046bf89af90120d3cg.tex
Не найдено,Не найдено,Не найдено,2023_07_09_e942722163dd1062e6a1g.tex
Не найдено,Не найдено,Не найдено,2023_07_09_ea01dc22173e2e44d1e4g.tex
Не найдено,Не найдено,Не найдено,2023_07_09_ea0bd083229ceac547b6g.tex
Не найдено,Не найдено,Не найдено,2023_07_09_ea29a167aa6987b506fcg.tex
Не найдено,Не найдено,Не найдено,2023_07_09_ea2cab7374295ce91ae9g.tex
Не найдено,Не найдено,Не найдено,2023_07_09_eab5c1274817433644c1g.tex
Не найдено,Не найдено,Не найдено,2023_07_09_eaf6531b4404acd852d1g.tex
Не найдено,Не найдено,Не найдено,2023_07_09_eaff7f880c8955b51f71g.tex
Не найдено,Не найдено,Не найдено,2023_07_09_eb1d57cd8549bc8a39e9g.tex
Не найдено,Не найдено,Не найдено,2023_07_09_eb4ea19c10ad99f19911g.tex
Не найдено,Не найдено,Не найдено,2023_07_09_ebfad6c4dfe3ef657aa6g.tex
Не найдено,Не найдено,Не найдено,2023_07_09_ec67b0a34343a44edab4g.tex
Не найдено,Не найдено,Не найдено,2023_07_09_ec7bb519de6655bea482g.tex
Не найдено,Не найдено,Не найдено,2023_07_09_ec9db95e8b151f9f37c9g.tex
Не найдено,Не найдено,Не найдено,2023_07_09_ed0245a3a907602d82a9g.tex
Не найдено,Не найдено,Не найдено,2023_07_09_edea514966317620b458g.tex
Не найдено,Не найдено,Не найдено,2023_07_09_ee901b296d65de4a5386g.tex
Не найдено,Не найдено,Не найдено,2023_07_09_eed455009745e791081eg.tex
Не найдено,Не найдено,Не найдено,2023_07_09_eee25bbe5a21f1daf2ceg.tex
Не найдено,Не найдено,Не найдено,2023_07_09_ef7deed2a27fdd17de13g.tex
Не найдено,Не найдено,Не найдено,2023_07_09_efa54c6aa5b249b8b417g.tex
Не найдено,Не найдено,Не найдено,2023_07_09_efc753bff21df0bb2a65g.tex
Не найдено,Не найдено,Не найдено,2023_07_09_f0261d60fda804dde705g.tex
Не найдено,Не найдено,Не найдено,2023_07_09_f056f71f4dc5782e8f60g.tex
Не найдено,Не найдено,Не найдено,2023_07_09_f0acde38d5afc03d959bg.tex
Не найдено,Не найдено,Не найдено,2023_07_09_f1020ec07170f2a86ed9g.tex
Не найдено,Не найдено,Не найдено,2023_07_09_f11aefc4a610aea3782ag.tex
Не найдено,Не найдено,Не найдено,2023_07_09_f139b2c147ae673957c7g.tex
Не найдено,Не найдено,Не найдено,2023_07_09_f14aa2f6c4a8bbf357a4g.tex
Не найдено,Не найдено,Не найдено,2023_07_09_f25dce338f53fa301831g.tex
Не найдено,Не найдено,Не найдено,2023_07_09_f2ddd4443782e9ebd505g.tex
Не найдено,Не найдено,Не найдено,2023_07_09_f352542cd42b112e37f2g.tex
Не найдено,Не найдено,Не найдено,2023_07_09_f370a520ead4dc27a939g.tex
Не найдено,Не найдено,Не найдено,2023_07_09_f39e1be00372afbe967fg.tex
$\mathbf{C,Не найдено,Не найдено,2023_07_09_f4887c447f9658756dc5g.tex
Не найдено,Не найдено,Не найдено,2023_07_09_f4a0261d535a71a618bbg.tex
Не найдено,Не найдено,Не найдено,2023_07_09_f52fed91c3b54670b6d3g.tex
Не найдено,Не найдено,Не найдено,2023_07_09_f55603dd9c10af96549dg.tex
Не найдено,Не найдено,Не найдено,2023_07_09_f67d456a3948af2f01f8g.tex
Не найдено,Не найдено,Не найдено,2023_07_09_f6a7dcd2888bab9f4d79g.tex
Не найдено,Не найдено,Не найдено,2023_07_09_f8da252c01d3a3031322g.tex
Не найдено,Не найдено,Не найдено,2023_07_09_f93fb622b763b3f8444fg.tex
Не найдено,Не найдено,Не найдено,2023_07_09_f9fc7a279382b59c8a2cg.tex
Не найдено,Не найдено,Не найдено,2023_07_09_fa66a5305206dbe94268g.tex
Не найдено,Не найдено,Не найдено,2023_07_09_faa163f19accfe2a2ddag.tex
Не найдено,Не найдено,Не найдено,2023_07_09_fbe64bb64f9d0ddbc9dbg.tex
Не найдено,Не найдено,Не найдено,2023_07_09_fca61bf1eeefe838a332g.tex
Не найдено,Не найдено,Не найдено,2023_07_09_fcd300a8bea8f36a5de5g.tex
Не найдено,Не найдено,Не найдено,2023_07_09_fce1d78fd312639cdbceg.tex
Не найдено,Не найдено,Не найдено,2023_07_09_fe214dbe9e525639254fg.tex
Не найдено,Не найдено,Не найдено,2023_07_09_fee293565a39d514e757g.tex
Не найдено,Не найдено,Не найдено,2023_07_09_ff7e179a1a6e5be33ed0g.tex
Не найдено,Не найдено,Не найдено,AARUT.TEX
Не найдено,Не найдено,Не найдено,abashkin.tex
Не найдено,Не найдено,Не найдено,abdullayev.tex
Не найдено,Не найдено,Не найдено,abgaryan.tex
Не найдено,Не найдено,Не найдено,Abgaryn.tex
Электронный каталог орбитальной эволюции малых тел Солнечной системы: разработка информационной базы и~интернет-ресурса,"В.\,В.~Абрамов",Не найдено,abramov.tex
Не найдено,Не найдено,Не найдено,abst-bening.tex
Не найдено,Не найдено,Не найдено,Abst-Eng-Sinits.tex
Не найдено,Не найдено,Не найдено,Abst.tex
Не найдено,Не найдено,Risk analysis requires at least a rough estimate of the probability of problematic situations in the implementation of security policy. Such estimates can be obtained in the analysis of conflicts in security policies using models of random graphs. In this paper we consider two examples of conflicts in security policy and construct a model of random graphs for their research. The results of analysis were used to evaluate the influence of certain parameters of random graphs on the probability of the existence of conflicts and complexity of search algorithms in a real conflict security policies.,abstr-eng-grusho.tex
Не найдено,Не найдено,Не найдено,Abstract.tex
Не найдено,Не найдено,Не найдено,AbstractEng-Agalarov.tex
Не найдено,Не найдено,Не найдено,abstractEng-Egorov.tex
Не найдено,Не найдено,Не найдено,AbstractEng-Kozmidiady.tex
Не найдено,Не найдено,Не найдено,AbstractEng-PechFren.tex
Не найдено,Не найдено,Не найдено,AbstractEng-Pechinkin.tex
Не найдено,Не найдено,Не найдено,AbstractEng-Suhkomlin.tex
Не найдено,Не найдено,Не найдено,AbstractEng-Ushmaev.tex
Не найдено,Не найдено,Не найдено,abstractEng-Zatsman.TEX
Не найдено,Не найдено,Не найдено,abstracts.tex
Не найдено,Не найдено,Не найдено,adam+volk.tex
Не найдено,Не найдено,Не найдено,adam+volkov.tex
Не найдено,Не найдено,Не найдено,adam-vol.tex
Не найдено,Не найдено,Не найдено,adam-volkov.tex
Не найдено,Не найдено,Не найдено,adam.tex
Не найдено,Не найдено,Не найдено,adamovich.tex
Не найдено,Не найдено,Не найдено,adigeev.tex
Не найдено,Не найдено,Не найдено,adu.tex
Не найдено,Не найдено,Не найдено,afa.tex
"Ускорение обучения нейронной сети для распознавания изображений с помощью технологии

NVIDIA CUDA","А.\,А.~Ферцев",Не найдено,afertsev.tex
"Моделирование процесса ползучести с~уч\""eтом стадии предразрушения и~идентификация модели","К.\,А.~Агахи, Ю.\,Г.~Басалов, В.\,Н.~Кузнецов, Л.\,В.~Фомин",Не найдено,agahi.tex
Не найдено,Не найдено,Не найдено,agalar.tex
Не найдено,Не найдено,Не найдено,AGALAROV.TEX
Не найдено,Не найдено,Не найдено,agasan.tex
Не найдено,Не найдено,Не найдено,agasand.tex
Не найдено,Не найдено,Не найдено,agasandyan.tex
Не найдено,Не найдено,Не найдено,AILICH.TEX
Не найдено,Не найдено,Не найдено,alad.tex
Не найдено,Не найдено,Не найдено,aldashev.tex
Об оптимальной конфигурации обманных систем~в~компьютерной сети предприятия,"Ю.~В.~Алейнов, И.~Н.~Саушкин",Не найдено,aleinov.tex
Не найдено,Не найдено,Не найдено,aleksandrov.tex
Не найдено,Не найдено,Не найдено,aleshin.tex
Не найдено,Не найдено,Не найдено,alex.tex
Не найдено,Не найдено,Не найдено,alexeeva.tex
Не найдено,Не найдено,Не найдено,aliev.tex
Нелокальная краевая задача В.~А.~Стеклова второго класса для простейших уравнений математической физики,"А.\,А.~Алиханов",Не найдено,alikhanov.tex
Не найдено,Не найдено,Не найдено,Aliu.tex
"Термодинамический расч\""eт температуры и~состава продуктов горения пиротехнических и~газогенерирующих зарядов для наддува порошковых огнетушителей","О.\,И.~Алтухов\inst{1",Не найдено,altuhov.tex
Не найдено,Не найдено,Не найдено,anashin.tex
Не найдено,Не найдено,Не найдено,andr-itsik.tex
"Граничное управление процессами, описываемыми системами гиперболических уравнений","А.\,А.~Андреев, Е.\,А.~Козлова, С.\,В.~Лексина

",Не найдено,andreev.kozlova.tex
Не найдено,Не найдено,Не найдено,andreev.tex
Решение одномерных задач пластичности для~разупрочняющегося материала,"Е.\,А.~Андреева",Не найдено,andreeva.tex
Характеристическая задача для системы гиперболических дифференциальных уравнений третьего порядка общего вида с~некратными характеристиками,"А.\,А.~Андреев, Ю.\,О.~Яковлева",Не найдено,andreev_yakovleva.tex
Не найдено,Не найдено,Не найдено,andrianova.tex
Не найдено,Не найдено,Не найдено,anikin.tex
Не найдено,Не найдено,Не найдено,anisimov.tex
Об устойчивости решений уравнений взаимодействия упругих стенок каналов с~протекающей жидкостью,"А.\,В.~Анкилов, П.\,А.~Вельмисов",Не найдено,ankilov.tex
"О решениях интегро""=дифференциальных уравнений в задаче  динамики одной аэроупругой системы типа <<тандем>>","А.\,В.~Анкилов, П.\,А.~Вельмисов, Е.\,П.~Семенова",Не найдено,ankilov2.tex
Не найдено,Не найдено,Не найдено,annot-eng+avtor-bening.tex
Не найдено,Не найдено,Не найдено,Annot-eng-bening-sipova.tex
Не найдено,Не найдено,Не найдено,ANNOUNC.TEX
"Низкочастотные длинноволновые приближения тр\""eхмерных динамических уравнений для~случая

двухслойной вязкоупругой пластины","Н.\,С.~Анофрикова, М.\,В.~Вильде",Не найдено,anofrikova.tex
Не найдено,Не найдено,Не найдено,antonenko.tex
Уровни энергии и собственные волновые функции~электронов систем квантовых колец в~магнитном поле,"Е.\,В.~Антропова, А.\,А.~Брызгалов, Ф.\,И.~Карманов",Не найдено,antropova.tex
Не найдено,Не найдено,Не найдено,aptukov.tex
Не найдено,Не найдено,Не найдено,ardazishvili.tex
О нелокальных космологических уравнениях на~полуоси,"И.\,Я.~Арефьева, И.\,В.~Волович",Не найдено,are-vol.tex
Не найдено,Не найдено,Не найдено,arhipov.tex
"Об одном классе аналитических решений стационарной осесимметричной конвекции Бенара""--~Марангони вязкой несжимаемой жидкости",С.~Н.~Аристов\inst{1,Не найдено,aristov.tex
Не найдено,Не найдено,Не найдено,arkhang.tex
Не найдено,Не найдено,Не найдено,arkhipov.tex
"Критерий единственности решения задачи Дирихле  для  нагруженного уравнения с оператором Лаврентьева""--~Бицадзе","О.\,А.~Архипова",Не найдено,arkhipova.tex
"Задача со смещением для уравнения Бицадзе""--~Лыкова","Е.\,Ю.~Арланова",Не найдено,arlanova.tex
Не найдено,Не найдено,Не найдено,ART.TEX
Не найдено,Не найдено,Не найдено,artamonov.tex
Не найдено,Не найдено,Не найдено,artuhov.tex
Не найдено,Не найдено,Не найдено,arutun.tex
Нелинейные уравнения с~весовыми операторами типа потенциала в~пространствах Лебега,"С.\,Н.~Асхабов",Не найдено,askhab.tex
Не найдено,Не найдено,Не найдено,attaev.tex
Не найдено,Не найдено,Не найдено,aut-eng.tex
Не найдено,Не найдено,Не найдено,aut-rus.tex
"Общая схема решения краевой задачи нестационарной теплопроводности

с~внутренними источниками теплоты для многослойных конструкций","Б.\,В.~Аверин",Не найдено,averin.tex
"О~тепловой устойчивости многослойных плоских стенок при нагреве

внутренними источниками, зависящими от температуры","Б.\,В.~Аверин",Не найдено,averin104.tex
Ультраметрика как принцип организации белковых молекул: кинетика связывания СО миоглобином,"В.\,А.~Аветисов\inst1, А.\,Х.~Бикулов\inst1, А.\,П.~Зубарев\inst2",Не найдено,avetisov.tex
Не найдено,Не найдено,Не найдено,avt-eng.tex
Не найдено,Не найдено,Не найдено,avtor-eng.tex
Не найдено,Не найдено,Не найдено,avtor-mashechkin.tex
Не найдено,Не найдено,Не найдено,avtor.tex
Не найдено,Не найдено,Не найдено,avtorChuprunov.tex
Не найдено,Не найдено,Не найдено,azanov.tex
Не найдено,Не найдено,Не найдено,badokina.tex
"Эпитаксия, структурно""=фазовое и магнитное состояние пл\""eнок, синтезированных в~лазерной плазме~N\lowercase{i","А.\,Г.~Багмут, И.\,Г.~Шипкова, В.\,А.~Жучков",Не найдено,bagmut.tex
Не найдено,Не найдено,Не найдено,bahteev.tex
Не найдено,Не найдено,Не найдено,bainev.tex
Не найдено,Не найдено,Не найдено,balkizov.tex
"О некоторых задачах сопряжения уравнений параболического и~гиперболического типов с~интегро-диф\-фе\-рен\-циаль\-ными условиями

на границе раздела областей","В.\,А.~Елеев, А.\,Х.~Балкизова",Не найдено,balkizova.tex
Не найдено,Не найдено,Не найдено,BAR-ENG.TEX
Не найдено,Не найдено,Не найдено,BARANOV.TEX
Не найдено,Не найдено,Не найдено,barseghyan.tex
Не найдено,Не найдено,Не найдено,BARUT.TEX
К вопросу о~предельном распределении серий в~случайной двоичной последовательности,"В.\,А.~Барвинок, В.\,И.~Богданович, А.\,Н.~Плотников",Не найдено,barvinok.tex
Не найдено,Не найдено,Не найдено,basha.tex
"Математическое моделирование длительной прочности толстостенных труб 

на основе концепции интегрально""=среднего эквивалентного 

напряжения","Е.\,В.~Башкинова",Не найдено,bashkinova.tex
Не найдено,Не найдено,Не найдено,bashkirov.tex
Не найдено,Не найдено,Не найдено,basok.tex
Не найдено,Не найдено,Не найдено,batrak.tex
Не найдено,Не найдено,Не найдено,bazilevski.tex
Не найдено,Не найдено,Не найдено,bazilevskii.tex
Не найдено,Не найдено,Не найдено,begishev.tex
Не найдено,Не найдено,Не найдено,beibalaev.tex
О разрешимости обратной задачи для гиперболического уравнения с~интегральным условием переопределения,"Н.\,В.~Бейлина",Не найдено,beilina.tex
Термодинамика вязкой жидкости с~точки зрения наблюдателя,"М.\,Ю.~Белевич",Не найдено,belevich.tex
Компьютерное моделирование перспективных космических рефлекторов,"А.\,В.~Бельков\inst{1",Не найдено,belkov.tex
Не найдено,Не найдено,Не найдено,belozerov.tex
"Матричный метод расч\""eта перерассеяния волн в~периодической структуре","Ю.\,Н.~Беляев",Не найдено,belyaev.tex
Анализ нелинейной динамической модели течения Куэтта структурированной жидкости в плоском зазоре,"Н.\,А.~Беляева, К.\,П.~Кузнецов",Не найдено,belyaeva.tex
Не найдено,Не найдено,Не найдено,belyaev_updated.tex
Не найдено,Не найдено,Не найдено,belyh.tex
Не найдено,Не найдено,Не найдено,benderina.tex
Не найдено,Не найдено,Не найдено,bening.tex
Не найдено,Не найдено,Не найдено,berdnikov.tex
Не найдено,Не найдено,Не найдено,BEREST2.TEX
Не найдено,Не найдено,Не найдено,berezin.tex
"Об уравнении состояния, сжимаемости и~внутреннем давлении в~металлах с~ОЦК,~ГЦК~и~ГПУ~реш\""eтками","Б.\,И.~Бертяев, И.\,И.~Реут",Не найдено,bertyaev.tex
Не найдено,Не найдено,Не найдено,beschast.tex
Не найдено,Не найдено,Не найдено,beschastn.tex
"Метод Римана для решения нелокальных краевых задач для псевдопараболических уравнений третьего порядка

",M.~Х.~Бештоков,Не найдено,beshtokov.tex
Не найдено,Не найдено,Не найдено,betelin.tex
Не найдено,Не найдено,Не найдено,beybalaev.tex
Не найдено,Не найдено,Не найдено,beylin.tex
О существовании решения одной нелокальной задачи для уравнения Лапласа,"Н.\,В.~Бейлина",Не найдено,beylina.tex
Не найдено,Не найдено,Не найдено,bezzub.tex
Не найдено,Не найдено,Не найдено,bibl-new.tex
Не найдено,Не найдено,Не найдено,bibl-sinit.tex
Не найдено,Не найдено,Не найдено,bibl.tex
Не найдено,Не найдено,Не найдено,BILICH.TEX
Не найдено,Не найдено,Не найдено,biller.tex
Не найдено,Не найдено,Не найдено,birukova.tex
Не найдено,Не найдено,Не найдено,birykov.tex
Не найдено,Не найдено,Не найдено,biryukov.tex
Не найдено,Не найдено,Не найдено,Bistrov.tex
Не найдено,Не найдено,Не найдено,bitbos.tex
Не найдено,Не найдено,Не найдено,bitkin.tex
Исследование влияния технологических факторов на остаточные напряжения в~волокнистом композите,"Е.\,В.~Биткина\inst{1",Не найдено,bitkina.tex
Не найдено,Не найдено,Не найдено,bitukov.tex
"Продольный удар о ж\""eсткую преграду однородного и ступенчатого стержней при понижении продольной ж\""eсткости","А.\,А.~Битюрин, В.\,К.~Манжосов",Не найдено,biturin.tex
Не найдено,Не найдено,Не найдено,BMPS.TEX
Не найдено,Не найдено,Не найдено,bobrikova.tex
Не найдено,Не найдено,Не найдено,bobyl.tex
Не найдено,Не найдено,Не найдено,bobyr.tex
Не найдено,Не найдено,Не найдено,bochkarev.tex
Антиплоская деформация цилиндрически анизотропного упругого стержня,"Ю.\,А.~Боган ",Не найдено,bogan.tex
Не найдено,Не найдено,Не найдено,bogdan.tex
Не найдено,Не найдено,Не найдено,bogdanova.tex
Не найдено,Не найдено,Не найдено,bor-bos-zh-i.tex
Не найдено,Не найдено,Не найдено,borisov-2.tex
Не найдено,Не найдено,Не найдено,Borisov-Bosov.tex
Не найдено,Не найдено,Не найдено,BORISOV.TEX
Не найдено,Не найдено,Не найдено,borisov3-new.tex
Не найдено,Не найдено,Не найдено,borisov4.tex
Моделирование температурной зависимости стационарного потока в~задаче водородопроницаемости,"Е.\,П.~Борматова",Не найдено,bormatova.tex
Не найдено,Не найдено,Не найдено,borodak.tex
Не найдено,Не найдено,Не найдено,borodin.tex
Не найдено,Не найдено,Не найдено,Borodina.tex
Не найдено,Не найдено,Не найдено,bos3-old.tex
Не найдено,Не найдено,Не найдено,bosov+borisov.tex
Не найдено,Не найдено,Не найдено,bosov+stef.tex
Не найдено,Не найдено,Не найдено,bosov+suchkov.tex
Не найдено,Не найдено,Не найдено,bosov-Ivanov.tex
Не найдено,Не найдено,Не найдено,bosov-naumov.tex
Не найдено,Не найдено,Не найдено,bosov-old.tex
Не найдено,Не найдено,Не найдено,bosov-suchkov.tex
Не найдено,Не найдено,Не найдено,Bosov.tex
Не найдено,Не найдено,Не найдено,br-stup.tex
Не найдено,Не найдено,Не найдено,bronshtein.tex
Не найдено,Не найдено,Не найдено,bronstein.tex
"Временная динамика волновых функций электронов тр\""eхмерного квантового кольца в~переменном магнитном поле","А.\,А.~Брызгалов, Ф.\,И.~Карманов",Не найдено,bryzgalov.tex
Исследование разрушения и кинетики обезуглероживания толстостенной трубы в~условиях водородной коррозии,"С.\,А.~Бубнов\inst{1",Не найдено,bubnov.tex
Не найдено,Не найдено,Не найдено,Budzko-sochenkov.tex
"Условие пластичности, связанное с линиями уровня поверхности деформационных состояний,

и~особенности его приложения в~теории идеальной пластичности","А.\,А.~Буханько",Не найдено,bukhanko.tex
Не найдено,Не найдено,Не найдено,bulgakova.tex
Не найдено,Не найдено,Не найдено,burenin.tex
Не найдено,Не найдено,Не найдено,burl+yak.tex
Не найдено,Не найдено,Не найдено,burmasheva.tex
Не найдено,Не найдено,Не найдено,burskii.tex
Не найдено,Не найдено,Не найдено,Burtseva.tex
Не найдено,Не найдено,Не найдено,butenko.tex
Не найдено,Не найдено,Не найдено,butov.tex
Не найдено,Не найдено,Не найдено,buyanov.tex
Перколяция вытянутых эллипсоидов вращения в~континууме,"М.\,М.~Бузмакова",Не найдено,buzmakova.tex
Некоторые свойства ядер уравнений Фредгольма второго рода,"М.\,А.~Бузова",Не найдено,buzova.tex
Не найдено,Не найдено,Не найдено,bystrov.tex
"Исследование напряж\""eнно""=деформированного состояния асимметрично""=упругих пластин","\fbox{В.\,О.~Бытев",Не найдено,bytev.tex
Не найдено,Не найдено,Не найдено,CARUT.TEX
Не найдено,Не найдено,Не найдено,CH-ENG.TEX
Не найдено,Не найдено,Не найдено,ch.tex
Не найдено,Не найдено,Не найдено,CH1.TEX
Не найдено,Не найдено,Не найдено,ch2.tex
Не найдено,Не найдено,Не найдено,ch3.tex
Не найдено,Не найдено,Не найдено,ch4.tex
Не найдено,Не найдено,Не найдено,ch5.tex
Не найдено,Не найдено,Не найдено,CH6.TEX
Не найдено,Не найдено,Не найдено,ch7.tex
Не найдено,Не найдено,Не найдено,ch8.tex
"Задача Коши в~локально""=нелокальной постановке для нелинейного уравнения дробного порядка в~определ\""eнном классе","В.\,А.~Чадаев",Не найдено,chadaev.tex
Не найдено,Не найдено,Не найдено,CHAPL.TEX
Математическая модель витой пары радиочастотного кабеля объекта управления,"Б.\,К.~Чостковский, Д.\,А.~Смородинов",Не найдено,ChastSM.tex
Решение краевых задач для вырождающегося B-эллип\-ти\-чес\-кого уравнения второго рода методом~потенциалов,"Э.\,В.~Чеботарева",Не найдено,chebotareva.tex
Не найдено,Не найдено,Не найдено,chehovich.tex
Многообразия линейных алгебр полиномиального~роста,О.~И.~Череватенко,Не найдено,cherevatenko.tex
Не найдено,Не найдено,Не найдено,Chernikov.tex
Не найдено,Не найдено,Не найдено,chernous.tex
Не найдено,Не найдено,Не найдено,chernyshev.tex
Не найдено,Не найдено,Не найдено,chertok.tex
Точные космологические решения для~фантомных~полей$^*$,"С.\,В.~Червон\inst{1",Не найдено,chervon.tex
Не найдено,Не найдено,Не найдено,CHICHAGOV.tex
Не найдено,Не найдено,Не найдено,chichig.tex
Не найдено,Не найдено,Не найдено,chirkunov.tex
Не найдено,Не найдено,Не найдено,chit-kalash.tex
Не найдено,Не найдено,Не найдено,Chitalov.tex
Не найдено,Не найдено,Не найдено,chizhov-sdn.tex
Не найдено,Не найдено,Не найдено,chizhov-zod.tex
Экспресс-контроль за источником загрязнения атмосферы на основе метода последовательной функциональной аппроксимации,"А.\,А.~Чубатов, В.\,Н.~Кармазин",Не найдено,chubatov.tex
Не найдено,Не найдено,Не найдено,chubatov_about_authors.tex
Не найдено,Не найдено,Не найдено,chubich.tex
Не найдено,Не найдено,Не найдено,chukhno.tex
Не найдено,Не найдено,Не найдено,Chuprakov.tex
О~совместимости корпускулярных и~волновых свойств частицы в~двухщелевом эксперименте,"Н.\,Л.~Чуприков",Не найдено,chuprikov.tex
Не найдено,Не найдено,Не найдено,chuprinov.tex
Не найдено,Не найдено,Не найдено,chuprunov.tex
Не найдено,Не найдено,Не найдено,CON-ENS.TEX
Не найдено,Не найдено,Не найдено,CON-RUS.TEX
Не найдено,Не найдено,Не найдено,CONT0104.TEX
Не найдено,Не найдено,Не найдено,CONT0105.TEX
Не найдено,Не найдено,Не найдено,CONT0204.TEX
Не найдено,Не найдено,Не найдено,CONT0205.TEX
Не найдено,Не найдено,Не найдено,CONT0304.TEX
Не найдено,Не найдено,Не найдено,CONT0305.TEX
Не найдено,Не найдено,Не найдено,CONT0403.TEX
Не найдено,Не найдено,Не найдено,CONT0404.TEX
Не найдено,Не найдено,Не найдено,CONT0405.TEX
Не найдено,Не найдено,Не найдено,CONT0503.TEX
Не найдено,Не найдено,Не найдено,CONT0504.TEX
Не найдено,Не найдено,Не найдено,CONT0505.TEX
Не найдено,Не найдено,Не найдено,CONT0603.TEX
Не найдено,Не найдено,Не найдено,CONT0604.TEX
Не найдено,Не найдено,Не найдено,CONT0605.TEX
Не найдено,Не найдено,Не найдено,cont0703.tex
Не найдено,Не найдено,Не найдено,CONT0704.TEX
Не найдено,Не найдено,Не найдено,CONT0705.TEX
Не найдено,Не найдено,Не найдено,CONT0804.TEX
Не найдено,Не найдено,Не найдено,CONT0805.TEX
Не найдено,Не найдено,Не найдено,CONT0904.TEX
Не найдено,Не найдено,Не найдено,CONT0905.TEX
Не найдено,Не найдено,Не найдено,CONT100.TEX
Не найдено,Не найдено,Не найдено,CONT1000.TEX
Не найдено,Не найдено,Не найдено,CONT1001.TEX
Не найдено,Не найдено,Не найдено,CONT1002.TEX
Не найдено,Не найдено,Не найдено,CONT1003.TEX
Не найдено,Не найдено,Не найдено,CONT1004.TEX
Не найдено,Не найдено,Не найдено,CONT1005.TEX
Не найдено,Не найдено,Не найдено,CONT101.TEX
Не найдено,Не найдено,Не найдено,CONT102.TEX
Не найдено,Не найдено,Не найдено,CONT103.TEX
Не найдено,Не найдено,Не найдено,CONT1097.TEX
Не найдено,Не найдено,Не найдено,CONT1098.TEX
Не найдено,Не найдено,Не найдено,CONT1099.TEX
Не найдено,Не найдено,Не найдено,CONT1100.TEX
Не найдено,Не найдено,Не найдено,CONT1101.TEX
Не найдено,Не найдено,Не найдено,CONT1102.TEX
Не найдено,Не найдено,Не найдено,CONT1103.TEX
Не найдено,Не найдено,Не найдено,CONT1104.TEX
Не найдено,Не найдено,Не найдено,CONT1105.TEX
Не найдено,Не найдено,Не найдено,CONT1197.TEX
Не найдено,Не найдено,Не найдено,CONT1198.TEX
Не найдено,Не найдено,Не найдено,CONT1199.TEX
Не найдено,Не найдено,Не найдено,CONT1200.TEX
Не найдено,Не найдено,Не найдено,CONT1201.TEX
Не найдено,Не найдено,Не найдено,CONT1202.TEX
Не найдено,Не найдено,Не найдено,cont1203.tex
Не найдено,Не найдено,Не найдено,CONT1204.TEX
Не найдено,Не найдено,Не найдено,CONT1297.TEX
Не найдено,Не найдено,Не найдено,CONT1298.TEX
Не найдено,Не найдено,Не найдено,CONT1299.TEX
Не найдено,Не найдено,Не найдено,CONT198.TEX
Не найдено,Не найдено,Не найдено,CONT199.TEX
Не найдено,Не найдено,Не найдено,CONT1997.TEX
Не найдено,Не найдено,Не найдено,CONT1998.TEX
Не найдено,Не найдено,Не найдено,CONT1999.TEX
Не найдено,Не найдено,Не найдено,CONT200.TEX
Не найдено,Не найдено,Не найдено,CONT2000.TEX
Не найдено,Не найдено,Не найдено,CONT2001.TEX
Не найдено,Не найдено,Не найдено,CONT2002.TEX
Не найдено,Не найдено,Не найдено,CONT2003.TEX
Не найдено,Не найдено,Не найдено,CONT2004.TEX
Не найдено,Не найдено,Не найдено,CONT201.TEX
Не найдено,Не найдено,Не найдено,CONT202.TEX
Не найдено,Не найдено,Не найдено,CONT203.TEX
Не найдено,Не найдено,Не найдено,CONT298.TEX
Не найдено,Не найдено,Не найдено,CONT299.TEX
Не найдено,Не найдено,Не найдено,CONT300.TEX
Не найдено,Не найдено,Не найдено,CONT301.TEX
Не найдено,Не найдено,Не найдено,cont302.tex
Не найдено,Не найдено,Не найдено,cont303.TEX
Не найдено,Не найдено,Не найдено,CONT398.TEX
Не найдено,Не найдено,Не найдено,CONT399.TEX
Не найдено,Не найдено,Не найдено,CONT400.TEX
Не найдено,Не найдено,Не найдено,CONT401.TEX
Не найдено,Не найдено,Не найдено,cont402.tex
Не найдено,Не найдено,Не найдено,CONT497.TEX
Не найдено,Не найдено,Не найдено,CONT498.TEX
Не найдено,Не найдено,Не найдено,CONT499.TEX
Не найдено,Не найдено,Не найдено,CONT500.TEX
Не найдено,Не найдено,Не найдено,CONT501.TEX
Не найдено,Не найдено,Не найдено,cont502.tex
Не найдено,Не найдено,Не найдено,CONT597.TEX
Не найдено,Не найдено,Не найдено,CONT598.TEX
Не найдено,Не найдено,Не найдено,CONT599.TEX
Не найдено,Не найдено,Не найдено,CONT600.TEX
Не найдено,Не найдено,Не найдено,CONT601.TEX
Не найдено,Не найдено,Не найдено,CONT602.TEX
Не найдено,Не найдено,Не найдено,CONT697.TEX
Не найдено,Не найдено,Не найдено,CONT698.TEX
Не найдено,Не найдено,Не найдено,CONT699.TEX
Не найдено,Не найдено,Не найдено,CONT700.TEX
Не найдено,Не найдено,Не найдено,CONT701.TEX
Не найдено,Не найдено,Не найдено,cont702.tex
Не найдено,Не найдено,Не найдено,CONT797.TEX
Не найдено,Не найдено,Не найдено,CONT798.TEX
Не найдено,Не найдено,Не найдено,CONT799.TEX
Не найдено,Не найдено,Не найдено,CONT800.TEX
Не найдено,Не найдено,Не найдено,CONT801.TEX
Не найдено,Не найдено,Не найдено,CONT802.TEX
Не найдено,Не найдено,Не найдено,CONT803.TEX
Не найдено,Не найдено,Не найдено,CONT897.TEX
Не найдено,Не найдено,Не найдено,CONT898.TEX
Не найдено,Не найдено,Не найдено,CONT899.TEX
Не найдено,Не найдено,Не найдено,CONT900.TEX
Не найдено,Не найдено,Не найдено,CONT901.TEX
Не найдено,Не найдено,Не найдено,CONt902.TEX
Не найдено,Не найдено,Не найдено,CONT903.TEX
Не найдено,Не найдено,Не найдено,CONT997.TEX
Не найдено,Не найдено,Не найдено,CONT998.TEX
Не найдено,Не найдено,Не найдено,CONT999.TEX
Не найдено,Не найдено,Не найдено,contents.tex
Не найдено,Не найдено,Не найдено,contest.tex
Не найдено,Не найдено,Не найдено,COVER3.TEX
Не найдено,Не найдено,Не найдено,cristof.tex
Не найдено,Не найдено,Не найдено,danilishin.tex
Концентрация напряжений в слое тканого композита с~локальными дефектами при~двухосном однородном равнокомпонентном макродеформировании,"Д.~В.~Дедков, А.~В.~Зайцев",Не найдено,dedkov.tex
Методы планирования экстремальных экспериментов в~задачах оптимизации пластин~и~оболочек,"Н.\,Н.~Столяров, Н.\,И.~Дедов, В.\,Н.~Исуткина",Не найдено,dedov.tex
Экспериментальное исследование механических свойств непрерывного базальтового волокна применительно к~производству композитных материалов,"А.\,Г.~Демешкин, А.\,А.~Шваб",Не найдено,demeshkin.tex
Не найдено,Не найдено,Не найдено,demin.tex
Разработка программного обеспечения для~автоматизации процесса создания банка данных эволюции орбит астероидов,"С.\,С.~Денисов",Не найдено,denisov.tex
Не найдено,Не найдено,Не найдено,derevyanka.tex
"Решение задачи недифференцируемой  оптимизации для~объекта с~распредел\""eнными параметрами на основе приближенной квазиасимптотической модели","Н.\,В.~Дилигенский, А.\,П.~Ефимов",Не найдено,diligenskiy.tex
Нелокальная задача с нелинейным интегральным условием для гиперболического уравнения,"В.\,Б.~Дмитриев",Не найдено,dmitr.tex
Не найдено,Не найдено,Не найдено,dnestryan.tex
Свойства графов задач сетевого планирования и~управления,"А.\,В.~Докучаев, А.\,П.~Котенко",Не найдено,docuchaev.tex
Оптимизация привлечения дополнительных ресурсов в сетевом планировании,"А.\,В.~Докучаев, А.\,П.~Котенко",Не найдено,dokuchaev.tex
Не найдено,Не найдено,Не найдено,dokukin.tex
Не найдено,Не найдено,Не найдено,dolev.tex
Не найдено,Не найдено,Не найдено,dolgopolov.tex
Не найдено,Не найдено,Не найдено,dolgopolov2.tex
Бифуркационные наборы расширенного потенциала Хиггса,"М.~В.~Долгополов, С.~П.~Заводов, Е.~Ю.~Петрова",Не найдено,dolgopolov3.tex
Экономичный метод многократного решения расширенных регуляризованных нормальных систем уравнений,"В.\,В.~Долишний, \,А.\,И.~Жданов",Не найдено,dolishniy.tex
Не найдено,Не найдено,Не найдено,Donskoy.tex
Не найдено,Не найдено,Не найдено,dorofeeva.tex
Не найдено,Не найдено,Не найдено,drobintsev.tex
Устойчивость метода стохастического динамического программирования с~переменными параметрами дискретизации,"К.\,А.~Дрозденко",Не найдено,drozdenko.tex
"Обобщ\""eнные функции, асимптотически однородные~вдоль траекторий неустойчивого вырожденного узла","Ю.\,Н.~Дрожжинов, Б.\,И.~Завьялов",Не найдено,drozzinov.tex
Не найдено,Не найдено,Не найдено,dubanov.tex
"Исследование процесса релаксации остаточных напряжений в~поверхностно упрочн\""eнном слое кругового 

отверстия пластины при~виброползучести","Е.\,В. Дубовова",Не найдено,dubovova.tex
Не найдено,Не найдено,Не найдено,dudarev.tex
Не найдено,Не найдено,Не найдено,dukhnovsky.tex
Не найдено,Не найдено,Не найдено,dukova.tex
Не найдено,Не найдено,Не найдено,dulchitskii.tex
Не найдено,Не найдено,Не найдено,dulin-nikishin.tex
Не найдено,Не найдено,Не найдено,dulin.tex
"Локальная разрешимость задачи определения пространственной части многомерного

ядра в~интегро""=дифференциальном уравнении гиперболического типа","Д.\,К.~Дурдиев\inst{1",Не найдено,durdiev.tex
Не найдено,Не найдено,Не найдено,durdiyev.tex
Не найдено,Не найдено,Не найдено,durnovo.tex
Нестационарные задачи динамики пластин и~цилиндрических оболочек вращения ступенчатого сечения,"Ю.\,П.~Дьяченко\inst{1",Не найдено,dyachenko.tex
Не найдено,Не найдено,Не найдено,dzhamalov.tex
Не найдено,Не найдено,Не найдено,EGOROV.TEX
Не найдено,Не найдено,Не найдено,Egorova+Zats.tex
Не найдено,Не найдено,Не найдено,egorova+zatsman.tex
Не найдено,Не найдено,Не найдено,egorova-zac.tex
Не найдено,Не найдено,Не найдено,egorova-zat.tex
Не найдено,Не найдено,Не найдено,Egorova-Zats.tex
Не найдено,Не найдено,Не найдено,Egorova-zatsman.tex
"О сходимости итерационной процедуры среднеквадратичного оценивания коэффициентов линейно-параметрической дискретной модели

колебаний систем с турбулентным трением","А.\,А.~Егорова, В.\,Е.~Зотеев",Не найдено,egorova.tex
Краевая задача для гибких осесимметрично нагруженных составных оболочек вращения и~стержневых систем,"Э.\,Я.~Еленицкий",Не найдено,elenitski.tex
Не найдено,Не найдено,Не найдено,encontents.tex
Не найдено,Не найдено,Не найдено,Eng-Abst-Sinits.tex
Не найдено,Не найдено,Не найдено,eng-index.tex
Не найдено,Не найдено,Не найдено,eng-sinits.tex
Не найдено,Не найдено,Не найдено,eng.tex
Не найдено,Не найдено,Не найдено,EngAbst-Avt-Milovanova.tex
Не найдено,Не найдено,Не найдено,EngAbstFazerChupr.tex
Не найдено,Не найдено,Не найдено,EngAbstrZeifman+Avtor.tex
Не найдено,Не найдено,Не найдено,enikeev.tex
Не найдено,Не найдено,Не найдено,enikeeva.tex
"Динамическая задача для спирально-многослойного неоднородного цилиндра с~уч\""eтом сил вязкого сопротивления","В.\,В.~Епишкин",Не найдено,epishkin.tex
Не найдено,Не найдено,Не найдено,eremin.tex
Не найдено,Не найдено,Не найдено,erofeeva-zah.tex
Не найдено,Не найдено,Не найдено,eroshenko.tex
Не найдено,Не найдено,Не найдено,erratum.tex
"Аналитическое решение задач циклического контактного теплообмена для системы 

двух плоских тел","М.\,А.~Евдокимов, В.\,В.~Стулин",Не найдено,evdokimov.tex
Не найдено,Не найдено,Не найдено,farh.tex
Не найдено,Не найдено,Не найдено,fedos.tex
Не найдено,Не найдено,Не найдено,fedoseev.tex
Модифицированный метод граничных элементов для решения связных задач математической~физики,"В.\,П.~Федотов",Не найдено,fedotov.tex
Не найдено,Не найдено,Не найдено,fedotova_rigistracia.tex
Не найдено,Не найдено,Не найдено,filipov.tex
Не найдено,Не найдено,Не найдено,flerov.tex
"Определение методом конечных элементов дополнительных остаточных

напряжений при~разрезке деталей ","В.\,Г.~Фокин, В.\,А.~Дмитриев",Не найдено,fokin.tex
Не найдено,Не найдено,Не найдено,fomin.tex
Моделирование тепловых волн в нелинейном анизотропном пространстве,"В.\,Ф.~Формалёв, И.\,А.~Селин, Е.\,Л.~Кузнецова",Не найдено,formalev.tex
Не найдено,Не найдено,Не найдено,frcorr-2.tex
Не найдено,Не найдено,Не найдено,frenkel.tex
Не найдено,Не найдено,Не найдено,gadamaka.tex
Не найдено,Не найдено,Не найдено,gaidamaka.tex
Не найдено,Не найдено,Не найдено,galina.tex
Не найдено,Не найдено,Не найдено,GAPONOVA.TEX
Не найдено,Не найдено,Не найдено,garanin.tex
Не найдено,Не найдено,Не найдено,gav-zats.tex
Не найдено,Не найдено,Не найдено,gavr.tex
Не найдено,Не найдено,Не найдено,gavrilov.tex
Не найдено,Не найдено,Не найдено,gaziz.tex
Не найдено,Не найдено,Не найдено,gershkevich.tex
"Обращение и описание некоторых потенциалов с~$L^p$""=плотностями в~неэллиптическом случае","А.\,В.~Гиль, А.\,И.~Задорожный, В.\,А.~Ногин",Не найдено,gil.tex
Не найдено,Не найдено,Не найдено,gilyazov.tex
Не найдено,Не найдено,Не найдено,gimaltdinova.tex
Не найдено,Не найдено,Не найдено,GKP2.TEX
Смешанная задача с интегральным условием для~гиперболического уравнения,"Н.\,Д.~Голубева",Не найдено,golubeva.tex
"Феноменологическая стохастическая модель изотермической ползучести 

поливинилхлоридного пластиката","В.\,П.~Радченко, Е.\,П.~Голудин",Не найдено,"goludin,radchenko.tex"
"Вариант стохастической модели неизотермической ползучести

поливинилхлоридного пластиката","Е.\,П.~Голудин",Не найдено,goludin.tex
"Анализ напряж\""eнно""=деформированного состояния и гемодинамики коронарных артерий и~желудочков сердца человека","А.\,А.~Голядкина, И.\,В.~Кирилловa, О.\,А.~Щучкина",Не найдено,golyadkina.tex
Не найдено,Не найдено,Не найдено,gomenuk.tex
Не найдено,Не найдено,Не найдено,gon-zats.tex
Не найдено,Не найдено,Не найдено,gonch+zats.tex
Не найдено,Не найдено,Не найдено,Gonch+Zatsman.tex
Не найдено,Не найдено,Не найдено,gonch-inkova.tex
Не найдено,Не найдено,Не найдено,gonch-zats.tex
Не найдено,Не найдено,Не найдено,Goncharenko.tex
Не найдено,Не найдено,Не найдено,Goncharov+Ink.tex
Не найдено,Не найдено,Не найдено,goncharov.tex
Не найдено,Не найдено,Не найдено,gor+kuz.tex
Не найдено,Не найдено,Не найдено,gorb-lub.tex
Экспериментальная проверка реологической модели разупрочняющейся вязкоупругой среды с~экспоненциальным ядром ползучести,"С.\,В.~Горбунов",Не найдено,Gorbunov.tex
Не найдено,Не найдено,Не найдено,gorbunova.tex
Не найдено,Не найдено,Не найдено,gordienko.tex
"К описанию процесса ползучести и~разрушения упрочняющихся материалов по кинетическим уравнениям со скалярным параметром поврежд\""eнности","Б.\,В.~Горев, И.\,А.~Банщикова",Не найдено,gorev.tex
Не найдено,Не найдено,Не найдено,gorsh+korolev.tex
Не найдено,Не найдено,Не найдено,gorsh+mart.tex
Не найдено,Не найдено,Не найдено,gorsh-one.tex
Не найдено,Не найдено,Не найдено,GORSH.TEX
Не найдено,Не найдено,Не найдено,gorshenin+kor.tex
Не найдено,Не найдено,Не найдено,gorshenin-a.tex
Не найдено,Не найдено,Не найдено,gorshenin-i.tex
Не найдено,Не найдено,Не найдено,Gorshenin-Korolev.tex
Не найдено,Не найдено,Не найдено,gorshenin.tex
Не найдено,Не найдено,Не найдено,gotsev.tex
Не найдено,Не найдено,Не найдено,grebeshkov.tex
Не найдено,Не найдено,Не найдено,gridin.tex
Не найдено,Не найдено,Не найдено,grigoriev.tex
Не найдено,Не найдено,Не найдено,grinchenko.tex
Не найдено,Не найдено,Не найдено,gromov.tex
Задача Коши для волнового уравнения на~неглобально гиперболических многообразиях,"О.\,В.~Грошев",Не найдено,groshev.tex
Не найдено,Не найдено,Не найдено,grush-7.tex
Не найдено,Не найдено,Не найдено,grusho+zab.tex
Не найдено,Не найдено,Не найдено,grusho-2-new.tex
Не найдено,Не найдено,Не найдено,grusho-2.tex
Не найдено,Не найдено,Не найдено,grusho-3.tex
Не найдено,Не найдено,Не найдено,Grusho-Nikolaev.tex
Не найдено,Не найдено,Не найдено,grusho-timonina.tex
Не найдено,Не найдено,Не найдено,grusho-zab.tex
Не найдено,Не найдено,Не найдено,Grusho-Zatsarinny.tex
Не найдено,Не найдено,Не найдено,grusho.tex
Не найдено,Не найдено,Не найдено,grushoN.tex
"Категорные методы интеграции разнородных моделей в~информационных

системах анализа состояния сложных технических объектов","В.\,И.~Батищев, Н.\,Г.~Губанов",Не найдено,gubanov.tex
Не найдено,Не найдено,Не найдено,gud-ush.tex
Не найдено,Не найдено,Не найдено,GudaSA.tex
Не найдено,Не найдено,Не найдено,GUDKOV.TEX
Не найдено,Не найдено,Не найдено,gudkova.tex
Не найдено,Не найдено,Не найдено,gureev.tex
"Медико""=биологические аспекты лазерного воздействия",Д.~М.~Гуреев,Не найдено,gureev1.tex
К вопросу о безызлучательной рекомбинации в лазерных диодах~$\bf P\lowercase{b,"Д.\,М.~Гуреев",Не найдено,gureev2.tex
"Влияние временной формы лазерного импульса на характер изменения 

температуры поверхности на стадии нагрева","Г.\,Д.~Гуреев, Д.\,М.~Гуреев",Не найдено,gureevs.tex
Не найдено,Не найдено,Не найдено,gurevich.tex
"Построение общего решения вырожденной системы Полмейера""--~Лунда""--~Редже","А.\,М.~Гурьева",Не найдено,gurieva.tex
Не найдено,Не найдено,Не найдено,guriiev.tex
Не найдено,Не найдено,Не найдено,gurskaya.tex
Математическое моделирование систем <<здание~--~фундамент~-- грунтовое основание>>,"Г.\,Н.~Гусев, А.\,А.~Ташкинов",Не найдено,gusev.tex
$\boldsymbol{L_{\lowercase{p,"А.\,К.~Гущин",Не найдено,gushchin.tex
Не найдено,Не найдено,Не найдено,gushin.tex
Не найдено,Не найдено,Не найдено,gushina.tex
Не найдено,Не найдено,Не найдено,hachumovi.tex
Не найдено,Не найдено,Не найдено,haplanov.tex
Не найдено,Не найдено,Не найдено,Haritonov.tex
Не найдено,Не найдено,Не найдено,Hatskevich.tex
Не найдено,Не найдено,Не найдено,hilko.tex
Не найдено,Не найдено,Не найдено,horoshilov.tex
Не найдено,Не найдено,Не найдено,husainov.tex
Не найдено,Не найдено,Не найдено,hvatova.tex
Не найдено,Не найдено,Не найдено,ignat.tex
Не найдено,Не найдено,Не найдено,ignatyev.tex
Не найдено,Не найдено,Не найдено,Ilin.tex
Не найдено,Не найдено,Не найдено,ilini.tex
Численное моделирование процессов структурного разрушения зернистых композитов с изотропными элементами структуры,"А.\,В.~Ильиных",Не найдено,ilinyck.tex
Не найдено,Не найдено,Не найдено,ilushin.tex
Не найдено,Не найдено,Не найдено,imanbaev.tex
Не найдено,Не найдено,Не найдено,index-15i.tex
Не найдено,Не найдено,Не найдено,index-16i.tex
Не найдено,Не найдено,Не найдено,index-17i.tex
Не найдено,Не найдено,Не найдено,index12.tex
Не найдено,Не найдено,Не найдено,index13.tex
Не найдено,Не найдено,Не найдено,index14.tex
Не найдено,Не найдено,Не найдено,index27.tex
Не найдено,Не найдено,Не найдено,index28.tex
Не найдено,Не найдено,Не найдено,index29.tex
Не найдено,Не найдено,Не найдено,index30.tex
Не найдено,Не найдено,Не найдено,index31ss.tex
Не найдено,Не найдено,Не найдено,index32ss.tex
Не найдено,Не найдено,Не найдено,index33ss.tex
Не найдено,Не найдено,Не найдено,inkova-Kruzhkov.tex
Не найдено,Не найдено,Не найдено,inkova.tex
Не найдено,Не найдено,Не найдено,insert.tex
Построение материальных функций неупругого деформирования алюминиевого сплава~Д16Т по~результатам  испытаний на~растяжение и~кручение,"А.\,В.~Ипатова, В.\,Э.~Вильдеман",Не найдено,ipatova.tex
Не найдено,Не найдено,Не найдено,ipi-ind21-1.tex
Не найдено,Не найдено,Не найдено,IPI.TEX
Не найдено,Не найдено,Не найдено,ipi20-cont.tex
Не найдено,Не найдено,Не найдено,ipi20-conteng.tex
Не найдено,Не найдено,Не найдено,ipi20-contrus.tex
Не найдено,Не найдено,Не найдено,IPI20-TI.TEX
Не найдено,Не найдено,Не найдено,IPI20.TEX
Не найдено,Не найдено,Не найдено,ipi20sum.tex
Не найдено,Не найдено,Не найдено,ipi21-2.tex
Не найдено,Не найдено,Не найдено,ipi21.tex
Не найдено,Не найдено,Не найдено,ipi22.tex
Не найдено,Не найдено,Не найдено,ipi23.tex
Не найдено,Не найдено,Не найдено,ipi24.tex
Не найдено,Не найдено,Не найдено,ipi25.tex
Не найдено,Не найдено,Не найдено,ipi26-ind.tex
Не найдено,Не найдено,Не найдено,ipi26.tex
Не найдено,Не найдено,Не найдено,ipi27.tex
Не найдено,Не найдено,Не найдено,ipi28.tex
Не найдено,Не найдено,Не найдено,ipi29.tex
Не найдено,Не найдено,Не найдено,ipi30-2.tex
Не найдено,Не найдено,Не найдено,ipi30-3.tex
Не найдено,Не найдено,Не найдено,ipi30-4.tex
Не найдено,Не найдено,Не найдено,ipi30.tex
Не найдено,Не найдено,Не найдено,ipi31-1.tex
Не найдено,Не найдено,Не найдено,ipi31-2.tex
Не найдено,Не найдено,Не найдено,ipi31-3.tex
Не найдено,Не найдено,Не найдено,ipi31-4.tex
Не найдено,Не найдено,Не найдено,ipi32-1.tex
Не найдено,Не найдено,Не найдено,ipi32-2.tex
Не найдено,Не найдено,Не найдено,ipi32-3.tex
Не найдено,Не найдено,Не найдено,ipi32-4.tex
Не найдено,Не найдено,Не найдено,ipi33-1.tex
Не найдено,Не найдено,Не найдено,ipi33-2.tex
Не найдено,Не найдено,Не найдено,ipi33-3.tex
Не найдено,Не найдено,Не найдено,ipi33-4.tex
Не найдено,Не найдено,Не найдено,ipi34-1.tex
Не найдено,Не найдено,Не найдено,ipi34-2.tex
Не найдено,Не найдено,Не найдено,ipin.tex
Не найдено,Не найдено,Не найдено,IPPM-25.tex
Не найдено,Не найдено,Не найдено,isach.tex
Не найдено,Не найдено,Не найдено,islamov.tex
"Решение полного матричного аналога обобщ\""eнного уравнения Абеля с~постоянными коэффициентами","Р.\,Р.~Исмагилова",Не найдено,ismagilova.tex
Не найдено,Не найдено,Не найдено,ivan2.TEX
Кривизна фазового пространства,"М.\,Г.~Иванов",Не найдено,ivanov.tex
Не найдено,Не найдено,Не найдено,ivanov2.tex
Не найдено,Не найдено,Не найдено,ivanova.tex
Не найдено,Не найдено,Не найдено,ivlev.tex
Не найдено,Не найдено,Не найдено,iyavoynen.tex
Не найдено,Не найдено,Не найдено,kabanov.tex
Не найдено,Не найдено,Не найдено,kabanov20-2.tex
Исследование одноосного и двуосного нагружения разупрочняющихся материалов по эндохронной теории неупругости,"Ю.\,И.~Кадашевич, С.\,П.~Помыткин",Не найдено,kadashevich.tex
Анализ поведения механических систем на основе известных статистических данных,"О.\,Е.~Каледин, Л.\,А.~Сухарев",Не найдено,kaledin.tex
Не найдено,Не найдено,Не найдено,kalen+vlas.tex
Не найдено,Не найдено,Не найдено,Kalenov.tex
Не найдено,Не найдено,Не найдено,kalin.tex
Не найдено,Не найдено,Не найдено,kalinich.tex
Не найдено,Не найдено,Не найдено,Kalinichenko.tex
Не найдено,Не найдено,Не найдено,kalinin.tex
Моделирование роста трещины в~зернистом~материале,"Е.\,О.~Каракулина",Не найдено,karakulina.tex
Не найдено,Не найдено,Не найдено,karasikov.tex
Не найдено,Не найдено,Не найдено,karateev.tex
"Поляризационный конвертор для формирования лазерных пучков высокого порядка с~использованием бинарного

дифракционного оптического элемента","С.\,В.~Карпеев\inst{1, 2",Не найдено,karpeev.tex
Не найдено,Не найдено,Не найдено,karpishkov.tex
Не найдено,Не найдено,Не найдено,karpov.tex
Не найдено,Не найдено,Не найдено,karpuhin.tex
Простое доказательство адиабатической теоремы,"М.\,О.~Катанаев",Не найдено,katanaev.tex
Не найдено,Не найдено,Не найдено,kavaguchi.tex
О некоторых классах решений уравнений аэрогидромеханики,"Ю.\,А.~Казакова",Не найдено,kazakova.tex
Не найдено,Не найдено,Не найдено,keller.tex
О~некоторых классах нелинейных интегральных уравнений с~некомпактными операторами,"Х.\,А.~Хачатрян",Не найдено,khachatryan.tex
"О единственности решений второй краевой задачи для уравнения третьего порядка составного типа в~неограниченных

областях","А.\,Р.~Хашимов ",Не найдено,khasimov.tex
Не найдено,Не найдено,Не найдено,khazi.tex
Не найдено,Не найдено,Не найдено,khaziah.tex
Не найдено,Не найдено,Не найдено,khokhlov.tex
Не найдено,Не найдено,Не найдено,khrist.tex
Растяжение полосы с симметричными угловыми вырезами,"А.\,И.~Хромов, А.\,А.~Буханько, О.\,В.~Патлина, Е.\,П.~Кочеров",Не найдено,khromov.tex
Не найдено,Не найдено,Не найдено,khushtova.tex
Не найдено,Не найдено,Не найдено,khustova.tex
Энергетическая концепция разрушения материалов при виброползучести,"П.\,Е.~Кичаев,  Е.\,В.~Дубовова",Не найдено,kichaev.tex
Не найдено,Не найдено,Не найдено,kilbasu.tex
Не найдено,Не найдено,Не найдено,KIR-RAZ.TEX
Не найдено,Не найдено,Не найдено,kireev.tex
Об одной краевой задаче  для~уравнения смешанного типа с~нелокальными начальными условиями в~прямоугольнике,С.~В.~Кириченко,Не найдено,kirichenko.tex
Не найдено,Не найдено,Не найдено,kirik+rumov.tex
Не найдено,Не найдено,Не найдено,kirikov.tex
Не найдено,Не найдено,Не найдено,kirilyuk.tex
Прогнозирование предела выносливости упрочненных деталей при повышенной температуре,"В.\,А.~Кирпич\""eв\inst{1",Не найдено,kirpichev.tex
Остаточные напряжения в образцах из сплавов В95 и Д16Т после пневмодробеструйной обработки,"В.\,А.~Кирпич\""eв\inst{1",Не найдено,kirpichyov.tex
"Критерий пространственно""=возрастной организации древостоя","Д.\,Е.~Кислов, А.\,Н.~Прилуцкий",Не найдено,kislov.tex
Распараллеливание решений задач деформирования при пластическом разупрочнении,"Я.\,М.~Клебанов, И.\,Е.~Адеянов",Не найдено,klebanov.tex
Не найдено,Не найдено,Не найдено,klimenkov.tex
Не найдено,Не найдено,Не найдено,kochergin.tex
Не найдено,Не найдено,Не найдено,kochetkova.tex
Не найдено,Не найдено,Не найдено,kodnyanko.tex
Не найдено,Не найдено,Не найдено,kogalovski.tex
Не найдено,Не найдено,Не найдено,kogan.tex
Не найдено,Не найдено,Не найдено,kol-list.tex
Не найдено,Не найдено,Не найдено,kolegov.tex
Не найдено,Не найдено,Не найдено,koles-list.tex
Не найдено,Не найдено,Не найдено,koles-listopad.tex
Не найдено,Не найдено,Не найдено,koles.tex
Не найдено,Не найдено,Не найдено,kolesnikov-2.tex
Не найдено,Не найдено,Не найдено,kolesnikov.tex
Не найдено,Не найдено,Не найдено,kolesnikova.tex
Не найдено,Не найдено,Не найдено,kolin.tex
Юбилей журнала <<Компьютерная оптика>>,Э.~И.~Коломиец,Не найдено,kolomiets.tex
Использование динамических эластичных форм для аппроксимации структур на плоскости,"С.\,А.~Колпащиков, А.\,С.~Рязанов, А.\,А.~Юдашкин",Не найдено,kolpashikov.tex
Не найдено,Не найдено,Не найдено,koltsov.tex
Не найдено,Не найдено,Не найдено,komartsov.tex
Не найдено,Не найдено,Не найдено,kon-raz-old.tex
Не найдено,Не найдено,Не найдено,kon-raz.tex
Не найдено,Не найдено,Не найдено,konashenkova.tex
Не найдено,Не найдено,Не найдено,kondrashev.tex
Криогенная деформация меди,"Т.\,Н.~Конькова, С.\,Ю.~Миронов, А.\,В.~Корзников",Не найдено,konikova.tex
Ультразвуковые исследования вращательной изомерии в~пропиловом эфире уксусной кислоты,"В.\,С.~Кононенко, В.\,В.~Савичев, В.\,Е.~Тиранин",Не найдено,kononenko.tex
Не найдено,Не найдено,Не найдено,konovalov+Raz.tex
Не найдено,Не найдено,Не найдено,konovalov.tex
Не найдено,Не найдено,Не найдено,konushin.tex
Не найдено,Не найдено,Не найдено,kor+gor+old.tex
Не найдено,Не найдено,Не найдено,kor+gor+zei.tex
Не найдено,Не найдено,Не найдено,kor+gor.tex
Не найдено,Не найдено,Не найдено,kor+korch.tex
Не найдено,Не найдено,Не найдено,kor+nech.tex
Не найдено,Не найдено,Не найдено,kor-zeif-kor.tex
Не найдено,Не найдено,Не найдено,korablev.tex
Не найдено,Не найдено,Не найдено,korch.tex
Не найдено,Не найдено,Не найдено,korchag.tex
Не найдено,Не найдено,Не найдено,korchagin.tex
"Математическое моделирование как основа создания системы эффективного торможения подвижной

поперечины гидравлического пресса в~верхнем положении","Е.\,С.~Корчак",Не найдено,korchak.tex
Не найдено,Не найдено,Не найдено,korchzhkina.tex
Не найдено,Не найдено,Не найдено,korenkov.tex
Не найдено,Не найдено,Не найдено,korep+sin.tex
Не найдено,Не найдено,Не найдено,korepanov.tex
Не найдено,Не найдено,Не найдено,korgor.tex
Разложение кратных  рядов по бесконечным диагоналям,"А.~А.~Корнеев, О.~А.~Дорошкевич",Не найдено,korneev.tex
Не найдено,Не найдено,Не найдено,kornienko.tex
Не найдено,Не найдено,Не найдено,KORNLIT2.TEX
"Двухуровневые методы для


пространственных задач, основанные на агрегации","\it В.Г.\,Корнеев, Я.\,Фиш",Не найдено,kornvg.tex
Не найдено,Не найдено,Не найдено,korol-sok.tex
Не найдено,Не найдено,Не найдено,korolev+dor.tex
Не найдено,Не найдено,Не найдено,korolev.tex
Не найдено,Не найдено,Не найдено,koroleva.tex
Не найдено,Не найдено,Не найдено,korr+kor+zeif2.tex
Не найдено,Не найдено,Не найдено,kosmid.tex
Не найдено,Не найдено,Не найдено,kosolapov.tex
Не найдено,Не найдено,Не найдено,"kostina,plekhova.tex"
Не найдено,Не найдено,Не найдено,kostina.tex
Волновые числа плоских GNI-термоупругих волн микровращения,"Л.\,Н.~Косыгина",Не найдено,kosygina.tex
Система массового обслуживания с~различимыми каналами как конечный автомат,"А.\,П.~Котенко, М.\,Б.~Букаренко",Не найдено,kotenko.tex
Не найдено,Не найдено,Не найдено,kotova.tex
Не найдено,Не найдено,Не найдено,kovalenko.tex
"Оценка над\""eжности осесимметричных стохастических элементов конструкций при~ползучести по~теории выбросов","Н.\,Н.~Попов, Л.\,В.~Коваленко",Не найдено,kovalenkoPopov.tex
Не найдено,Не найдено,Не найдено,Kovalev-tarasov.tex
Не найдено,Не найдено,Не найдено,kovalev.tex
Не найдено,Не найдено,Не найдено,Kozer.tex
Не найдено,Не найдено,Не найдено,Kozerenko.tex
Не найдено,Не найдено,Не найдено,kozhevnikova.tex
Не найдено,Не найдено,Не найдено,kozhunova.tex
Решения анизотропных эллиптических уравнений в~неограниченных областях,"Л.\,М.~Кожевникова, А.\,А.~Хаджи",Не найдено,kozh_khad_samara.tex
Решения анизотропных параболических уравнений с~двойной нелинейностью в~неограниченных областях,"Л.\,М.~Кожевникова, А.\,А.~Леонтьев",Не найдено,kozh_leon_samara.tex
Не найдено,Не найдено,Не найдено,Kozlov+Zat.tex
Не найдено,Не найдено,Не найдено,kozlov.tex
"Задача Коши для системы гиперболических уравнений, содержащей смешанную производную","Е.\,А.~Козлова",Не найдено,kozlova.tex
Не найдено,Не найдено,Не найдено,kozm.tex
Не найдено,Не найдено,Не найдено,Krasnov.tex
Не найдено,Не найдено,Не найдено,kravtsova.tex
Не найдено,Не найдено,Не найдено,krestelev.tex
Не найдено,Не найдено,Не найдено,kriv.tex
Не найдено,Не найдено,Не найдено,krivenko-old.tex
Не найдено,Не найдено,Не найдено,krivenko.tex
Не найдено,Не найдено,Не найдено,krivonosov.tex
Не найдено,Не найдено,Не найдено,krovosheev-linnik.tex
Не найдено,Не найдено,Не найдено,KRUCHIN.TEX
Не найдено,Не найдено,Не найдено,krutov.tex
Не найдено,Не найдено,Не найдено,kruzhkov.tex
Не найдено,Не найдено,Не найдено,krylov.tex
Не найдено,Не найдено,Не найдено,kudinov.tex
Не найдено,Не найдено,Не найдено,kudr+shorgin.tex
Не найдено,Не найдено,Не найдено,kudr-pal.tex
Не найдено,Не найдено,Не найдено,kudr-shest.tex
Не найдено,Не найдено,Не найдено,kudr-tit.tex
Не найдено,Не найдено,Не найдено,kudr.tex
"Математическая модель развития плоского дефекта на поверхности катания колеса с уч\""eтом упругости подвески и вертикальной неровности пути","Л.\,В.~Кудюров\inst{1, 2",Не найдено,kudurov.tex
"Разработка системы поддержки при\-нятия решений для оптимизации

планирования деятельности группы предприятий","К.\,Л.~Куликовский, Д.\,В.~Петров",Не найдено,kulikovsiy.tex
Не найдено,Не найдено,Не найдено,kurakin.tex
Не найдено,Не найдено,Не найдено,kurov.tex
Не найдено,Не найдено,Не найдено,KuSh1.tex
Информационные технологии поддержки выработки и принятия решений в системе управления кадрами,"Ю.\,И.~Куц",Не найдено,kuts.tex
Не найдено,Не найдено,Не найдено,kuzn.tex
"Оценки методом Монте""--~Карло итераций оператора Грина и собственных чисел первой краевой задачи для оператора Лапласа","А.\,Н.~Кузнецов, И.\,А.~Рытенкова, А.\,С.~Сипин",Не найдено,kuznecov.tex
Моделирование теплового состояния композиционных материалов на основе универсального закона разложения связующих,"Е.\,Л.~Кузнецова",Не найдено,kuznecova.tex
Мате\-матическая модель процесса теплообмена в~аппарате воздушного охлаждения масла,"В.\,А.~Кузнецов\inst{1",Не найдено,kuznetcov.tex
Статистические оценки для степеней оператора Грина,"А.\,Н.~Кузнецов, А.\,С.~Сипин",Не найдено,kuznetsov.tex
Об одном классе функционально-дифференциальных уравнений,"В.\,А.~Кыров",Не найдено,kyrov.tex
Не найдено,Не найдено,Не найдено,lange.tex
Не найдено,Не найдено,Не найдено,lapko.tex
Дополнительные граничные условия в задачах теплопроводности с переменными физическими свойствами среды,"Е.\,В.~Ларгина, Е.\,В.~Стефанюк, В.\,В.~Котов",Не найдено,largina.tex
Не найдено,Не найдено,Не найдено,lasttitle-eng.tex
Не найдено,Не найдено,Не найдено,lasttitle.tex
Применение линейных дробных аналогов реологических моделей в задаче аппроксимации экспериментальных данных по растяжению поливинилхлоридного пластиката,"Л.\,Г.~Унгарова",Не найдено,LaTeX2.tex
Не найдено,Не найдено,Не найдено,lebedev.TEX
"Об ортогональных финитных функциях второй степени,  связанных с~треугольными сетками, и~их~применении в~математическом моделировании","В.\,Л.~Леонтьев, А.\,В.~Кочулимов",Не найдено,leont.tex
Не найдено,Не найдено,Не найдено,leontiev.tex
Не найдено,Не найдено,Не найдено,Leon_Ush.tex
Не найдено,Не найдено,Не найдено,Leri-Pavlov.tex
Не найдено,Не найдено,Не найдено,leri.tex
Не найдено,Не найдено,Не найдено,leshin.tex
Не найдено,Не найдено,Не найдено,LETT2ED.TEX
Не найдено,Не найдено,Не найдено,LETTER.TEX
Не найдено,Не найдено,Не найдено,levikin.tex
Начальные задачи для системы волновых уравнений,"С.\,В.~Лексина",Не найдено,Lexina.tex
Проекционный алгоритм краевой задачи для~неоднородного уравнения Ламе,"В.\,Г.~Лежнев, А.\,Н.~Марковский",Не найдено,lezhnev.tex
Моделирование формообразования полостей в~пентагональных малых частицах электролитического происхождения,"Н.\,И.~Лиманова, Е.\,А.~Мамзин, Е.\,А.~Талалова, А.\,А.~Викарчук",Не найдено,limanova.tex
Не найдено,Не найдено,Не найдено,lipatyev.tex
Не найдено,Не найдено,Не найдено,list-rum.tex
Не найдено,Не найдено,Не найдено,listopad.tex
Не найдено,Не найдено,Не найдено,litvinov.tex
Не найдено,Не найдено,Не найдено,livshits.tex
Не найдено,Не найдено,Не найдено,livshiz.tex
Не найдено,"I.\,Johnson",Не найдено,ljm-example.tex
Не найдено,Не найдено,Не найдено,Logachev.tex
Параллельный алгоритм метода циклической редукции для периодической краевой задачи,"Л.\,В.~Логанова\inst{1",Не найдено,loganova.tex
"Моделирование напряж\""eнного""=деформируемого состояния нижней челюсти при остеосинтезе накостными пластинами","О.\,А.~Логинов\inst{1",Не найдено,loginov.tex
Чистый изгиб балки в~условиях ползучести из~разносопротивляющегося материала,"А.\,М.~Локощенко, К.\,А.~Агахи, Л.\,В.~Фомин",Не найдено,lokoshenko.tex
Групповая классификация одного нелинейного приближенного уравнения субдиффузии,"С.\,Ю.~Лукащук",Не найдено,lsu.tex
Моделирование и анализ динамики макроэкономической системы в среде MATLAB/Simulink,"В.\,С.~Лубенцова, Д.\,А.~Андреянов",Не найдено,lubencova.tex
Не найдено,Не найдено,Не найдено,lucyanov.tex
Не найдено,Не найдено,Не найдено,lukash.tex
Не найдено,Не найдено,Не найдено,lukashenko.tex
Не найдено,Не найдено,Не найдено,lukashev.tex
Не найдено,Не найдено,Не найдено,lukianov.tex
Не найдено,Не найдено,Не найдено,lukmor.tex
Не найдено,Не найдено,Не найдено,lupentsov.tex
"Математическое моделирование теплового процесса в роторе шарового

асинхронного двигателя","Ю.\,И.~Лютахин, В.\,С.~Осипов",Не найдено,lutachin.tex
Не найдено,Не найдено,Не найдено,lyamin.tex
Не найдено,Не найдено,Не найдено,LYASHK70.TEX
Разложение двумерных плотностей вероятностей в~ортогональных базисах,"И.\,А.~Лёзин",Не найдено,lyozin.tex
Линеаризованная математическая модель синхронного электродвигателя при различных способах управления его скоростью,"М.\,С.~Лысов, А.\,В.~Стариков, В.\,А.~Стариков",Не найдено,lysov.tex
Не найдено,Не найдено,Не найдено,makaova.tex
Решение несвязной задачи термоупругости с~краевыми условиями первого рода,"И.\,С.~Макарова",Не найдено,makarova.tex
Не найдено,Не найдено,Не найдено,maket.tex
Не найдено,Не найдено,Не найдено,maklakov.tex
Не найдено,Не найдено,Не найдено,maksimova.tex
Не найдено,Не найдено,Не найдено,mal-naz-1.tex
Не найдено,Не найдено,Не найдено,malashenko.tex
Не найдено,Не найдено,Не найдено,Maleev.tex
Не найдено,Не найдено,Не найдено,malkovskii.tex
"Тр\""eхмерная интегро""=многоточечная краевая~задача для нагруженных

вольтерро""=гиперболических интегро""=дифференциальных уравнений типа Бианки","И.\,Г.~Мамедов",Не найдено,mamedov.tex
"Представление температурного поля для~полубесконечного тела, нагреваемого неподвижным лазерным лучом, через~гипергеометрические функции","В.\,В.~Манако",Не найдено,manako.tex
Об одной задаче оптимального управления с~функционалом качества общего вида,"Н.\,А.~Манакова\inst{1",Не найдено,manakova.tex
Не найдено,Не найдено,Не найдено,maniakov.tex
Не найдено,Не найдено,Не найдено,mansimov.tex
Не найдено,Не найдено,Не найдено,manzhirov.tex
"Модельные уравнения Дирака""--~Янга""--~Миллса со~спинорной калибровочной симметрией","Н.\,Г.~Марчук",Не найдено,marchuk.tex
Не найдено,Не найдено,Не найдено,marichev.tex
Не найдено,Не найдено,Не найдено,markin.tex
Не найдено,Не найдено,Не найдено,markov.tex
Не найдено,Не найдено,Не найдено,markova.tex
Не найдено,Не найдено,Не найдено,martianov-2.tex
Не найдено,Не найдено,Не найдено,Martianov.tex
Не найдено,Не найдено,Не найдено,martynenko.tex
Киральная цветовая симметрия и ограничения на~массу $\boldsymbol{G',"М.\,В.~Мартынов, А.\,Д.~Смирнов",Не найдено,martynov.tex
Не найдено,Не найдено,Не найдено,mashechkin.tex
Не найдено,Не найдено,Не найдено,mastaliyev.tex
Не найдено,Не найдено,Не найдено,masyagin.tex
Не найдено,Не найдено,Не найдено,matskevich.tex
Не найдено,Не найдено,Не найдено,matushenko.tex
Не найдено,Не найдено,Не найдено,matveev.tex
Не найдено,Не найдено,Не найдено,matveeva.tex
"Переход <<беспорядок~-- порядок~-- беспорядок>> в~биофизической системе реакционно""=диффузионного типа","В.\,В.~Максимов",Не найдено,maximov.tex
"Решение задачи Коши для системы уравнений Эйлера""--~Пуассона""--~Дарбу","Е.\,А.~Максимова",Не найдено,maximova.tex
Photonic communications in biological systems,"S.\,N.~Mayburov",Не найдено,mayburov.tex
Не найдено,Не найдено,Не найдено,mayorov.tex
Не найдено,"Kenichiro Mayuzumi, Noboru Watanabe",Не найдено,mayuzumi.tex
Не найдено,Не найдено,Не найдено,medennikov+Bud.tex
Не найдено,Не найдено,Не найдено,medv-gai.tex
Не найдено,Не найдено,Не найдено,meih.tex
"Оценка погрешности метода измерения интегральных характеристик

с~использованием пространственного и~временного разделения

мгновенных значений гармонических сигналов","В.\,С.~Мелентьев, Ю.\,М.~Иванов, А.\,Е.~Синицын",Не найдено,melentev.tex
"Оценка погрешности аппроксимационного метода измерения интегральных характеристик по~отдельным мгновенным значениям

сигналов","В.\,С.~Мелентьев, Е.\,Е.~Ярославкина, А.\,Н.~Болотнова",Не найдено,melentiev.tex
Не найдено,Не найдено,Не найдено,melnikov.tex
Многомерная \lowercase{p,"С.\,В.~Козырев\inst{1",Не найдено,metric.tex
Не найдено,Не найдено,Не найдено,meykh.tex
"Зако\-номерности изменения нормальных и~касательных составляющих внутренних напряжений, индуцированных в~приповерхностных слоях никелида титана электронно""=лучевыми воздействиями","Л.\,Л.~Мейснер\inst{1",Не найдено,meysner.tex
"Алгоритм движения по параметру ж\""eсткости в~проблеме устойчивости на границе винклеровых~сред","Е.\,И.~Михайловский, Е.\,В.~Тулубенская",Не найдено,mich.tex
Инфинитное движение в~классической функциональной механике,"А.\,И.~Михайлов\inst{1,2",Не найдено,mikhailov.tex
Высокотемпературное разложение матрицы плотности и его приложения,"В.\,В.~Михеев",Не найдено,mikheev.tex
Не найдено,Не найдено,Не найдено,milovanova.tex
Прочностные характеристики проксимального отдела бедренной кости в условиях внутреннего силового шунтирования,Т.~Б.~Минасов\inst{1,Не найдено,minasov.tex
Не найдено,Не найдено,Не найдено,minin-zat.tex
Не найдено,Не найдено,Не найдено,minin.tex
О построении функций Римана для двух уравнений со старшими частными производными,"А.\,Н.~Миронов",Не найдено,mironov.tex
Не найдено,Не найдено,Не найдено,mishchenko.tex
Не найдено,Не найдено,Не найдено,mistrukov.tex
Не найдено,Не найдено,Не найдено,mitlina.tex
Не найдено,Не найдено,Не найдено,mitrokhin.tex
Не найдено,Не найдено,Не найдено,mizarbekov.tex
Не найдено,Не найдено,Не найдено,Mizin.tex
Не найдено,Не найдено,Не найдено,mm-2007.tex
Осцилляции \lowercase{$\boldsymbol{n {-,"Л.\,С.~ Молчатский\inst{1",Не найдено,molchatsky.tex
Не найдено,Не найдено,Не найдено,moldov.tex
Не найдено,Не найдено,Не найдено,monahov.tex
Не найдено,Не найдено,Не найдено,mor-luk.tex
Не найдено,Не найдено,Не найдено,mor-nekr.tex
Не найдено,Не найдено,Не найдено,mor-rum.tex
Не найдено,Не найдено,Не найдено,MOROZOV.TEX
Не найдено,Не найдено,Не найдено,morozova.tex
Не найдено,Не найдено,Не найдено,moskaleva.tex
Не найдено,Не найдено,Не найдено,moskalik.tex
Не найдено,Не найдено,Не найдено,moskin.tex
Не найдено,Не найдено,Не найдено,MPRINT03.TEX
Не найдено,Не найдено,Не найдено,MPRINT04.TEX
Не найдено,Не найдено,Не найдено,MPRINT97.TEX
Не найдено,Не найдено,Не найдено,MPRN1-98.TEX
Не найдено,Не найдено,Не найдено,murashkin.tex
Не найдено,Не найдено,Не найдено,murashov.tex
Не найдено,Не найдено,Не найдено,mylpolbel.tex
Не найдено,Не найдено,Не найдено,myltsina.tex
Не найдено,Не найдено,Не найдено,napalkov-zimens.tex
Не найдено,Не найдено,Не найдено,napalkov.tex
Не найдено,Не найдено,Не найдено,NASONOV.TEX
Не найдено,Не найдено,Не найдено,naumov.tex
Не найдено,Не найдено,Не найдено,nazarov.tex
Метод решения краевой задачи ползучести и~длительной прочности балки в~условиях чистого~изгиба на~основе структурной модели стержневого~типа,"Е.\,В.~Небогина",Не найдено,nebogina.tex
Не найдено,Не найдено,Не найдено,necro1.tex
Не найдено,Не найдено,Не найдено,necro2.tex
Не найдено,Не найдено,Не найдено,NEDOREZ.TEX
"Статический изгиб и колебания многослойной прямоугольной пластинки из ортотропного материала при свободном опирании кра\""eв","П.\,Ф.~Недорезов, А.\,В.~Аристамбекова",Не найдено,nedorezov.tex
Не найдено,Не найдено,Не найдено,nefedova.tex
"Двухслойная математическая модель шейки бедра человека для исследования напряж\""eнного состояния при армировании имплантатами различной конструкции",А.~В.~Нехожин,Не найдено,nekhozhin.tex
Не найдено,Не найдено,Не найдено,nekrol.tex
Не найдено,Не найдено,Не найдено,nekrolog-new.tex
Не найдено,Не найдено,Не найдено,nekrolog-RB.tex
Не найдено,Не найдено,Не найдено,nekrolog-Zhuravlev.tex
Не найдено,Не найдено,Не найдено,nemirov.tex
"Установившаяся ползучесть слоисто""=волокнистых изгибаемых 

металлокомпозитных пластин","Ю.\,В.~Немировский, А.\,П.~Янковский",Не найдено,nemirovskii.tex
Армирование плоских конструкций по~криволинейным ортогональным траекториям,"Ю.\,В.~Немировский\inst{1",Не найдено,nemirovskiy.tex
Исследование рациональных структур криволинейного армирования в~полярной~системе~координат,"Ю.\,В.~Немировский\inst{1",Не найдено,nemirovsky.tex
Не найдено,Не найдено,Не найдено,nikishin.tex
Рекуррентные методы построения кумулятивных функций риска,"В.\,Н.~Никишов, Е.\,В.~Михайлова ",Не найдено,nikishov.tex
Не найдено,Не найдено,Не найдено,nikit.tex
Плоская задача установившейся ползучести элементов конструкций,"А.\,Ф.~Никитенко",Не найдено,nikitenko.tex
Не найдено,Не найдено,Не найдено,nikola.tex
Не найдено,Не найдено,Не найдено,nikolayev.tex
Не найдено,Не найдено,Не найдено,nikonov.tex
Не найдено,Не найдено,Не найдено,nizem.tex
Влияние ложного дна на нелинейную динамику процесса замерзания воды,"И.\,Г.~Низовцева, Д.\,В.~Александров",Не найдено,nizovceva.tex
"Максимальный порядок точности \lowercase{(m, 1)","Е.\,А.~Новиков\inst{1,2",Не найдено,novikov.tex
Не найдено,Не найдено,Не найдено,novikova.tex
Не найдено,Не найдено,Не найдено,nuriev-egorova.tex
Не найдено,Не найдено,Не найдено,nuriev.tex
Не найдено,Не найдено,Не найдено,OBCHAK.TEX
Не найдено,Не найдено,Не найдено,obuchova.tex
Не найдено,Не найдено,Не найдено,obuhova.tex
Не найдено,Не найдено,Не найдено,Ocherk.tex
Не найдено,Не найдено,Не найдено,odinaev.tex
Не найдено,Не найдено,Не найдено,ogaltsov.tex
Не найдено,Не найдено,Не найдено,ogorodnikov.tex
Не найдено,Не найдено,Не найдено,OLE-ENG.TEX
Не найдено,Не найдено,Не найдено,OLENIN.TEX
Не найдено,Не найдено,Не найдено,ometov.tex
"Алгоритм анализа реш\""eточной модели структуры информационно""=измерительной системы","С.\,П.~Орлов",Не найдено,orlov.tex
"Компьютерное моделирование сжатия образца из~крупноячеистого пространственно армированного композита,

зак\-люч\""eн\-но\-го в обойму для устранения влияния краевых эффектов","И.\,Ю.~Ошева, В.\,Е.~Шавшуков",Не найдено,osheva.tex
Не найдено,Не найдено,Не найдено,oshmarin.tex
Не найдено,Не найдено,Не найдено,ostrikova.tex
Не найдено,Не найдено,Не найдено,OU0405.TEX
Не найдено,Не найдено,Не найдено,OUT0104.TEX
Не найдено,Не найдено,Не найдено,OUT0105.TEX
Не найдено,Не найдено,Не найдено,OUT0204.TEX
Не найдено,Не найдено,Не найдено,OUT0205.TEX
Не найдено,Не найдено,Не найдено,OUT0304.TEX
Не найдено,Не найдено,Не найдено,OUT0305.TEX
Не найдено,Не найдено,Не найдено,out0403.tex
Не найдено,Не найдено,Не найдено,OUT0404.TEX
Не найдено,Не найдено,Не найдено,OUT0503.TEX
Не найдено,Не найдено,Не найдено,OUT0505.TEX
Не найдено,Не найдено,Не найдено,OUT0604.TEX
Не найдено,Не найдено,Не найдено,OUT0605.TEX
Не найдено,Не найдено,Не найдено,OUT0703.TEX
Не найдено,Не найдено,Не найдено,OUT0704.TEX
Не найдено,Не найдено,Не найдено,OUT0705.TEX
Не найдено,Не найдено,Не найдено,OUT0803.TEX
Не найдено,Не найдено,Не найдено,OUT0804.TEX
Не найдено,Не найдено,Не найдено,OUT0805.TEX
Не найдено,Не найдено,Не найдено,OUT0903.TEX
Не найдено,Не найдено,Не найдено,OUT0904.TEX
Не найдено,Не найдено,Не найдено,OUT0905.TEX
Не найдено,Не найдено,Не найдено,OUT100.TEX
Не найдено,Не найдено,Не найдено,OUT1000.TEX
Не найдено,Не найдено,Не найдено,OUT1001.TEX
Не найдено,Не найдено,Не найдено,OUT1002.TEX
Не найдено,Не найдено,Не найдено,OUT1003.TEX
Не найдено,Не найдено,Не найдено,OUT1004.TEX
Не найдено,Не найдено,Не найдено,OUT1005.TEX
Не найдено,Не найдено,Не найдено,OUT101.TEX
Не найдено,Не найдено,Не найдено,OUT102.TEX
Не найдено,Не найдено,Не найдено,OUT103.TEX
Не найдено,Не найдено,Не найдено,OUT1097.TEX
Не найдено,Не найдено,Не найдено,OUT1098.TEX
Не найдено,Не найдено,Не найдено,OUT1099.TEX
Не найдено,Не найдено,Не найдено,OUT1100.TEX
Не найдено,Не найдено,Не найдено,OUT1101.TEX
Не найдено,Не найдено,Не найдено,OUT1102.TEX
Не найдено,Не найдено,Не найдено,out1103.tex
Не найдено,Не найдено,Не найдено,OUT1104.TEX
Не найдено,Не найдено,Не найдено,OUT1105.TEX
Не найдено,Не найдено,Не найдено,OUT1197.TEX
Не найдено,Не найдено,Не найдено,OUT1198.TEX
Не найдено,Не найдено,Не найдено,OUT1199.TEX
Не найдено,Не найдено,Не найдено,OUT1200.TEX
Не найдено,Не найдено,Не найдено,OUT1201.TEX
Не найдено,Не найдено,Не найдено,OUT1202.TEX
Не найдено,Не найдено,Не найдено,out1203.tex
Не найдено,Не найдено,Не найдено,OUT1204.TEX
Не найдено,Не найдено,Не найдено,OUT1297.TEX
Не найдено,Не найдено,Не найдено,OUT1298.TEX
Не найдено,Не найдено,Не найдено,OUT1299.TEX
Не найдено,Не найдено,Не найдено,OUT198.TEX
Не найдено,Не найдено,Не найдено,OUT199.TEX
Не найдено,Не найдено,Не найдено,OUT200.TEX
Не найдено,Не найдено,Не найдено,OUT202.TEX
Не найдено,Не найдено,Не найдено,OUT203.TEX
Не найдено,Не найдено,Не найдено,OUT298.TEX
Не найдено,Не найдено,Не найдено,OUT299.TEX
Не найдено,Не найдено,Не найдено,OUT300.TEX
Не найдено,Не найдено,Не найдено,OUT301.TEX
Не найдено,Не найдено,Не найдено,out302.tex
Не найдено,Не найдено,Не найдено,out303.tex
Не найдено,Не найдено,Не найдено,OUT398.TEX
Не найдено,Не найдено,Не найдено,OUT399.TEX
Не найдено,Не найдено,Не найдено,OUT400.TEX
Не найдено,Не найдено,Не найдено,OUT401.TEX
Не найдено,Не найдено,Не найдено,out402.tex
Не найдено,Не найдено,Не найдено,OUT497.TEX
Не найдено,Не найдено,Не найдено,OUT498.TEX
Не найдено,Не найдено,Не найдено,OUT499.TEX
Не найдено,Не найдено,Не найдено,OUT500.TEX
Не найдено,Не найдено,Не найдено,OUT501.TEX
Не найдено,Не найдено,Не найдено,OUT502.TEX
Не найдено,Не найдено,Не найдено,OUT597.TEX
Не найдено,Не найдено,Не найдено,OUT598.TEX
Не найдено,Не найдено,Не найдено,OUT599.TEX
Не найдено,Не найдено,Не найдено,OUT600.TEX
Не найдено,Не найдено,Не найдено,OUT601.TEX
Не найдено,Не найдено,Не найдено,OUT602.TEX
Не найдено,Не найдено,Не найдено,OUT697.TEX
Не найдено,Не найдено,Не найдено,OUT698.TEX
Не найдено,Не найдено,Не найдено,OUT699.TEX
Не найдено,Не найдено,Не найдено,OUT700.TEX
Не найдено,Не найдено,Не найдено,OUT701.TEX
Не найдено,Не найдено,Не найдено,out702.tex
Не найдено,Не найдено,Не найдено,OUT797.TEX
Не найдено,Не найдено,Не найдено,OUT798.TEX
Не найдено,Не найдено,Не найдено,OUT799.TEX
Не найдено,Не найдено,Не найдено,OUT800.TEX
Не найдено,Не найдено,Не найдено,OUT801.TEX
Не найдено,Не найдено,Не найдено,OUT802.TEX
Не найдено,Не найдено,Не найдено,OUT898.TEX
Не найдено,Не найдено,Не найдено,OUT899.TEX
Не найдено,Не найдено,Не найдено,OUT900.TEX
Не найдено,Не найдено,Не найдено,OUT901.TEX
Не найдено,Не найдено,Не найдено,OUT902.TEX
Не найдено,Не найдено,Не найдено,OUT997.TEX
Не найдено,Не найдено,Не найдено,OUT998.TEX
Не найдено,Не найдено,Не найдено,OUT999.TEX
Не найдено,Не найдено,Не найдено,ovchinnikov.tex
Параметрическая идентификация задачи типа Коши для одного дробного дифференциального уравнения,"А.\,С.~Овсиенко",Не найдено,ovsienko.tex
Не найдено,Не найдено,Не найдено,OvsienkoAS.tex
Не найдено,Не найдено,Не найдено,pagano.tex
Не найдено,Не найдено,Не найдено,palin.tex
Не найдено,Не найдено,Не найдено,palvelev.tex
Не найдено,Не найдено,Не найдено,panov.tex
Не найдено,Не найдено,Не найдено,pant.tex
Квазиодномерная модель гиперболического типа гидроразрыва пласта,"А.\,М.~Ильясов, Г.\,Т.~Булгакова",Не найдено,paper.tex
Не найдено,Не найдено,Не найдено,PAPER1.TEX
Не найдено,Не найдено,Не найдено,PAPER2.TEX
Не найдено,Не найдено,Не найдено,PAPER3.TEX
Не найдено,Не найдено,Не найдено,PAPER4.TEX
Не найдено,Не найдено,Не найдено,PAPER5.TEX
Не найдено,Не найдено,Не найдено,PAPER6.TEX
Не найдено,Не найдено,Не найдено,PAPER7.TEX
Не найдено,Не найдено,Не найдено,paper8.tex
Не найдено,Не найдено,Не найдено,PAPER9.TEX
Квазиодномерная модель гиперболического типа развития трещины гидроразрыва пласта,"А.\,М.~Ильясов, Г.\,Т.~Булгакова",Не найдено,paper_bulgakova.tex
Не найдено,Не найдено,Не найдено,parkhom.tex
Не найдено,Не найдено,Не найдено,parovik.tex
Не найдено,Не найдено,Не найдено,partition.tex
Не найдено,Не найдено,Не найдено,pavel.tex
Не найдено,Не найдено,Не найдено,pavelieva.tex
Эффект влияния продольных деформаций реологической балки на характер движения диска,"Г.\,В.~Павлов, М.\,А.~Кальмова, Е.\,С.~Вронская",Не найдено,pavlov.tex
Модификация метода сеток с~использованием разложений Тейлора,"Г.\,А.~Павлова, И.\,В.~Беляева",Не найдено,pavlova.tex
Не найдено,Не найдено,Не найдено,PEC-FR.TEX
Не найдено,Не найдено,Не найдено,PECH.TEX
Некоторые вопросы динамики и управления открытыми квантовыми системами,"А.\,Н.~Печень",Не найдено,pechen.tex
Не найдено,Не найдено,Не найдено,pechin.tex
Не найдено,Не найдено,Не найдено,pechink.tex
Не найдено,Не найдено,Не найдено,pechinkin-new.tex
Не найдено,Не найдено,Не найдено,pechinkin.tex
Не найдено,Не найдено,Не найдено,pen'kov.tex
Особенности проникания в~металл высокоскоростных частиц макроскопического~размера,"С.~Ю.~Ганигин, В.~В.~Калашников, П.~К.~Кондратенко, \\ М.~В.~Ненашев, А.~Ю.~Самарин",Не найдено,penet.tex
"Метод состояний на основе уравнений Кильчевского для анализа тр\""eхмерных установившихся колебаний","В.\,Б.~Пеньков, И.\,Н.~Стебенев",Не найдено,penkov.tex
Не найдено,Не найдено,Не найдено,perevarukha.tex
Не найдено,Не найдено,Не найдено,peshkova.tex
Не найдено,Не найдено,Не найдено,petr.tex
Оптимизация динамических систем инвестирования промышленных предприятий,"Д.\,В.~Петров",Не найдено,petrov.tex
Не найдено,Не найдено,Не найдено,petukhov.tex
Не найдено,Не найдено,Не найдено,petushkov.tex
Не найдено,Не найдено,Не найдено,pic.tex
"Математическое моделирование процесса формирования тр\""eхслойной цилиндрической оболочки из стеклометаллокомпозита","В.\,В. Пикуль\inst{1",Не найдено,pikul.tex
Не найдено,Не найдено,Не найдено,piskovskii.tex
О классическом и функциональном подходах~к~механике,"Е.\,В.~Писковский",Не найдено,piskovskiy.tex
Бифуркации в многокомпонентной системе в~условиях ограничения информации,"А.\,С.~Пивоварова",Не найдено,pivovarova.tex
"Иерархическая модель финансовых крахов Джохансена""--~Сорнетта и~е\""e ультраметрическое обобщение","А.\,С.~Пивоварова,  А.\,А.~Стеряков",Не найдено,pivovarovaisteryakov.tex
Не найдено,Не найдено,Не найдено,plehanov.tex
Не найдено,Не найдено,Не найдено,plekhanov-zakharov.tex
Не найдено,Не найдено,Не найдено,plekhanov.tex
Не найдено,Не найдено,Не найдено,PLENUM.TEX
Не найдено,Не найдено,Не найдено,podgot-1str.tex
Не найдено,Не найдено,Не найдено,podgot-2str.tex
Не найдено,Не найдено,Не найдено,podgot-eng-site.tex
Не найдено,Не найдено,Не найдено,podgot-eng.tex
Не найдено,Не найдено,Не найдено,podgot-rus-site.tex
Не найдено,Не найдено,Не найдено,podgot-rus.tex
Не найдено,Не найдено,Не найдено,podgot.tex
Не найдено,Не найдено,"Журнал «Вестник Самарского государственного технического университета. Серия: Физико""=математические науки» (параллельное название на английском языке ""--- Journal of Samara State Technical University, Ser. Physical and Mathematical Sciences) является рецензируемым научным журналом Самарского государственного технического университета и~издаётся с~1996~г.



Самарский государственный технический университет сегодня ""--- это один из одиннадцати ведущих опорных университетов России, который является крупнейшим научно-образовательным центром Поволжья с~более чем 100-летней историей.



Журнал долгое время позиционировал себя как издание, предназначенное для публикации новых научных знаний, полученных в российских научных школах. Однако в~настоящее время журнал ставит своей целью открытое распространение научных знаний среди российских и зарубежных учёных, поэтому он также ориентируется и~на зарубежных учёных, работающих в приоритетных научных направлениях Самарского государственного технического университета.



Журнал зарегистрирован в~Федеральной службе по надзору в сфере связи, информационных технологий и массовых коммуникаций (Роскомнадзор), свидетельство \href{https://rkn.gov.ru/mass-communications/reestr/media/?id=83010}{ПИ № ФС 77–66685 от 27.07.2016}. С~2011 года журнал выходит ежеквартально; объём номера ""--- 200~c.; язык публикаций ""--- русский, английский. Журнал издаётся в~печатной и~электронной формах.



Редакция журнала принимает и оценивает рукописи представленных статей независимо от расы, пола, национальности, происхождения, гражданства (подданства), рода занятий, места работы и проживания автора, а также от его политических, философских, религиозных и иных взглядов.



Представляемая в~журнал рукопись статьи должна быть законченным научным исследованием, нигде ранее не публиковавшимся и~не представленным к~публикации в~других изданиях.



Рукопись статьи должна содержать новые научные результаты по приоритетным направлениям Самарского государственного технического университета, таким как «Дифференциальные уравнения и математическая физика», «Механика деформируемого твёрдого тела», «Математическое моделирование, численные методы и~комплексы программ».



Журнал издается на средства издателя. Все публикации в~журнале бесплатны. Все публикации в~электронном виде распространяются бесплатно.



Целевую аудиторию журнала составляют учёные и исследователи, чьи научные интересы лежат в указанных направлениях: «Дифференциальные уравнения и математическая физика», «Механика деформируемого твёрдого тела», «Математическое моделирование, численные методы и комплексы программ».",polieces.tex
Не найдено,Не найдено,Не найдено,polubel.tex
Не найдено,Не найдено,Не найдено,pop+sim.tex
"Интегрированное геолого-гидродинамическое моделирование в~системном

управлении разработкой нефтегазовых месторождений ","В.\,И.~Попков\inst{1,2",Не найдено,popkov.tex
Не найдено,Не найдено,Не найдено,popkovi.tex
Не найдено,Не найдено,Не найдено,popov.tex
"Определение динамических характеристик нелинейных диссипативных 


систем на~основе линейно параметрической дискретной модели 


амплитудно""=частотной характеристики","Д.\,Н.~Попова",Не найдено,popova.tex
"Зв\""eздное произведение на коалгебре Ли и~его применение для вычисления квантовых интегралов движения","А.\,С.~Попов, И.\,В.~Широков",Не найдено,popov_shirokov.tex
Не найдено,Не найдено,Не найдено,popravka.tex
Не найдено,Не найдено,Не найдено,posypkin.tex
Не найдено,Не найдено,Не найдено,Potanin-Strijov.tex
О~характере разрывов нелинейности в~задачах на~собственные значения для~уравнений эллиптического типа,"Д.\,К.~Потапов",Не найдено,potapov.tex
"О движении газа за фронтом сильной ударной волны, форма которой близка к некоторой кривой","В.\,И.~Богатко\inst{1",Не найдено,potekhina.tex
Не найдено,Не найдено,Не найдено,pravila-eng-site.tex
Не найдено,Не найдено,Не найдено,pravila-eng.tex
Не найдено,Не найдено,Не найдено,pravila-rus-site.tex
Не найдено,Не найдено,Не найдено,pravila-rus.tex
Не найдено,Не найдено,Не найдено,pravila.tex
Не найдено,Не найдено,Не найдено,preamble.tex
Не найдено,Не найдено,Не найдено,preamblw.tex
Не найдено,Не найдено,Не найдено,PRED.TEX
Не найдено,Не найдено,Не найдено,predEng.tex
Не найдено,Не найдено,Не найдено,preface-eng.tex
Не найдено,Не найдено,Не найдено,preface-rus.tex
Не найдено,Не найдено,Не найдено,PREFACE.TEX
Не найдено,Не найдено,Не найдено,preobr.tex
Не найдено,Не найдено,Не найдено,primer.tex
Не найдено,Не найдено,Не найдено,privalova.tex
Численно-аналитический подход к~вычислению интегралов при построении ортогональных моделей,"С.\,А.~Прохоров, И.\,М.~Куликовских",Не найдено,prokhorov.tex
Не найдено,Не найдено,Не найдено,prokofiev.tex
Не найдено,Не найдено,Не найдено,prosviryakov.tex
Не найдено,Не найдено,Не найдено,protasov.tex
Не найдено,Не найдено,Не найдено,PSTOKOL.TEX
Программный комплекс параллельного программирования Graphplus templet,"С.\,В.~Востокин, А.\,Р.~Хайрутдинов, В.\,Г.~Литвинов",Не найдено,public.tex
"Влияние структуры прессованной трубной заготовки из латуни 59Cu--3,5Mn--2,5Al--0,5Fe--0,4Ni

на~характер разрушения при~последующей горячей~штамповке","Н.\,Б.~Пугачева, А.\,В.~Лебедь",Не найдено,pugacheva.tex
Не найдено,Не найдено,Не найдено,rabinovich.tex
Не найдено,Не найдено,Не найдено,radayev.tex
Не найдено,Не найдено,Не найдено,radchenko.tex
Не найдено,Не найдено,Не найдено,radionova.tex
Не найдено,Не найдено,Не найдено,radkevich.tex
Не найдено,Не найдено,Не найдено,rapoport.tex
Не найдено,Не найдено,Не найдено,rasulov.tex
"Некоторые спектральные свойства обобщ\""eнной модели Фридрихса","Т.\,Х.~Расулов\inst{1,2",Не найдено,rasulov2.tex
Не найдено,Не найдено,Не найдено,Ratseev.tex
Об одной краевой задаче для системы гиперболических уравнений с~волновым оператором и~сингулярным коэффициентом при~младшей производной,"Р.\,Р.~Раянова",Не найдено,rayanova.tex
Не найдено,Не найдено,Не найдено,razum.tex
Не найдено,Не найдено,Не найдено,razumchik-eng.tex
Не найдено,Не найдено,Не найдено,razumchik-rus.tex
Не найдено,Не найдено,Не найдено,razumchik.tex
Не найдено,Не найдено,Не найдено,razumcik.tex
Не найдено,Не найдено,Не найдено,RECL.TEX
Не найдено,Не найдено,Не найдено,refer-kor.tex
Не найдено,Не найдено,Не найдено,REFS.TEX
Не найдено,Не найдено,Не найдено,REFS0905.TEX
Не найдено,Не найдено,Не найдено,REFS100.TEX
Не найдено,Не найдено,Не найдено,Rekl-1.tex
Не найдено,Не найдено,Не найдено,rekl.tex
Не найдено,Не найдено,Не найдено,repin.tex
Регрессионная математическая модель влияния микрофинансовых организаций на интенсивность развития малого и~среднего предпринимательства в регионах Российской Федерации,Е.~Г.~Репина,Не найдено,repina.tex
Об одной задаче для уравнения смешанного типа с частной дробной производной Римана-Лиувилля,"О.\,А.~Репин, А.\,В.~Тарасенко",Не найдено,RepinTarasenko.tex
Не найдено,Не найдено,Не найдено,res.tex
Не найдено,Не найдено,Не найдено,RESHAL.TEX
Не найдено,Не найдено,Не найдено,ReSin.tex
РЕСУРСНЫЕ СИСТЕМЫ МАССОВОГО ОБСЛУЖИВАНИЯ С ПРОИЗВОЛЬНЫМ ОБСЛУЖИВАНИЕМ\thanks{Публикация подготовлена при финансовой поддержке Минобрнауки России (проект 2.882.2017/4.6).,Не найдено,Не найдено,Res_SMO.TEX
"Расч\""eт метательной способности взрывчатых веществ при цилиндрическом и~торцевом метаниях металла","И.\,И.~Реут, А.\,Л.~Кривченко",Не найдено,reut1.tex
О методе оценки латуни как материала для облицовки боеприпасов типа <<ударное ядро>> ,"И.\,И.~Реут, А.\,Л.~Кривченко",Не найдено,reut2.tex
Прохождение термоупругого гармонического сигнала через волновод с теплопроницаемой стенкой,"В.\,А.~Ковал\""eв\inst{1",Не найдено,revinsky.tex
Не найдено,Не найдено,Не найдено,rodionova-cor.tex
"Задача с интегральным условием для одного пространственного уравнения гиперболического типа, вырождающегося на координатных плоскостях","И.\,Н.~Родионова",Не найдено,rodionova.tex
Не найдено,Не найдено,Не найдено,rodomanov.tex
Не найдено,Не найдено,Не найдено,romanova.tex
Анализ продуктивности двоякопериодических систем добывающих скважин,"П.\,В.~Ротерс",Не найдено,roters.tex
Не найдено,Не найдено,Не найдено,rudoi.tex
Не найдено,Не найдено,Не найдено,rudoy.tex
"Свойства интегральной кривой и решения неавтономной системы
обыкновенных дифференциальных уравнений","Г.\,А.~Рудых, Д.\,Я.~Киселевич",Не найдено,rudykh.tex
Не найдено,Не найдено,Не найдено,rules.tex
Не найдено,Не найдено,Не найдено,rum-kir-old.tex
Не найдено,Не найдено,Не найдено,rum-kir.tex
Не найдено,Не найдено,Не найдено,rumov+kir.tex
Не найдено,Не найдено,Не найдено,rumov+koles.tex
Не найдено,Не найдено,Не найдено,rumov.tex
Не найдено,Не найдено,Не найдено,rumovs.tex
Не найдено,Не найдено,Не найдено,rumovsk.tex
Не найдено,Не найдено,Не найдено,rumovskaya.tex
Не найдено,Не найдено,Не найдено,Rumyatseva(moskaleva).tex
Не найдено,Не найдено,Не найдено,rus-index.tex
Не найдено,Не найдено,Не найдено,ruziev.tex
О представлении фреймов Парсеваля,"И.\,С.~Рябцов",Не найдено,ryabtsov.tex
Не найдено,Не найдено,Не найдено,rybakov.tex
Не найдено,Не найдено,Не найдено,RYBIN.TEX
Не найдено,Не найдено,Не найдено,Rychihin-Nur.tex
Не найдено,Не найдено,Не найдено,rychikhin.tex
Не найдено,Не найдено,Не найдено,rzaev.tex
Не найдено,Не найдено,Не найдено,sabitov.tex
Не найдено,Не найдено,Не найдено,safin.tex
Не найдено,Не найдено,Не найдено,safina.tex
Численное исследование статического изгиба пластинок при локальных воздействиях вдоль кривых сложного вида,"Р.\,А.~Сафонов",Не найдено,safonov.tex
Не найдено,Не найдено,Не найдено,sagadeeva.tex
"Разрушение решений задачи Коши для нелинейного уравнений Шр\""eдингера","В.\,Ж.~Сакбаев",Не найдено,sakbaev.tex
Не найдено,Не найдено,Не найдено,salim70.tex
Испарение нестабильной полимерной струи в~процессе электроформования,"Ю.\,Е.~Сальковский",Не найдено,salkovskiy.tex
Не найдено,Не найдено,Не найдено,sam+gaidam.tex
Не найдено,Не найдено,Не найдено,samarin.tex
Не найдено,Не найдено,Не найдено,samarin1.tex
Не найдено,Не найдено,Не найдено,samokhina.tex
Об одной вычислительной реализации блочного метода Гаусса-Зейделя для нормальных систем уравнений,"А.\,И.~Жданов, Е.\,Ю.~Богданова",Не найдено,sample.tex
Не найдено,Не найдено,Не найдено,samuil.tex
Не найдено,Не найдено,Не найдено,samuylov.tex
Математическая модель построения доверительных оценок скрытых источников инвестиционного дохода,"Л.\,А.~Сараев, В.\,Н.~Никишов, Е.\,В.~Михайлова",Не найдено,saraev.tex
Не найдено,Не найдено,Не найдено,sarayev.tex
Не найдено,Не найдено,Не найдено,satin-2.tex
Не найдено,Не найдено,Не найдено,satin.tex
"Анализ напряж\""eнного состояния в~надрезах полукруглого профиля после опережающего поверхностного пластического деформирования сплошных цилиндрических образцов","М.\,Н.~Саушкин, А.\,Ю.~Куров",Не найдено,saushkin.tex
Не найдено,Не найдено,Не найдено,savenkova.tex
"Решение в~явном виде нелокальной задачи для~дифференциального уравнения с~частной дробной производной Римана""--~Лиувилля","С.\,А.~Сайганова",Не найдено,sayganova.tex
Не найдено,Не найдено,Не найдено,seif-mul.tex
Не найдено,Не найдено,Не найдено,seif.tex
Не найдено,Не найдено,Не найдено,seiful.tex
Не найдено,Не найдено,Не найдено,semenihin.tex
Не найдено,Не найдено,Не найдено,Semenov.tex
Поле направленного излучателя в~полупространстве с~волноводным распространением звука,"И.\,В.~Семенова",Не найдено,semenova.tex
Не найдено,Не найдено,Не найдено,seminar.tex
Не найдено,Не найдено,Не найдено,senitskiy.tex
Собственные колебания конечного толстостенного анизотропного цилиндра,"Ю.\,Э.~Сеницкий, В.\,В.~Епишкин",Не найдено,senitsky.tex
Не найдено,Не найдено,Не найдено,senko.tex
Не найдено,Не найдено,Не найдено,serebr-1.tex
Не найдено,Не найдено,Не найдено,Serebr.tex
Не найдено,Не найдено,Не найдено,sevast.tex
Не найдено,Не найдено,Не найдено,shakh.tex
Многопрограммная стабилизация положений равновесия квазилинейных стационарных систем,"Я.\,А.~Шахов",Не найдено,shakhov.tex
Не найдено,Не найдено,Не найдено,shakirova.tex
Задачи с оператором Лапласа на топологических поверхностях,"М.\,Ю.~Шалагинов\inst{1",Не найдено,shalaginov.tex
Функциональный  оператор Лапласа на $\pad$-адическом пространстве и~формулы  Фейнмана и~Фейнмана--Каца,"Н.\,Н.~Шамаров",Не найдено,shamarov.tex
Не найдено,Не найдено,Не найдено,sharapov.tex
Задача оптимального управления для~систем~с~импульсными воздействиями при~нелокальных~краевых условиях,Я.~А.~Шарифов,Не найдено,sharifov.tex
Не найдено,Не найдено,Не найдено,sharnin.tex
Не найдено,Не найдено,Не найдено,shenyav.tex
"Метод расч\""eта ресурса стержневых конструкций на основе энергетического варианта ползучести и~длительной прочности","М.\,В.~Шершнева",Не найдено,shershneva.tex
Не найдено,Не найдено,Не найдено,shest-1.tex
Не найдено,Не найдено,Не найдено,shest-2.tex
Не найдено,Не найдено,Не найдено,shest.tex
Не найдено,Не найдено,Не найдено,shestakov-1.tex
Не найдено,Не найдено,Не найдено,shestakov-vor.tex
Не найдено,Не найдено,Не найдено,Shestakov.tex
Не найдено,Не найдено,Не найдено,Shetinin.tex
Не найдено,Не найдено,Не найдено,SHEVRIN.TEX
Не найдено,Не найдено,Не найдено,shevts.tex
Не найдено,Не найдено,Не найдено,shevtsova.tex
Не найдено,Не найдено,Не найдено,shihiev.tex
Не найдено,Не найдено,Не найдено,Shihievi.tex
"Создание динамической расч\""eтной модели рабочего хода пресса с~насосно""=аккумуляторным приводом","О.\,М.~Шинкаренко, Е.\,С.~Корчак",Не найдено,shinkarenko.tex
Не найдено,Не найдено,Не найдено,SHIROK.TEX
Не найдено,Не найдено,Не найдено,shirokov.tex
Не найдено,Не найдено,Не найдено,shiryaeva.tex
Использование специальных функций Эрмита для~исследования мощностных свойств  критерия~Граббса,"Л.\,К.~Ширяева",Не найдено,shiryeva.tex
Матричные модели и паркетное приближение,"А.\,О.~Шишанин",Не найдено,shishanin.tex
Не найдено,Не найдено,Не найдено,shkotin.tex
Не найдено,Не найдено,Не найдено,shlyakhin.tex
Не найдено,Не найдено,Не найдено,shmeilin.tex
Не найдено,Не найдено,Не найдено,shnurkov.tex
"Особенности структуры и кинетика роста пл\""eнок из адамантана в~тлеющем разряде","А.\,М.~Штеренберг, В.\,И.~Зынь, А.\,В.~Шацкий,  А.\,А.~Сафонов",Не найдено,shterenberg.tex
Математическое моделирование массопереноса в~процессе испарения многокомпонентных жидкостей,"А.~Ю.~Шупляк, С.~П.~Шкаруппа, А.~М.~Штеренберг",Не найдено,shuplyak.tex
Не найдено,Не найдено,Не найдено,shurkov.tex
Экспериментально-аналитический метод определения характеристик квазиоднородного материала по упругопластическому анализу экспериментальных данных,"А.\,А.~Шваб",Не найдено,shvab.tex
Не найдено,Не найдено,Не найдено,Shvedov.tex
"Метод граничных интегральных уравнений для~голоморфного вектора
для решения задач мониторинга  упругих статических полей в~действующих объектах","А.\,А.~Шваб",Не найдено,shwab.tex
Не найдено,Не найдено,Не найдено,"sidnyaev,gordeeva.tex"
Не найдено,Не найдено,Не найдено,sidorov.tex
Не найдено,Не найдено,Не найдено,sigov.tex
"Упругие напряжения в плоскости с тонкостенным кусочно""=однородным включением при наличии сосредоточенных сил","В.\,В.~Сильвестров, А.\,В.~Смирнов",Не найдено,silvestrov.tex
Не найдено,Не найдено,Не найдено,simakov.tex
Не найдено,Не найдено,Не найдено,SIMON2.TEX
Не найдено,Не найдено,Не найдено,sin+kor.tex
Не найдено,Не найдено,Не найдено,sinis+korep.tex
Не найдено,Не найдено,Не найдено,sinit+korep.tex
Не найдено,Не найдено,Не найдено,sinit-1.tex
Не найдено,Не найдено,Не найдено,sinit-2.tex
Не найдено,Не найдено,Не найдено,sinit.tex
Не найдено,Не найдено,Не найдено,sinits-2.tex
Не найдено,Не найдено,Не найдено,sinits-one.tex
Не найдено,Не найдено,Не найдено,SINITS.TEX
Не найдено,Не найдено,Не найдено,Sinitsin-2.tex
Не найдено,Не найдено,Не найдено,sinitsin.tex
Не найдено,Не найдено,Не найдено,sinitsini.tex
Не найдено,Не найдено,Не найдено,sinitsyn.tex
Не найдено,Не найдено,Не найдено,sizova.tex
Не найдено,Не найдено,Не найдено,skachkov.tex
Не найдено,Не найдено,Не найдено,skvortsov.tex
Не найдено,Не найдено,Не найдено,skvortsova.tex
Несвязанная осесимметричная динамическая задача  обратного пьезоэффекта для радиально  поляризованного цилиндра ,"Д.\,А.~Шляхин",Не найдено,slyakhin.tex
Не найдено,Не найдено,Не найдено,smirnov.tex
Не найдено,Не найдено,Не найдено,Snurkov.tex
Не найдено,Не найдено,Не найдено,sochenkov.tex
Не найдено,Не найдено,Не найдено,SOK-ENG.TEX
"Многоуровневые модели прогнозирования пределов выносливости структурно""=неоднородных порошковых материалов при сложном
напряж\""eнном состоянии","Ю.\,В.~Соколкин, М.\,М.~Шобей",Не найдено,sokolkin.tex
Не найдено,Не найдено,Не найдено,Sokolov-Dyachenko.tex
Не найдено,Не найдено,Не найдено,Sokolov-new.tex
Не найдено,Не найдено,Не найдено,SOKOLOV.TEX
Не найдено,Не найдено,Не найдено,soldatov.tex
Не найдено,Не найдено,Не найдено,soldatova.tex
Не найдено,Не найдено,Не найдено,soloviev.tex
Не найдено,Не найдено,Не найдено,somin.tex
Не найдено,Не найдено,Не найдено,sopin.tex
Не найдено,Не найдено,Не найдено,sorokin.tex
Не найдено,Не найдено,Не найдено,sosninu.tex
Не найдено,Не найдено,Не найдено,sozontova.tex
Не найдено,Не найдено,Не найдено,specialpages.tex
Эллиптическая пороговая схема разделения~секрета,"А.\,Б.~Спельников",Не найдено,spelnikov.tex
Математическая модель развития расклинивающей трещины в~нарушенном материале,"Е.\,В.~Спиридонова, С.\,В.~Белобородова",Не найдено,spiridonova.tex
Не найдено,Не найдено,Не найдено,spivak+zig.tex
Не найдено,Не найдено,Не найдено,SPIVAK.TEX
Растяжение с кручением. Сообщение 1: Свойства материала,"В.\,В.~Стружанов, Е.\,Ю.~Просвиряков",Не найдено,St.tex
Моделирование переноса массы в~виде рядов вакансий и~межузельных атомов на примере двумерного кристалла,"М.\,Д.~Старостенков\inst{1",Не найдено,starostenkov.tex
Не найдено,Не найдено,Не найдено,stefan+sushko.tex
Аналитические решения задач теплопроводности при переменных во времени коэффициентах теплоотдачи,"Е.\,В.~Стефанюк, В.\,А.~Кудинов",Не найдено,stefanuk.tex
Не найдено,Не найдено,Не найдено,stenina.tex
Не найдено,Не найдено,Не найдено,step.tex
Не найдено,Не найдено,Не найдено,stepanov-proh.tex
Не найдено,Не найдено,Не найдено,Stepanov.tex
Не найдено,Не найдено,Не найдено,stepanova.tex
Не найдено,Не найдено,Не найдено,stepchen.tex
Не найдено,Не найдено,Не найдено,stepchenkov-D.tex
Не найдено,Не найдено,Не найдено,stepchenkov.tex
Не найдено,Не найдено,Не найдено,stepchenkov1.tex
Не найдено,Не найдено,Не найдено,stepchenkov2.tex
Единообразная форма представления основных зависимостей теории пластичности,"Н.\,Н.~Столяров, Н.\,И.~Дедов",Не найдено,stolyarov.tex
Не найдено,Не найдено,Не найдено,str-mot.tex
Не найдено,Не найдено,Не найдено,streliaiev.tex
Не найдено,Не найдено,Не найдено,stri+pop.tex
Не найдено,Не найдено,Не найдено,strijov-old.tex
Не найдено,Не найдено,Не найдено,Strijov.tex
Не найдено,Не найдено,Не найдено,strizhov.tex
"Определение инкрементальных модулей по результатам испытаний на растяжение

с~построением полной диаграммы","В.\,В.~Стружанов",Не найдено,Stru2.tex
Не найдено,Не найдено,Не найдено,struzhanov.tex
О построении структурной модели материала по~результатам макроэксперимента,"В.\,В.~Стружанов",Не найдено,struzhanov1.tex
"Растяжение с кручением. Сообщение 3. Итерационный метод расчета параметров равновесия и устойчивость процесса деформирования механической системы при~е\""e~смешанном нагружении","В.\,В.~Стружанов\inst{1",Не найдено,struzhanov2.tex
Построение моделей регрессионного типа для~описания \mbox{теплового,"В.\,В.~Стулин",Не найдено,stulin.tex
Не найдено,Не найдено,Не найдено,Stup-bruhov.tex
Не найдено,Не найдено,Не найдено,stup-vov.tex
Не найдено,Не найдено,Не найдено,stupnikov.tex
Не найдено,Не найдено,Не найдено,suchkov.tex
Не найдено,Не найдено,Не найдено,suhoml.tex
"Об однородной модели термоконвекции  несжимаемой  вязкоупругой жидкости Кельвина""--~Фойгта ненулевого порядка","Т.\,Г.~Сукачева, О.\,П.~Матвеева",Не найдено,sukacheva.tex
Не найдено,Не найдено,Не найдено,Sukhomlin.tex
Об устойчивости одного класса существенно нелинейных разностных систем,"А.\,А.~Султанбеков",Не найдено,sultanbekov.tex
Не найдено,Не найдено,Не найдено,sunterenko.tex
Не найдено,Не найдено,Не найдено,supplement.tex
Не найдено,Не найдено,Не найдено,sushko.tex
О сходимости численного решения задач оптимального управления для систем уравнений леонтьевского типа,"Г.\,А.~Свиридюк, А.\,В.~Келлер",Не найдено,sviriduk.tex
О прямой и обратной задачах для уравнений Хоффа на графе,"Г.\,А.~Свиридюк, А.\,А.~Баязитова",Не найдено,sviridyk.tex
Устойчивость уравнений Хоффа на графе,"Г.\,А.~Свиридюк\inst{1",Не найдено,sviridyuk.tex
Не найдено,Не найдено,Не найдено,SWANHNE.TEX
Не найдено,Не найдено,Не найдено,sydnyaev.tex
Не найдено,Не найдено,Не найдено,tagiyev.tex
Нелокальная задача Стефана для квазилинейного параболического уравнения,"Ж.\,О.~Тахиров\inst{1",Не найдено,takhirov.tex
Не найдено,Не найдено,Не найдено,tarakanov.tex
Не найдено,Не найдено,Не найдено,tarasenko.tex
Не найдено,Не найдено,Не найдено,tarasov.tex
Теоретико-полевой подход к описанию деформирования многокомпонентных поликристаллических материалов,"А.~А.~Ташкинов, В.~Е.~Шавшуков",Не найдено,tashkinov.tex
Об иррегулярных особых кривых систем типа Уиттекера,Ж.~Н.~Тасмамбетов,Не найдено,tasmam.tex
Не найдено,Не найдено,Не найдено,tasmambetov.tex
Не найдено,Не найдено,Не найдено,tema.tex
Не найдено,Не найдено,Не найдено,temnov.tex
Моделирование высокотемпературной осадки цилиндров при различных уравнениях ползучести~материала,"В.\,В.~Терауд",Не найдено,teraud.tex
Не найдено,Не найдено,Не найдено,terehina-grusho.tex
Не найдено,Не найдено,Не найдено,THRDRUS.TEX
Не найдено,Не найдено,Не найдено,TIMOFEEV.TEX
Не найдено,Не найдено,Не найдено,timonin.tex
Не найдено,Не найдено,Не найдено,Tirikov-Kovalev.tex
Не найдено,Не найдено,Не найдено,tirsin.tex
Не найдено,Не найдено,Не найдено,title(old).tex
Не найдено,Не найдено,Не найдено,title.tex
Не найдено,Не найдено,Не найдено,titlepage.tex
Не найдено,Не найдено,Не найдено,TOC-EN.TEX
Не найдено,Не найдено,Не найдено,TOC-RUS.TEX
Не найдено,Не найдено,Не найдено,tokmakova.tex
Об одной нелокальной краевой задаче для нагруженного дифференциального уравнения со~знакопеременной характеристической формой,"А.\,А.~Токова",Не найдено,tokova.tex
Не найдено,Не найдено,Не найдено,torchig.tex
Не найдено,Не найдено,Не найдено,Torhin-Rud.tex
Не найдено,Не найдено,Не найдено,TORSHIN.TEX
"Использование программного комплекса <<Dif Pro Generator>> 
для~исследования и~уточнения характеристик эвтектик тр\""eхкомпонентных взаимных 
систем","А.\,С.~Трунин, О.\,Е.~Моргунова, С.\,В.~Горбачёв",Не найдено,Trunin.tex
"О~строгом определении микроскопических решений уравнения Больцмана""--~Энскога","А.\,С.~Трушечкин",Не найдено,trushechkin.tex
"Расч\""eт показателей над\""eжности трубопроводных систем с~уч\""e\-том трещиноподобных дефектов и~сложных условий эксплуатации","К.\,А.~Цапурин",Не найдено,tsapurin.tex
Не найдено,Не найдено,Не найдено,tsaritsanskii.tex
Не найдено,Не найдено,Не найдено,tsiskar.tex
Не найдено,Не найдено,Не найдено,tsitelov.tex
Не найдено,Не найдено,Не найдено,tsvelodub.tex
Не найдено,Не найдено,Не найдено,tsvetkov.tex
"Влияние направления проката в материале преграды на е\""e разрушение при~динамических~нагрузках","Е.\,В.~Туч\inst{1",Не найдено,tuch.tex
Не найдено,Не найдено,Не найдено,tuchkova.tex
"К вопросу об оптимизирующих преобразованиях управляющих алгоритмов
реального времени","А.\,А.~Тюгаш\""eв,  А.\,Ю.~Богатов",Не найдено,tugashev.tex
Оценивание линейной регрессии на основе обобщенного метода наименьших модулей,"А.\,Н.~Тырсин, Л.\,А.~Соколов",Не найдено,tyrsin.tex
Осесимметричная графовая модель упругого тела с~переменным модулем упругости,"А.\,А.~Тырымов",Не найдено,tyrymov.tex
Не найдено,Не найдено,Не найдено,ubilei-1.tex
Не найдено,Не найдено,Не найдено,ubilei-2.tex
Не найдено,Не найдено,Не найдено,ubilei-budzko.tex
Не найдено,Не найдено,Не найдено,ubilei.tex
Не найдено,Не найдено,Не найдено,ubilei3.tex
Обратная задача для нелинейного уравнения с~псевдопараболическим оператором высокого~порядка,"Т.\,К.~Юлдашев",Не найдено,Uldashev.tex
Не найдено,Не найдено,Не найдено,ulianov.tex
Явный вид решения задачи Коши для линеаризованной системы уравнений фазового поля,"Х.\,Г.~Умаров",Не найдено,umar.tex
Не найдено,Не найдено,Не найдено,ungarova.tex
Структурные формы выделений C{\lowercase {u,"В.\,Н.~Урцев\inst{1",Не найдено,urcev.tex
Не найдено,Не найдено,Не найдено,urinov.tex
Не найдено,Не найдено,Не найдено,USH-ENG.TEX
Не найдено,Не найдено,Не найдено,ushakov.tex
Не найдено,Не найдено,Не найдено,ushakov1.tex
Не найдено,Не найдено,Не найдено,ushakovi.tex
Не найдено,Не найдено,Не найдено,ushmaev-2.tex
Не найдено,Не найдено,Не найдено,USHMAEV.TEX
Не найдено,Не найдено,Не найдено,Usmanova.tex
Способ решения краевых задач с~неявным применением рядов Тейлора,"А.\,А.~Усов",Не найдено,usov.tex
Структурный алгоритм распознавания предфрактального графа,"И.\,Х.~Утакаева",Не найдено,utakaeva.tex
Не найдено,Не найдено,Не найдено,utkina.tex
Не найдено,Не найдено,Не найдено,vagapova.tex
Численное решение краевой задачи для междупредельного дифференциального уравнения методом модифицированной прогонки,"В.\,А.~Чадаев",Не найдено,vaha.tex
Не найдено,Не найдено,Не найдено,vakulenko-zatsman.tex
Не найдено,Не найдено,Не найдено,vakulenko.tex
"Моделирование распределения остаточных напряжений в~уп\-роч\-н\""eн\-ных плоских деталях с~V-образными надрезами","В.\,С.~Вакулюк",Не найдено,vakuluk.tex
"Сосредоточенная сила вблизи вершины межфазной трещины с ж\""eсткой накладкой на е\""e берегу","Ю.\,О.~Васильева, В.\,В.~Сильвестров",Не найдено,vas-sil.tex
Не найдено,Не найдено,Не найдено,vasil.tex
Не найдено,Не найдено,Не найдено,vasilev.tex
Не найдено,Не найдено,Не найдено,vasiliev.tex
Влияние плотности дислокаций в никеле и железе на кинетику анодного процесса в хлористом электролите,"А.\,Д.~Васильев",Не найдено,vasilyev.tex
Не найдено,Не найдено,Не найдено,vaskan.tex
Классическая теорема Ляпунова для~дифференциальных уравнений в~гильбертовых~пространствах,"С.\,А.~Вавилов\inst{1",Не найдено,vavilov.tex
Не найдено,Не найдено,Не найдено,velmisov.tex
"О математическом моделировании процесса фрактальной
миграции загрязнений в~природных пористых системах","А.\,А.~Вендина",Не найдено,vendina.tex
Расширение лоренцевой симметрии до конформной в~пределе сверхвысоких энергий,"И.\,А.~Вернигора, Ю.\,Г.~Рудой",Не найдено,vernigora.tex
Не найдено,Не найдено,Не найдено,verveyko.tex
Не найдено,Не найдено,Не найдено,vi2.tex
Не найдено,Не найдено,Не найдено,vikhrev.tex
Не найдено,Не найдено,Не найдено,vikhrova.tex
Не найдено,Не найдено,Не найдено,vilz.tex
Не найдено,Не найдено,Не найдено,vinogr.tex
Не найдено,Не найдено,Не найдено,virchenko.tex
Не найдено,Не найдено,Не найдено,vla-kal.tex
Не найдено,Не найдено,Не найдено,vladimirov.tex
Асимптотический анализ процесса развития трещины гидравлического разрыва пласта,"В.\,И.~Астафьев",Не найдено,vlast.tex
Не найдено,Не найдено,Не найдено,vohmin.tex
Не найдено,Не найдено,Не найдено,voinov.tex
"Вариационное уравнение в двухслойной модели оболочки Работнова и~критическое время выпучивания
подкрепленных оболочек при~ползучести","Ю.\,М.~Волчков",Не найдено,volchkov.tex
Не найдено,Не найдено,Не найдено,volkov.tex
Не найдено,Не найдено,Не найдено,volodin.tex
Не найдено,Не найдено,Не найдено,volovdm.tex
Не найдено,Не найдено,Не найдено,volovich.tex
Не найдено,Не найдено,Не найдено,VORONOV.TEX
Не найдено,Не найдено,Не найдено,vostokin.tex
Не найдено,Не найдено,Не найдено,vovchenko.tex
Не найдено,Не найдено,Не найдено,vseavt-eng.TEX
Не найдено,Не найдено,Не найдено,VSEAVTORI.tex
Не найдено,Не найдено,Не найдено,watanabe.tex
Термодинамические исследования горения железо-алюминиевого термита,"В.\,В.~Яценко, А.\,П.~Амосов, А.\,Р.~Самборук",Не найдено,yacenko.tex
Не найдено,Не найдено,Не найдено,yadrintsev.tex
"Вычисление гипергеометрических рядов с~квазилинейной временной и~линейной \""eмкостной сложностью","С.\,В.~Яхонтов",Не найдено,yakhontov.tex
Не найдено,Не найдено,Не найдено,yakovenko.tex
Не найдено,Не найдено,Не найдено,yakovlev.tex
Одна характеристическая задача для дифференциального гиперболического уравнения третьего порядка общего вида с~некратными характеристиками,"Ю.\,О.~Яковлева",Не найдено,Yakovleva.tex
Не найдено,Не найдено,Не найдено,yankovskii.tex
"О некоторых свойствах решения задачи равнонапряж\""eнного армирования изгибаемых металлокомпозитных пластин, работающих в~условиях установившейся ползучести","А.\,П.~Янковский",Не найдено,yankovskiy.tex
Не найдено,Не найдено,Не найдено,yankovsky.tex
"Моделирование установившейся ползучести пространст\-венно""=армированных металлокомпозитов с~уч\""eтом анизотропии фазовых материалов","А.\,П.~Янковский",Не найдено,yankovskyi.tex
Не найдено,Не найдено,Не найдено,yanushko.tex
Не найдено,Не найдено,Не найдено,yanuskev.tex
"Интегральные представления и асимптотические формулы для обобщения функции типа Миттаг""--~Леффлера на случай двух переменных","Н.\,С.~Яшагин",Не найдено,yashagin.tex
К вопросу о биомеханике позвоночника,"А.\,В.~Яшков\inst{1",Не найдено,yashkov.tex
"Численное моделирование модифицированной схемы Перона""--~Малика в задачах фильтрации цветных изображений","А.\,А.~Юдашкин\inst{1",Не найдено,yudashkin.tex
Не найдено,Не найдено,Не найдено,yuldashev.tex
Не найдено,Не найдено,Не найдено,ZAB70.TEX
"Решение пространственной  нелинейной задачи

  ползучести для среды со случайными реологическими характеристиками","Н.\,Н.~Попов, С.\,А.~Забелин",Не найдено,Zabelin.tex
Не найдено,Не найдено,Не найдено,zabezhailo.tex
"Операторы св\""eртки Данкла и многоточечная задача Валле""--~Пуссена","К.\,Р.~Забирова\inst1, В.\,В.~Напалков\inst2",Не найдено,zabirova.tex
Не найдено,Не найдено,Не найдено,zac-ion.tex
Не найдено,Не найдено,Не найдено,zac-kis.tex
Не найдено,Не найдено,Не найдено,zagorulko.tex
Не найдено,Не найдено,Не найдено,zah-shest.tex
Не найдено,Не найдено,Не найдено,ZAHAR.TEX
Не найдено,Не найдено,Не найдено,zaharov-goncharenko.tex
Не найдено,Не найдено,Не найдено,ZAHAROV.TEX
Не найдено,Не найдено,Не найдено,zaharova-new.tex
Не найдено,Не найдено,Не найдено,zaharova.tex
Не найдено,Не найдено,Не найдено,zaikina.tex
"Упругое равновесие тяж\""eлой трансверсально""=изотропной толстостенной сферы с~ж\""eстко закрепленной внутренней  поверхностью","А.\,В.~Зайцев, А.\,А.~Фукалов",Не найдено,zaitsev.tex
Не найдено,Не найдено,Не найдено,zaitseva.tex
Нелокальная краевая задача для $B-$гиперболического уравнения в прямоугольной области,"Н.\,В.~Зайцева",Не найдено,ZaitsevaNV_╨б╨░╨╝╨У╨в╨г_2016.tex
Не найдено,Не найдено,Не найдено,zakh-old.tex
Не найдено,Не найдено,Не найдено,zakh.tex
Не найдено,Не найдено,Не найдено,zakharov.tex
Не найдено,Не найдено,Не найдено,zakharova.tex
Приближенное решение обратной спектральной задачи для оператора Лапласа,"Г.\,А.~Закирова",Не найдено,zakirova.tex
Не найдено,Не найдено,Не найдено,ZAKS.TEX
Не найдено,Не найдено,Не найдено,zaliznyk.tex
Не найдено,Не найдено,Не найдено,ZAMOV60.TEX
Уравнения соболевского типа второго порядка с~относительно диссипативным пучком операторов,"А.\,А.~Замышляева, О.\,Н.~Цыпленкова",Не найдено,zamyshlyaeva.tex
Не найдено,Не найдено,Не найдено,zaripov.tex
Не найдено,Не найдено,Не найдено,zaryadov.tex
Не найдено,Не найдено,Не найдено,zat+kor.tex
Не найдено,Не найдено,Не найдено,zat-gar.tex
Не найдено,Не найдено,Не найдено,zat-garanin.tex
Не найдено,Не найдено,Не найдено,zat-ion.tex
Не найдено,Не найдено,Не найдено,zat-koz.tex
Не найдено,Не найдено,Не найдено,zat-suchkov.tex
Не найдено,Не найдено,Не найдено,zat-zol.tex
Не найдено,Не найдено,Не найдено,zatc-ion.tex
Не найдено,Не найдено,Не найдено,zats+kondr+such.tex
Не найдено,Не найдено,Не найдено,zats+kor.tex
Не найдено,Не найдено,Не найдено,zats-gar.tex
Не найдено,Не найдено,Не найдено,zats-kis.tex
Не найдено,Не найдено,Не найдено,zats.tex
Не найдено,Не найдено,Не найдено,zatsar+kozl.tex
Не найдено,Не найдено,Не найдено,zatsar-ion.tex
Не найдено,Не найдено,Не найдено,zatsar-ionenkov.tex
Не найдено,Не найдено,Не найдено,zatsar.tex
Не найдено,Не найдено,Не найдено,zatsarin.tex
Не найдено,Не найдено,Не найдено,ZATSMAN.TEX
Не найдено,Не найдено,Не найдено,ZATZAR.TEX
Не найдено,Не найдено,Не найдено,zausaev.tex
Применение метода регуляризации к~дифференциальным уравнениям движения комет,"А.\,Ф.~Заусаев, Л.\,А.~Соловьев",Не найдено,zausaev2.tex
Определение параметров двумерных динамических процессов на основе разностных схем,"М.\,А.~Заусаева, В.\,Е.~Зотеев",Не найдено,zausaeva.tex
Исследование эффективности алгоритмов метода Эверхарта с~высоким порядком аппроксимирующих формул,"А.\,А.~Заусаев",Не найдено,zausaev_aa.tex
"Сравнительный анализ математических моделей для оценки вероятности столкновения  астероида~Апофис с~Земл\""eй","А.\,Ф.~Заусаев, А.\,Е.~Деревянка",Не найдено,zausaev_af.tex
"Взаимодействие ударных волн с~областью неравновесности в~колебательно""=возбужденном газе","Д.\,И.~Завершинский\, В.\,Г.~Макарян, \,Д.\,П.~Порфирьев",Не найдено,zavershinskiy.tex
Не найдено,Не найдено,Не найдено,zaynullov.tex
Не найдено,Не найдено,Не найдено,zeif-raz.tex
Не найдено,Не найдено,Не найдено,zeifman.tex
Не найдено,Не найдено,Не найдено,ZEIFMANN.TEX
\lowercase{p,"Е.\,И.~Зеленов",Не найдено,zelenov.tex
Не найдено,Не найдено,Не найдено,zhaharov.tex
Не найдено,Не найдено,Не найдено,zhdanov.tex
"Об одном численно устойчивом алгоритме решения систем линейных алгебраических

уравнений неполного ранга","А.\,И.~Жданов",Не найдено,zhdanovAI.tex
Не найдено,Не найдено,Не найдено,zhelenkova.tex
Не найдено,Не найдено,Не найдено,zhevn.tex
Не найдено,Не найдено,Не найдено,zhukov.tex
"Метод обобщ\""eнных подстановок Коула""--~Хопфа в~теории конечномерных нелинейных динамических~систем","В.\,М.~Журавлев, К.\,С.~Обрубов",Не найдено,zhuravlev.tex
Случайно возмущенные динамические модели и~метод максимальной энтропии,"В.\,М.~Журавлев, П.\,П.~Миронов",Не найдено,zh_mir.tex
Не найдено,Не найдено,Не найдено,zmeev.tex
Не найдено,Не найдено,Не найдено,zorin.tex
Не найдено,Не найдено,Не найдено,zoteev.tex
"Ультраметрическая динамика для замкнутых фрактально""=кластерных ресурсных моделей","В.\,Т.~Волов, А.\,П.~Зубарев",Не найдено,zubarev_volov.tex
Не найдено,Не найдено,Не найдено,zykin.tex
Не найдено,Не найдено,Не найдено,zykova.tex
